pool,qid,stratum,arm,mode,t,recall10,mrr10,ndcg10,n_rel_in_arm,reachable,union10_hit,page_hit,first_rank,best_cov_top10
FRESH,T002,table,A,hybrid,0.4,1,0.2,0.38685280723454163,1,1,1,1,5,1.0
FRESH,T002,table,A,hybrid,0.5,1,0.2,0.38685280723454163,1,1,1,1,5,1.0
FRESH,T002,table,A,hybrid,0.6,1,0.2,0.38685280723454163,1,1,1,1,5,1.0
FRESH,T002,table,A,hybrid,0.7,1,0.2,0.38685280723454163,1,1,1,1,5,1.0
FRESH,T002,table,A,hybrid,0.8,1,0.2,0.38685280723454163,1,1,1,1,5,1.0
FRESH,T002,table,A,dense,0.4,0,0.0,0.0,1,1,1,1,0,0.2777777777777778
FRESH,T002,table,A,dense,0.5,0,0.0,0.0,1,1,1,1,0,0.2777777777777778
FRESH,T002,table,A,dense,0.6,0,0.0,0.0,1,1,0,1,0,0.2777777777777778
FRESH,T002,table,A,dense,0.7,0,0.0,0.0,1,1,0,1,0,0.2777777777777778
FRESH,T002,table,A,dense,0.8,0,0.0,0.0,1,1,0,1,0,0.2777777777777778
FRESH,T002,table,A,sparse,0.4,1,0.2,0.38685280723454163,1,1,1,1,5,1.0
FRESH,T002,table,A,sparse,0.5,1,0.2,0.38685280723454163,1,1,1,1,5,1.0
FRESH,T002,table,A,sparse,0.6,1,0.2,0.38685280723454163,1,1,1,1,5,1.0
FRESH,T002,table,A,sparse,0.7,1,0.2,0.38685280723454163,1,1,1,1,5,1.0
FRESH,T002,table,A,sparse,0.8,1,0.2,0.38685280723454163,1,1,1,1,5,1.0
FRESH,T002,table,B,hybrid,0.4,0,0.0,0.0,1,1,1,1,0,0.3888888888888889
FRESH,T002,table,B,hybrid,0.5,0,0.0,0.0,1,1,0,1,0,0.3888888888888889
FRESH,T002,table,B,hybrid,0.6,0,0.0,0.0,1,1,0,1,0,0.3888888888888889
FRESH,T002,table,B,hybrid,0.7,0,0.0,0.0,1,1,0,1,0,0.3888888888888889
FRESH,T002,table,B,hybrid,0.8,0,0.0,0.0,1,1,0,1,0,0.3888888888888889
FRESH,T002,table,B,dense,0.4,0,0.0,0.0,1,1,1,1,0,0.2638888888888889
FRESH,T002,table,B,dense,0.5,0,0.0,0.0,1,1,1,1,0,0.2638888888888889
FRESH,T002,table,B,dense,0.6,0,0.0,0.0,1,1,0,1,0,0.2638888888888889
FRESH,T002,table,B,dense,0.7,0,0.0,0.0,1,1,0,1,0,0.2638888888888889
FRESH,T002,table,B,dense,0.8,0,0.0,0.0,1,1,0,1,0,0.2638888888888889
FRESH,T002,table,B,sparse,0.4,0,0.0,0.0,1,1,1,1,0,0.3888888888888889
FRESH,T002,table,B,sparse,0.5,0,0.0,0.0,1,1,0,1,0,0.3888888888888889
FRESH,T002,table,B,sparse,0.6,0,0.0,0.0,1,1,0,1,0,0.3888888888888889
FRESH,T002,table,B,sparse,0.7,0,0.0,0.0,1,1,0,1,0,0.3888888888888889
FRESH,T002,table,B,sparse,0.8,0,0.0,0.0,1,1,0,1,0,0.3888888888888889
FRESH,T005,table,A,hybrid,0.4,0,0.0,0.0,4,1,1,0,0,0.3
FRESH,T005,table,A,hybrid,0.5,0,0.0,0.0,2,1,1,0,0,0.3
FRESH,T005,table,A,hybrid,0.6,0,0.0,0.0,2,1,0,0,0,0.3
FRESH,T005,table,A,hybrid,0.7,0,0.0,0.0,1,1,0,0,0,0.3
FRESH,T005,table,A,hybrid,0.8,0,0.0,0.0,1,1,0,0,0,0.3
FRESH,T005,table,A,dense,0.4,0,0.0,0.0,4,1,1,0,0,0.3
FRESH,T005,table,A,dense,0.5,0,0.0,0.0,2,1,1,0,0,0.3
FRESH,T005,table,A,dense,0.6,0,0.0,0.0,2,1,0,0,0,0.3
FRESH,T005,table,A,dense,0.7,0,0.0,0.0,1,1,0,0,0,0.3
FRESH,T005,table,A,dense,0.8,0,0.0,0.0,1,1,0,0,0,0.3
FRESH,T005,table,A,sparse,0.4,0,0.0,0.0,4,1,1,0,0,0.22
FRESH,T005,table,A,sparse,0.5,0,0.0,0.0,2,1,1,0,0,0.22
FRESH,T005,table,A,sparse,0.6,0,0.0,0.0,2,1,0,0,0,0.22
FRESH,T005,table,A,sparse,0.7,0,0.0,0.0,1,1,0,0,0,0.22
FRESH,T005,table,A,sparse,0.8,0,0.0,0.0,1,1,0,0,0,0.22
FRESH,T005,table,B,hybrid,0.4,0,0.0,0.0,6,1,1,1,0,0.24
FRESH,T005,table,B,hybrid,0.5,0,0.0,0.0,2,1,1,1,0,0.24
FRESH,T005,table,B,hybrid,0.6,0,0.0,0.0,2,1,1,1,0,0.24
FRESH,T005,table,B,hybrid,0.7,0,0.0,0.0,1,1,0,1,0,0.24
FRESH,T005,table,B,hybrid,0.8,0,0.0,0.0,1,1,0,1,0,0.24
FRESH,T005,table,B,dense,0.4,0,0.0,0.0,6,1,1,1,0,0.24
FRESH,T005,table,B,dense,0.5,0,0.0,0.0,2,1,1,1,0,0.24
FRESH,T005,table,B,dense,0.6,0,0.0,0.0,2,1,1,1,0,0.24
FRESH,T005,table,B,dense,0.7,0,0.0,0.0,1,1,0,1,0,0.24
FRESH,T005,table,B,dense,0.8,0,0.0,0.0,1,1,0,1,0,0.24
FRESH,T005,table,B,sparse,0.4,0,0.0,0.0,6,1,1,1,0,0.24
FRESH,T005,table,B,sparse,0.5,0,0.0,0.0,2,1,1,1,0,0.24
FRESH,T005,table,B,sparse,0.6,0,0.0,0.0,2,1,1,1,0,0.24
FRESH,T005,table,B,sparse,0.7,0,0.0,0.0,1,1,0,1,0,0.24
FRESH,T005,table,B,sparse,0.8,0,0.0,0.0,1,1,0,1,0,0.24
FRESH,T007,table,A,hybrid,0.4,1,0.3333333333333333,0.5,1,1,1,1,3,1.0
FRESH,T007,table,A,hybrid,0.5,1,0.3333333333333333,0.5,1,1,1,1,3,1.0
FRESH,T007,table,A,hybrid,0.6,1,0.3333333333333333,0.5,1,1,1,1,3,1.0
FRESH,T007,table,A,hybrid,0.7,1,0.3333333333333333,0.5,1,1,1,1,3,1.0
FRESH,T007,table,A,hybrid,0.8,1,0.3333333333333333,0.5,1,1,1,1,3,1.0
FRESH,T007,table,A,dense,0.4,1,0.3333333333333333,0.5,1,1,1,1,3,1.0
FRESH,T007,table,A,dense,0.5,1,0.3333333333333333,0.5,1,1,1,1,3,1.0
FRESH,T007,table,A,dense,0.6,1,0.3333333333333333,0.5,1,1,1,1,3,1.0
FRESH,T007,table,A,dense,0.7,1,0.3333333333333333,0.5,1,1,1,1,3,1.0
FRESH,T007,table,A,dense,0.8,1,0.3333333333333333,0.5,1,1,1,1,3,1.0
FRESH,T007,table,A,sparse,0.4,1,0.3333333333333333,0.5,1,1,1,1,3,1.0
FRESH,T007,table,A,sparse,0.5,1,0.3333333333333333,0.5,1,1,1,1,3,1.0
FRESH,T007,table,A,sparse,0.6,1,0.3333333333333333,0.5,1,1,1,1,3,1.0
FRESH,T007,table,A,sparse,0.7,1,0.3333333333333333,0.5,1,1,1,1,3,1.0
FRESH,T007,table,A,sparse,0.8,1,0.3333333333333333,0.5,1,1,1,1,3,1.0
FRESH,T007,table,B,hybrid,0.4,1,0.5,0.6309297535714575,1,1,1,1,2,1.0
FRESH,T007,table,B,hybrid,0.5,1,0.5,0.6309297535714575,1,1,1,1,2,1.0
FRESH,T007,table,B,hybrid,0.6,1,0.5,0.6309297535714575,1,1,1,1,2,1.0
FRESH,T007,table,B,hybrid,0.7,1,0.5,0.6309297535714575,1,1,1,1,2,1.0
FRESH,T007,table,B,hybrid,0.8,1,0.5,0.6309297535714575,1,1,1,1,2,1.0
FRESH,T007,table,B,dense,0.4,1,0.5,0.6309297535714575,1,1,1,1,2,1.0
FRESH,T007,table,B,dense,0.5,1,0.5,0.6309297535714575,1,1,1,1,2,1.0
FRESH,T007,table,B,dense,0.6,1,0.5,0.6309297535714575,1,1,1,1,2,1.0
FRESH,T007,table,B,dense,0.7,1,0.5,0.6309297535714575,1,1,1,1,2,1.0
FRESH,T007,table,B,dense,0.8,1,0.5,0.6309297535714575,1,1,1,1,2,1.0
FRESH,T007,table,B,sparse,0.4,1,0.5,0.6309297535714575,1,1,1,1,2,1.0
FRESH,T007,table,B,sparse,0.5,1,0.5,0.6309297535714575,1,1,1,1,2,1.0
FRESH,T007,table,B,sparse,0.6,1,0.5,0.6309297535714575,1,1,1,1,2,1.0
FRESH,T007,table,B,sparse,0.7,1,0.5,0.6309297535714575,1,1,1,1,2,1.0
FRESH,T007,table,B,sparse,0.8,1,0.5,0.6309297535714575,1,1,1,1,2,1.0
FRESH,T008,table,A,hybrid,0.4,0,0.0,0.0,3,1,1,0,0,0.3333333333333333
FRESH,T008,table,A,hybrid,0.5,0,0.0,0.0,3,1,1,0,0,0.3333333333333333
FRESH,T008,table,A,hybrid,0.6,0,0.0,0.0,2,1,1,0,0,0.3333333333333333
FRESH,T008,table,A,hybrid,0.7,0,0.0,0.0,1,1,1,0,0,0.3333333333333333
FRESH,T008,table,A,hybrid,0.8,0,0.0,0.0,1,1,0,0,0,0.3333333333333333
FRESH,T008,table,A,dense,0.4,0,0.0,0.0,3,1,1,0,0,0.2
FRESH,T008,table,A,dense,0.5,0,0.0,0.0,3,1,1,0,0,0.2
FRESH,T008,table,A,dense,0.6,0,0.0,0.0,2,1,1,0,0,0.2
FRESH,T008,table,A,dense,0.7,0,0.0,0.0,1,1,0,0,0,0.2
FRESH,T008,table,A,dense,0.8,0,0.0,0.0,1,1,0,0,0,0.2
FRESH,T008,table,A,sparse,0.4,0,0.0,0.0,3,1,1,0,0,0.3333333333333333
FRESH,T008,table,A,sparse,0.5,0,0.0,0.0,3,1,1,0,0,0.3333333333333333
FRESH,T008,table,A,sparse,0.6,0,0.0,0.0,2,1,1,0,0,0.3333333333333333
FRESH,T008,table,A,sparse,0.7,0,0.0,0.0,1,1,1,0,0,0.3333333333333333
FRESH,T008,table,A,sparse,0.8,0,0.0,0.0,1,1,1,0,0,0.3333333333333333
FRESH,T008,table,B,hybrid,0.4,1,1.0,0.27487633291429087,7,1,1,1,1,1.0
FRESH,T008,table,B,hybrid,0.5,1,1.0,0.27487633291429087,7,1,1,1,1,1.0
FRESH,T008,table,B,hybrid,0.6,1,1.0,0.6131471927654584,2,1,1,1,1,1.0
FRESH,T008,table,B,hybrid,0.7,1,1.0,1.0,1,1,1,1,1,1.0
FRESH,T008,table,B,hybrid,0.8,1,1.0,1.0,1,1,1,1,1,1.0
FRESH,T008,table,B,dense,0.4,1,1.0,0.27487633291429087,7,1,1,1,1,1.0
FRESH,T008,table,B,dense,0.5,1,1.0,0.27487633291429087,7,1,1,1,1,1.0
FRESH,T008,table,B,dense,0.6,1,1.0,0.6131471927654584,2,1,1,1,1,1.0
FRESH,T008,table,B,dense,0.7,1,1.0,1.0,1,1,1,1,1,1.0
FRESH,T008,table,B,dense,0.8,1,1.0,1.0,1,1,1,1,1,1.0
FRESH,T008,table,B,sparse,0.4,1,1.0,0.27487633291429087,7,1,1,1,1,1.0
FRESH,T008,table,B,sparse,0.5,1,1.0,0.27487633291429087,7,1,1,1,1,1.0
FRESH,T008,table,B,sparse,0.6,1,1.0,0.6131471927654584,2,1,1,1,1,1.0
FRESH,T008,table,B,sparse,0.7,1,1.0,1.0,1,1,1,1,1,1.0
FRESH,T008,table,B,sparse,0.8,1,1.0,1.0,1,1,1,1,1,1.0
FRESH,T011,table,A,hybrid,0.4,1,1.0,1.0,1,1,1,1,1,1.0
FRESH,T011,table,A,hybrid,0.5,1,1.0,1.0,1,1,1,1,1,1.0
FRESH,T011,table,A,hybrid,0.6,1,1.0,1.0,1,1,1,1,1,1.0
FRESH,T011,table,A,hybrid,0.7,1,1.0,1.0,1,1,1,1,1,1.0
FRESH,T011,table,A,hybrid,0.8,1,1.0,1.0,1,1,1,1,1,1.0
FRESH,T011,table,A,dense,0.4,1,1.0,1.0,1,1,1,1,1,1.0
FRESH,T011,table,A,dense,0.5,1,1.0,1.0,1,1,1,1,1,1.0
FRESH,T011,table,A,dense,0.6,1,1.0,1.0,1,1,1,1,1,1.0
FRESH,T011,table,A,dense,0.7,1,1.0,1.0,1,1,1,1,1,1.0
FRESH,T011,table,A,dense,0.8,1,1.0,1.0,1,1,1,1,1,1.0
FRESH,T011,table,A,sparse,0.4,1,1.0,1.0,1,1,1,1,1,1.0
FRESH,T011,table,A,sparse,0.5,1,1.0,1.0,1,1,1,1,1,1.0
FRESH,T011,table,A,sparse,0.6,1,1.0,1.0,1,1,1,1,1,1.0
FRESH,T011,table,A,sparse,0.7,1,1.0,1.0,1,1,1,1,1,1.0
FRESH,T011,table,A,sparse,0.8,1,1.0,1.0,1,1,1,1,1,1.0
FRESH,T011,table,B,hybrid,0.4,1,1.0,1.0,1,1,1,1,1,1.0
FRESH,T011,table,B,hybrid,0.5,1,1.0,1.0,1,1,1,1,1,1.0
FRESH,T011,table,B,hybrid,0.6,1,1.0,1.0,1,1,1,1,1,1.0
FRESH,T011,table,B,hybrid,0.7,1,1.0,1.0,1,1,1,1,1,1.0
FRESH,T011,table,B,hybrid,0.8,1,1.0,1.0,1,1,1,1,1,1.0
FRESH,T011,table,B,dense,0.4,1,1.0,1.0,1,1,1,1,1,1.0
FRESH,T011,table,B,dense,0.5,1,1.0,1.0,1,1,1,1,1,1.0
FRESH,T011,table,B,dense,0.6,1,1.0,1.0,1,1,1,1,1,1.0
FRESH,T011,table,B,dense,0.7,1,1.0,1.0,1,1,1,1,1,1.0
FRESH,T011,table,B,dense,0.8,1,1.0,1.0,1,1,1,1,1,1.0
FRESH,T011,table,B,sparse,0.4,1,1.0,1.0,1,1,1,1,1,1.0
FRESH,T011,table,B,sparse,0.5,1,1.0,1.0,1,1,1,1,1,1.0
FRESH,T011,table,B,sparse,0.6,1,1.0,1.0,1,1,1,1,1,1.0
FRESH,T011,table,B,sparse,0.7,1,1.0,1.0,1,1,1,1,1,1.0
FRESH,T011,table,B,sparse,0.8,1,1.0,1.0,1,1,1,1,1,1.0
FRESH,T012,table,A,hybrid,0.4,0,0.0,0.0,1,1,1,0,0,0.29545454545454547
FRESH,T012,table,A,hybrid,0.5,0,0.0,0.0,1,1,0,0,0,0.29545454545454547
FRESH,T012,table,A,hybrid,0.6,0,0.0,0.0,1,1,0,0,0,0.29545454545454547
FRESH,T012,table,A,hybrid,0.7,0,0.0,0.0,1,1,0,0,0,0.29545454545454547
FRESH,T012,table,A,hybrid,0.8,0,0.0,0.0,1,1,0,0,0,0.29545454545454547
FRESH,T012,table,A,dense,0.4,0,0.0,0.0,1,1,1,0,0,0.29545454545454547
FRESH,T012,table,A,dense,0.5,0,0.0,0.0,1,1,0,0,0,0.29545454545454547
FRESH,T012,table,A,dense,0.6,0,0.0,0.0,1,1,0,0,0,0.29545454545454547
FRESH,T012,table,A,dense,0.7,0,0.0,0.0,1,1,0,0,0,0.29545454545454547
FRESH,T012,table,A,dense,0.8,0,0.0,0.0,1,1,0,0,0,0.29545454545454547
FRESH,T012,table,A,sparse,0.4,0,0.0,0.0,1,1,1,0,0,0.29545454545454547
FRESH,T012,table,A,sparse,0.5,0,0.0,0.0,1,1,0,0,0,0.29545454545454547
FRESH,T012,table,A,sparse,0.6,0,0.0,0.0,1,1,0,0,0,0.29545454545454547
FRESH,T012,table,A,sparse,0.7,0,0.0,0.0,1,1,0,0,0,0.29545454545454547
FRESH,T012,table,A,sparse,0.8,0,0.0,0.0,1,1,0,0,0,0.29545454545454547
FRESH,T012,table,B,hybrid,0.4,1,1.0,1.0,1,1,1,1,1,1.0
FRESH,T012,table,B,hybrid,0.5,1,1.0,1.0,1,1,1,1,1,1.0
FRESH,T012,table,B,hybrid,0.6,1,1.0,1.0,1,1,1,1,1,1.0
FRESH,T012,table,B,hybrid,0.7,1,1.0,1.0,1,1,1,1,1,1.0
FRESH,T012,table,B,hybrid,0.8,1,1.0,1.0,1,1,1,1,1,1.0
FRESH,T012,table,B,dense,0.4,1,1.0,1.0,1,1,1,1,1,1.0
FRESH,T012,table,B,dense,0.5,1,1.0,1.0,1,1,1,1,1,1.0
FRESH,T012,table,B,dense,0.6,1,1.0,1.0,1,1,1,1,1,1.0
FRESH,T012,table,B,dense,0.7,1,1.0,1.0,1,1,1,1,1,1.0
FRESH,T012,table,B,dense,0.8,1,1.0,1.0,1,1,1,1,1,1.0
FRESH,T012,table,B,sparse,0.4,1,1.0,1.0,1,1,1,1,1,1.0
FRESH,T012,table,B,sparse,0.5,1,1.0,1.0,1,1,1,1,1,1.0
FRESH,T012,table,B,sparse,0.6,1,1.0,1.0,1,1,1,1,1,1.0
FRESH,T012,table,B,sparse,0.7,1,1.0,1.0,1,1,1,1,1,1.0
FRESH,T012,table,B,sparse,0.8,1,1.0,1.0,1,1,1,1,1,1.0
FRESH,T014,table,A,hybrid,0.4,0,0.0,0.0,9,1,1,1,0,0.21818181818181817
FRESH,T014,table,A,hybrid,0.5,0,0.0,0.0,9,1,1,1,0,0.21818181818181817
FRESH,T014,table,A,hybrid,0.6,0,0.0,0.0,5,1,1,1,0,0.21818181818181817
FRESH,T014,table,A,hybrid,0.7,0,0.0,0.0,5,1,0,1,0,0.21818181818181817
FRESH,T014,table,A,hybrid,0.8,0,0.0,0.0,5,1,0,1,0,0.21818181818181817
FRESH,T014,table,A,dense,0.4,0,0.0,0.0,9,1,1,1,0,0.21818181818181817
FRESH,T014,table,A,dense,0.5,0,0.0,0.0,9,1,1,1,0,0.21818181818181817
FRESH,T014,table,A,dense,0.6,0,0.0,0.0,5,1,0,1,0,0.21818181818181817
FRESH,T014,table,A,dense,0.7,0,0.0,0.0,5,1,0,1,0,0.21818181818181817
FRESH,T014,table,A,dense,0.8,0,0.0,0.0,5,1,0,1,0,0.21818181818181817
FRESH,T014,table,A,sparse,0.4,0,0.0,0.0,9,1,1,1,0,0.14545454545454545
FRESH,T014,table,A,sparse,0.5,0,0.0,0.0,9,1,0,1,0,0.14545454545454545
FRESH,T014,table,A,sparse,0.6,0,0.0,0.0,5,1,0,1,0,0.14545454545454545
FRESH,T014,table,A,sparse,0.7,0,0.0,0.0,5,1,0,1,0,0.14545454545454545
FRESH,T014,table,A,sparse,0.8,0,0.0,0.0,5,1,0,1,0,0.14545454545454545
FRESH,T014,table,B,hybrid,0.4,0,0.0,0.0,7,1,1,1,0,0.18181818181818182
FRESH,T014,table,B,hybrid,0.5,0,0.0,0.0,7,1,1,1,0,0.18181818181818182
FRESH,T014,table,B,hybrid,0.6,0,0.0,0.0,4,1,0,1,0,0.18181818181818182
FRESH,T014,table,B,hybrid,0.7,0,0.0,0.0,4,1,0,1,0,0.18181818181818182
FRESH,T014,table,B,hybrid,0.8,0,0.0,0.0,4,1,0,1,0,0.18181818181818182
FRESH,T014,table,B,dense,0.4,0,0.0,0.0,7,1,1,1,0,0.12727272727272726
FRESH,T014,table,B,dense,0.5,0,0.0,0.0,7,1,0,1,0,0.12727272727272726
FRESH,T014,table,B,dense,0.6,0,0.0,0.0,4,1,0,1,0,0.12727272727272726
FRESH,T014,table,B,dense,0.7,0,0.0,0.0,4,1,0,1,0,0.12727272727272726
FRESH,T014,table,B,dense,0.8,0,0.0,0.0,4,1,0,1,0,0.12727272727272726
FRESH,T014,table,B,sparse,0.4,0,0.0,0.0,7,1,1,1,0,0.18181818181818182
FRESH,T014,table,B,sparse,0.5,0,0.0,0.0,7,1,1,1,0,0.18181818181818182
FRESH,T014,table,B,sparse,0.6,0,0.0,0.0,4,1,1,1,0,0.18181818181818182
FRESH,T014,table,B,sparse,0.7,0,0.0,0.0,4,1,0,1,0,0.18181818181818182
FRESH,T014,table,B,sparse,0.8,0,0.0,0.0,4,1,0,1,0,0.18181818181818182
FRESH,T015,table,A,hybrid,0.4,1,0.3333333333333333,0.2437748474873753,7,1,1,1,3,1.0
FRESH,T015,table,A,hybrid,0.5,1,0.3333333333333333,0.30078518014914984,5,1,1,1,3,1.0
FRESH,T015,table,A,hybrid,0.6,1,0.3333333333333333,0.30078518014914984,5,1,1,1,3,1.0
FRESH,T015,table,A,hybrid,0.7,1,0.3333333333333333,0.5437713091520254,2,1,1,1,3,1.0
FRESH,T015,table,A,hybrid,0.8,1,0.3333333333333333,0.5437713091520254,2,1,1,1,3,1.0
FRESH,T015,table,A,dense,0.4,1,0.5,0.4612702997430422,7,1,1,1,2,1.0
FRESH,T015,table,A,dense,0.5,1,0.5,0.5691451420674094,5,1,1,1,2,1.0
FRESH,T015,table,A,dense,0.6,1,0.5,0.5691451420674094,5,1,1,1,2,1.0
FRESH,T015,table,A,dense,0.7,1,0.5,0.6509209298071326,2,1,1,1,2,1.0
FRESH,T015,table,A,dense,0.8,1,0.5,0.6509209298071326,2,1,1,1,2,1.0
FRESH,T015,table,A,sparse,0.4,1,0.5,0.2918104499436024,7,1,1,1,2,1.0
FRESH,T015,table,A,sparse,0.5,1,0.5,0.36005461457723403,5,1,1,1,2,1.0
FRESH,T015,table,A,sparse,0.6,1,0.5,0.36005461457723403,5,1,1,1,2,1.0
FRESH,T015,table,A,sparse,0.7,1,0.5,0.6509209298071326,2,1,1,1,2,1.0
FRESH,T015,table,A,sparse,0.8,1,0.5,0.6509209298071326,2,1,1,1,2,1.0
FRESH,T015,table,B,hybrid,0.4,1,1.0,0.31488013066763093,15,1,1,1,1,0.6575342465753424
FRESH,T015,table,B,hybrid,0.5,1,1.0,0.2529427027676571,8,1,1,1,1,0.6575342465753424
FRESH,T015,table,B,hybrid,0.6,1,1.0,0.2529427027676571,8,1,1,1,1,0.6575342465753424
FRESH,T015,table,B,hybrid,0.7,0,0.0,0.0,2,1,0,1,0,0.6575342465753424
FRESH,T015,table,B,hybrid,0.8,0,0.0,0.0,2,1,0,1,0,0.6575342465753424
FRESH,T015,table,B,dense,0.4,1,1.0,0.31488013066763093,15,1,1,1,1,0.6575342465753424
FRESH,T015,table,B,dense,0.5,1,1.0,0.2529427027676571,8,1,1,1,1,0.6575342465753424
FRESH,T015,table,B,dense,0.6,1,1.0,0.2529427027676571,8,1,1,1,1,0.6575342465753424
FRESH,T015,table,B,dense,0.7,0,0.0,0.0,2,1,0,1,0,0.6575342465753424
FRESH,T015,table,B,dense,0.8,0,0.0,0.0,2,1,0,1,0,0.6575342465753424
FRESH,T015,table,B,sparse,0.4,1,1.0,0.31488013066763093,15,1,1,1,1,0.6575342465753424
FRESH,T015,table,B,sparse,0.5,1,1.0,0.2529427027676571,8,1,1,1,1,0.6575342465753424
FRESH,T015,table,B,sparse,0.6,1,1.0,0.2529427027676571,8,1,1,1,1,0.6575342465753424
FRESH,T015,table,B,sparse,0.7,0,0.0,0.0,2,1,0,1,0,0.6575342465753424
FRESH,T015,table,B,sparse,0.8,0,0.0,0.0,2,1,0,1,0,0.6575342465753424
FRESH,T016,table,A,hybrid,0.4,1,1.0,1.0,1,1,1,1,1,1.0
FRESH,T016,table,A,hybrid,0.5,1,1.0,1.0,1,1,1,1,1,1.0
FRESH,T016,table,A,hybrid,0.6,1,1.0,1.0,1,1,1,1,1,1.0
FRESH,T016,table,A,hybrid,0.7,1,1.0,1.0,1,1,1,1,1,1.0
FRESH,T016,table,A,hybrid,0.8,1,1.0,1.0,1,1,1,1,1,1.0
FRESH,T016,table,A,dense,0.4,0,0.0,0.0,1,1,0,1,0,0.08888888888888889
FRESH,T016,table,A,dense,0.5,0,0.0,0.0,1,1,0,1,0,0.08888888888888889
FRESH,T016,table,A,dense,0.6,0,0.0,0.0,1,1,0,1,0,0.08888888888888889
FRESH,T016,table,A,dense,0.7,0,0.0,0.0,1,1,0,1,0,0.08888888888888889
FRESH,T016,table,A,dense,0.8,0,0.0,0.0,1,1,0,1,0,0.08888888888888889
FRESH,T016,table,A,sparse,0.4,1,1.0,1.0,1,1,1,1,1,1.0
FRESH,T016,table,A,sparse,0.5,1,1.0,1.0,1,1,1,1,1,1.0
FRESH,T016,table,A,sparse,0.6,1,1.0,1.0,1,1,1,1,1,1.0
FRESH,T016,table,A,sparse,0.7,1,1.0,1.0,1,1,1,1,1,1.0
FRESH,T016,table,A,sparse,0.8,1,1.0,1.0,1,1,1,1,1,1.0
FRESH,T016,table,B,hybrid,0.4,1,1.0,1.0,1,1,1,1,1,1.0
FRESH,T016,table,B,hybrid,0.5,1,1.0,1.0,1,1,1,1,1,1.0
FRESH,T016,table,B,hybrid,0.6,1,1.0,1.0,1,1,1,1,1,1.0
FRESH,T016,table,B,hybrid,0.7,1,1.0,1.0,1,1,1,1,1,1.0
FRESH,T016,table,B,hybrid,0.8,1,1.0,1.0,1,1,1,1,1,1.0
FRESH,T016,table,B,dense,0.4,1,1.0,1.0,1,1,1,1,1,1.0
FRESH,T016,table,B,dense,0.5,1,1.0,1.0,1,1,1,1,1,1.0
FRESH,T016,table,B,dense,0.6,1,1.0,1.0,1,1,1,1,1,1.0
FRESH,T016,table,B,dense,0.7,1,1.0,1.0,1,1,1,1,1,1.0
FRESH,T016,table,B,dense,0.8,1,1.0,1.0,1,1,1,1,1,1.0
FRESH,T016,table,B,sparse,0.4,1,1.0,1.0,1,1,1,1,1,1.0
FRESH,T016,table,B,sparse,0.5,1,1.0,1.0,1,1,1,1,1,1.0
FRESH,T016,table,B,sparse,0.6,1,1.0,1.0,1,1,1,1,1,1.0
FRESH,T016,table,B,sparse,0.7,1,1.0,1.0,1,1,1,1,1,1.0
FRESH,T016,table,B,sparse,0.8,1,1.0,1.0,1,1,1,1,1,1.0
FRESH,T017,table,A,hybrid,0.4,1,1.0,0.5894280199323518,32,1,1,1,1,1.0
FRESH,T017,table,A,hybrid,0.5,1,0.25,0.43067655807339306,1,1,1,1,4,1.0
FRESH,T017,table,A,hybrid,0.6,1,0.25,0.43067655807339306,1,1,1,1,4,1.0
FRESH,T017,table,A,hybrid,0.7,1,0.25,0.43067655807339306,1,1,1,1,4,1.0
FRESH,T017,table,A,hybrid,0.8,1,0.25,0.43067655807339306,1,1,1,1,4,1.0
FRESH,T017,table,A,dense,0.4,1,1.0,0.6117748521784964,32,1,1,1,1,1.0
FRESH,T017,table,A,dense,0.5,1,0.3333333333333333,0.5,1,1,1,1,3,1.0
FRESH,T017,table,A,dense,0.6,1,0.3333333333333333,0.5,1,1,1,1,3,1.0
FRESH,T017,table,A,dense,0.7,1,0.3333333333333333,0.5,1,1,1,1,3,1.0
FRESH,T017,table,A,dense,0.8,1,0.3333333333333333,0.5,1,1,1,1,3,1.0
FRESH,T017,table,A,sparse,0.4,1,1.0,0.5933607200949346,32,1,1,1,1,1.0
FRESH,T017,table,A,sparse,0.5,1,0.25,0.43067655807339306,1,1,1,1,4,1.0
FRESH,T017,table,A,sparse,0.6,1,0.25,0.43067655807339306,1,1,1,1,4,1.0
FRESH,T017,table,A,sparse,0.7,1,0.25,0.43067655807339306,1,1,1,1,4,1.0
FRESH,T017,table,A,sparse,0.8,1,0.25,0.43067655807339306,1,1,1,1,4,1.0
FRESH,T017,table,B,hybrid,0.4,1,1.0,0.5388856921828065,34,1,1,1,1,1.0
FRESH,T017,table,B,hybrid,0.5,1,0.25,0.5012658353418871,2,1,1,1,4,1.0
FRESH,T017,table,B,hybrid,0.6,1,0.25,0.5012658353418871,2,1,1,1,4,1.0
FRESH,T017,table,B,hybrid,0.7,1,0.2,0.38685280723454163,1,1,1,1,5,1.0
FRESH,T017,table,B,hybrid,0.8,1,0.2,0.38685280723454163,1,1,1,1,5,1.0
FRESH,T017,table,B,dense,0.4,1,1.0,0.6719377023185354,34,1,1,1,1,1.0
FRESH,T017,table,B,dense,0.5,1,0.25,0.5012658353418871,2,1,1,1,4,1.0
FRESH,T017,table,B,dense,0.6,1,0.25,0.5012658353418871,2,1,1,1,4,1.0
FRESH,T017,table,B,dense,0.7,1,0.2,0.38685280723454163,1,1,1,1,5,1.0
FRESH,T017,table,B,dense,0.8,1,0.2,0.38685280723454163,1,1,1,1,5,1.0
FRESH,T017,table,B,sparse,0.4,1,1.0,0.6025064803817581,34,1,1,1,1,1.0
FRESH,T017,table,B,sparse,0.5,1,0.25,0.5012658353418871,2,1,1,1,4,1.0
FRESH,T017,table,B,sparse,0.6,1,0.25,0.5012658353418871,2,1,1,1,4,1.0
FRESH,T017,table,B,sparse,0.7,1,0.2,0.38685280723454163,1,1,1,1,5,1.0
FRESH,T017,table,B,sparse,0.8,1,0.2,0.38685280723454163,1,1,1,1,5,1.0
FRESH,T018,table,A,hybrid,0.4,1,0.25,0.3889808495016981,20,1,1,1,4,1.0
FRESH,T018,table,A,hybrid,0.5,1,0.25,0.3227266260473091,12,1,1,1,4,1.0
FRESH,T018,table,A,hybrid,0.6,1,0.25,0.3227266260473091,12,1,1,1,4,1.0
FRESH,T018,table,A,hybrid,0.7,1,0.25,0.3227266260473091,12,1,1,1,4,1.0
FRESH,T018,table,A,hybrid,0.8,1,0.25,0.3227266260473091,12,1,1,1,4,1.0
FRESH,T018,table,A,dense,0.4,1,0.25,0.32776097292662437,20,1,1,1,4,1.0
FRESH,T018,table,A,dense,0.5,1,0.25,0.2583297509898471,12,1,1,1,4,1.0
FRESH,T018,table,A,dense,0.6,1,0.25,0.2583297509898471,12,1,1,1,4,1.0
FRESH,T018,table,A,dense,0.7,1,0.25,0.2583297509898471,12,1,1,1,4,1.0
FRESH,T018,table,A,dense,0.8,1,0.25,0.2583297509898471,12,1,1,1,4,1.0
FRESH,T018,table,A,sparse,0.4,1,0.3333333333333333,0.48964844873235525,20,1,1,1,3,1.0
FRESH,T018,table,A,sparse,0.5,1,0.3333333333333333,0.42021722679557794,12,1,1,1,3,1.0
FRESH,T018,table,A,sparse,0.6,1,0.3333333333333333,0.42021722679557794,12,1,1,1,3,1.0
FRESH,T018,table,A,sparse,0.7,1,0.3333333333333333,0.42021722679557794,12,1,1,1,3,1.0
FRESH,T018,table,A,sparse,0.8,1,0.3333333333333333,0.42021722679557794,12,1,1,1,3,1.0
FRESH,T018,table,B,hybrid,0.4,1,0.25,0.36745852005902885,16,1,1,1,4,1.0
FRESH,T018,table,B,hybrid,0.5,1,0.25,0.3924249016082413,9,1,1,1,4,1.0
FRESH,T018,table,B,hybrid,0.6,1,0.25,0.3924249016082413,9,1,1,1,4,1.0
FRESH,T018,table,B,hybrid,0.7,1,0.25,0.3924249016082413,9,1,1,1,4,1.0
FRESH,T018,table,B,hybrid,0.8,1,0.25,0.3924249016082413,9,1,1,1,4,1.0
FRESH,T018,table,B,dense,0.4,1,0.16666666666666666,0.07839826897867533,16,1,1,1,6,0.45
FRESH,T018,table,B,dense,0.5,0,0.0,0.0,9,1,1,1,0,0.45
FRESH,T018,table,B,dense,0.6,0,0.0,0.0,9,1,1,1,0,0.45
FRESH,T018,table,B,dense,0.7,0,0.0,0.0,9,1,0,1,0,0.45
FRESH,T018,table,B,dense,0.8,0,0.0,0.0,9,1,0,1,0,0.45
FRESH,T018,table,B,sparse,0.4,1,0.25,0.36745852005902885,16,1,1,1,4,1.0
FRESH,T018,table,B,sparse,0.5,1,0.25,0.3924249016082413,9,1,1,1,4,1.0
FRESH,T018,table,B,sparse,0.6,1,0.25,0.3924249016082413,9,1,1,1,4,1.0
FRESH,T018,table,B,sparse,0.7,1,0.25,0.3924249016082413,9,1,1,1,4,1.0
FRESH,T018,table,B,sparse,0.8,1,0.25,0.3924249016082413,9,1,1,1,4,1.0
FRESH,T019,table,A,hybrid,0.4,1,0.5,0.6309297535714575,1,1,1,1,2,1.0
FRESH,T019,table,A,hybrid,0.5,1,0.5,0.6309297535714575,1,1,1,1,2,1.0
FRESH,T019,table,A,hybrid,0.6,1,0.5,0.6309297535714575,1,1,1,1,2,1.0
FRESH,T019,table,A,hybrid,0.7,1,0.5,0.6309297535714575,1,1,1,1,2,1.0
FRESH,T019,table,A,hybrid,0.8,1,0.5,0.6309297535714575,1,1,1,1,2,1.0
FRESH,T019,table,A,dense,0.4,1,0.5,0.6309297535714575,1,1,1,1,2,1.0
FRESH,T019,table,A,dense,0.5,1,0.5,0.6309297535714575,1,1,1,1,2,1.0
FRESH,T019,table,A,dense,0.6,1,0.5,0.6309297535714575,1,1,1,1,2,1.0
FRESH,T019,table,A,dense,0.7,1,0.5,0.6309297535714575,1,1,1,1,2,1.0
FRESH,T019,table,A,dense,0.8,1,0.5,0.6309297535714575,1,1,1,1,2,1.0
FRESH,T019,table,A,sparse,0.4,1,0.5,0.6309297535714575,1,1,1,1,2,1.0
FRESH,T019,table,A,sparse,0.5,1,0.5,0.6309297535714575,1,1,1,1,2,1.0
FRESH,T019,table,A,sparse,0.6,1,0.5,0.6309297535714575,1,1,1,1,2,1.0
FRESH,T019,table,A,sparse,0.7,1,0.5,0.6309297535714575,1,1,1,1,2,1.0
FRESH,T019,table,A,sparse,0.8,1,0.5,0.6309297535714575,1,1,1,1,2,1.0
FRESH,T019,table,B,hybrid,0.4,0,0.0,0.0,1,1,1,1,0,0.2727272727272727
FRESH,T019,table,B,hybrid,0.5,0,0.0,0.0,1,1,1,1,0,0.2727272727272727
FRESH,T019,table,B,hybrid,0.6,0,0.0,0.0,1,1,0,1,0,0.2727272727272727
FRESH,T019,table,B,hybrid,0.7,0,0.0,0.0,1,1,0,1,0,0.2727272727272727
FRESH,T019,table,B,hybrid,0.8,0,0.0,0.0,1,1,0,1,0,0.2727272727272727
FRESH,T019,table,B,dense,0.4,0,0.0,0.0,1,1,1,1,0,0.2727272727272727
FRESH,T019,table,B,dense,0.5,0,0.0,0.0,1,1,1,1,0,0.2727272727272727
FRESH,T019,table,B,dense,0.6,0,0.0,0.0,1,1,0,1,0,0.2727272727272727
FRESH,T019,table,B,dense,0.7,0,0.0,0.0,1,1,0,1,0,0.2727272727272727
FRESH,T019,table,B,dense,0.8,0,0.0,0.0,1,1,0,1,0,0.2727272727272727
FRESH,T019,table,B,sparse,0.4,0,0.0,0.0,1,1,1,1,0,0.2727272727272727
FRESH,T019,table,B,sparse,0.5,0,0.0,0.0,1,1,1,1,0,0.2727272727272727
FRESH,T019,table,B,sparse,0.6,0,0.0,0.0,1,1,0,1,0,0.2727272727272727
FRESH,T019,table,B,sparse,0.7,0,0.0,0.0,1,1,0,1,0,0.2727272727272727
FRESH,T019,table,B,sparse,0.8,0,0.0,0.0,1,1,0,1,0,0.2727272727272727
FRESH,T021,table,A,hybrid,0.4,1,1.0,1.0,3,1,1,1,1,1.0
FRESH,T021,table,A,hybrid,0.5,1,1.0,1.0,3,1,1,1,1,1.0
FRESH,T021,table,A,hybrid,0.6,1,1.0,1.0,3,1,1,1,1,1.0
FRESH,T021,table,A,hybrid,0.7,1,1.0,1.0,3,1,1,1,1,1.0
FRESH,T021,table,A,hybrid,0.8,1,1.0,1.0,3,1,1,1,1,1.0
FRESH,T021,table,A,dense,0.4,1,1.0,0.7653606369886217,3,1,1,0,1,0.864406779661017
FRESH,T021,table,A,dense,0.5,1,1.0,0.7653606369886217,3,1,1,0,1,0.864406779661017
FRESH,T021,table,A,dense,0.6,1,1.0,0.7653606369886217,3,1,1,0,1,0.864406779661017
FRESH,T021,table,A,dense,0.7,1,1.0,0.7653606369886217,3,1,1,0,1,0.864406779661017
FRESH,T021,table,A,dense,0.8,1,1.0,0.7653606369886217,3,1,1,0,1,0.864406779661017
FRESH,T021,table,A,sparse,0.4,1,1.0,1.0,3,1,1,1,1,1.0
FRESH,T021,table,A,sparse,0.5,1,1.0,1.0,3,1,1,1,1,1.0
FRESH,T021,table,A,sparse,0.6,1,1.0,1.0,3,1,1,1,1,1.0
FRESH,T021,table,A,sparse,0.7,1,1.0,1.0,3,1,1,1,1,1.0
FRESH,T021,table,A,sparse,0.8,1,1.0,1.0,3,1,1,1,1,1.0
FRESH,T021,table,B,hybrid,0.4,1,1.0,0.9558295932317544,4,1,1,1,1,1.0
FRESH,T021,table,B,hybrid,0.5,1,0.5,0.6797310500037655,3,1,1,1,2,1.0
FRESH,T021,table,B,hybrid,0.6,1,0.5,0.6797310500037655,3,1,1,1,2,1.0
FRESH,T021,table,B,hybrid,0.7,1,0.5,0.6797310500037655,3,1,1,1,2,1.0
FRESH,T021,table,B,hybrid,0.8,1,0.5,0.6797310500037655,3,1,1,1,2,1.0
FRESH,T021,table,B,dense,0.4,1,1.0,0.9558295932317544,4,1,1,1,1,1.0
FRESH,T021,table,B,dense,0.5,1,0.5,0.6797310500037655,3,1,1,1,2,1.0
FRESH,T021,table,B,dense,0.6,1,0.5,0.6797310500037655,3,1,1,1,2,1.0
FRESH,T021,table,B,dense,0.7,1,0.5,0.6797310500037655,3,1,1,1,2,1.0
FRESH,T021,table,B,dense,0.8,1,0.5,0.6797310500037655,3,1,1,1,2,1.0
FRESH,T021,table,B,sparse,0.4,1,1.0,0.9558295932317544,4,1,1,1,1,1.0
FRESH,T021,table,B,sparse,0.5,1,0.5,0.6797310500037655,3,1,1,1,2,1.0
FRESH,T021,table,B,sparse,0.6,1,0.5,0.6797310500037655,3,1,1,1,2,1.0
FRESH,T021,table,B,sparse,0.7,1,0.5,0.6797310500037655,3,1,1,1,2,1.0
FRESH,T021,table,B,sparse,0.8,1,0.5,0.6797310500037655,3,1,1,1,2,1.0
FRESH,T022,table,A,hybrid,0.4,0,0.0,0.0,1,1,0,1,0,0.25
FRESH,T022,table,A,hybrid,0.5,0,0.0,0.0,1,1,0,1,0,0.25
FRESH,T022,table,A,hybrid,0.6,0,0.0,0.0,1,1,0,1,0,0.25
FRESH,T022,table,A,hybrid,0.7,0,0.0,0.0,1,1,0,1,0,0.25
FRESH,T022,table,A,hybrid,0.8,0,0.0,0.0,1,1,0,1,0,0.25
FRESH,T022,table,A,dense,0.4,0,0.0,0.0,1,1,0,1,0,0.25
FRESH,T022,table,A,dense,0.5,0,0.0,0.0,1,1,0,1,0,0.25
FRESH,T022,table,A,dense,0.6,0,0.0,0.0,1,1,0,1,0,0.25
FRESH,T022,table,A,dense,0.7,0,0.0,0.0,1,1,0,1,0,0.25
FRESH,T022,table,A,dense,0.8,0,0.0,0.0,1,1,0,1,0,0.25
FRESH,T022,table,A,sparse,0.4,0,0.0,0.0,1,1,0,0,0,0.25
FRESH,T022,table,A,sparse,0.5,0,0.0,0.0,1,1,0,0,0,0.25
FRESH,T022,table,A,sparse,0.6,0,0.0,0.0,1,1,0,0,0,0.25
FRESH,T022,table,A,sparse,0.7,0,0.0,0.0,1,1,0,0,0,0.25
FRESH,T022,table,A,sparse,0.8,0,0.0,0.0,1,1,0,0,0,0.25
FRESH,T022,table,B,hybrid,0.4,0,0.0,0.0,1,1,0,1,0,0.25
FRESH,T022,table,B,hybrid,0.5,0,0.0,0.0,1,1,0,1,0,0.25
FRESH,T022,table,B,hybrid,0.6,0,0.0,0.0,1,1,0,1,0,0.25
FRESH,T022,table,B,hybrid,0.7,0,0.0,0.0,1,1,0,1,0,0.25
FRESH,T022,table,B,hybrid,0.8,0,0.0,0.0,1,1,0,1,0,0.25
FRESH,T022,table,B,dense,0.4,0,0.0,0.0,1,1,0,1,0,0.25
FRESH,T022,table,B,dense,0.5,0,0.0,0.0,1,1,0,1,0,0.25
FRESH,T022,table,B,dense,0.6,0,0.0,0.0,1,1,0,1,0,0.25
FRESH,T022,table,B,dense,0.7,0,0.0,0.0,1,1,0,1,0,0.25
FRESH,T022,table,B,dense,0.8,0,0.0,0.0,1,1,0,1,0,0.25
FRESH,T022,table,B,sparse,0.4,0,0.0,0.0,1,1,0,1,0,0.25
FRESH,T022,table,B,sparse,0.5,0,0.0,0.0,1,1,0,1,0,0.25
FRESH,T022,table,B,sparse,0.6,0,0.0,0.0,1,1,0,1,0,0.25
FRESH,T022,table,B,sparse,0.7,0,0.0,0.0,1,1,0,1,0,0.25
FRESH,T022,table,B,sparse,0.8,0,0.0,0.0,1,1,0,1,0,0.25
FRESH,T023,table,A,hybrid,0.4,1,1.0,0.9197207891481876,2,1,1,1,1,1.0
FRESH,T023,table,A,hybrid,0.5,1,1.0,1.0,1,1,1,1,1,1.0
FRESH,T023,table,A,hybrid,0.6,1,1.0,1.0,1,1,1,1,1,1.0
FRESH,T023,table,A,hybrid,0.7,1,1.0,1.0,1,1,1,1,1,1.0
FRESH,T023,table,A,hybrid,0.8,1,1.0,1.0,1,1,1,1,1,1.0
FRESH,T023,table,A,dense,0.4,1,1.0,0.9197207891481876,2,1,1,1,1,1.0
FRESH,T023,table,A,dense,0.5,1,1.0,1.0,1,1,1,1,1,1.0
FRESH,T023,table,A,dense,0.6,1,1.0,1.0,1,1,1,1,1,1.0
FRESH,T023,table,A,dense,0.7,1,1.0,1.0,1,1,1,1,1,1.0
FRESH,T023,table,A,dense,0.8,1,1.0,1.0,1,1,1,1,1,1.0
FRESH,T023,table,A,sparse,0.4,1,1.0,0.9197207891481876,2,1,1,1,1,1.0
FRESH,T023,table,A,sparse,0.5,1,1.0,1.0,1,1,1,1,1,1.0
FRESH,T023,table,A,sparse,0.6,1,1.0,1.0,1,1,1,1,1,1.0
FRESH,T023,table,A,sparse,0.7,1,1.0,1.0,1,1,1,1,1,1.0
FRESH,T023,table,A,sparse,0.8,1,1.0,1.0,1,1,1,1,1,1.0
FRESH,T023,table,B,hybrid,0.4,1,1.0,0.9197207891481876,2,1,1,1,1,1.0
FRESH,T023,table,B,hybrid,0.5,1,1.0,1.0,1,1,1,1,1,1.0
FRESH,T023,table,B,hybrid,0.6,1,1.0,1.0,1,1,1,1,1,1.0
FRESH,T023,table,B,hybrid,0.7,1,1.0,1.0,1,1,1,1,1,1.0
FRESH,T023,table,B,hybrid,0.8,1,1.0,1.0,1,1,1,1,1,1.0
FRESH,T023,table,B,dense,0.4,1,1.0,0.9197207891481876,2,1,1,1,1,1.0
FRESH,T023,table,B,dense,0.5,1,1.0,1.0,1,1,1,1,1,1.0
FRESH,T023,table,B,dense,0.6,1,1.0,1.0,1,1,1,1,1,1.0
FRESH,T023,table,B,dense,0.7,1,1.0,1.0,1,1,1,1,1,1.0
FRESH,T023,table,B,dense,0.8,1,1.0,1.0,1,1,1,1,1,1.0
FRESH,T023,table,B,sparse,0.4,1,1.0,0.9197207891481876,2,1,1,1,1,1.0
FRESH,T023,table,B,sparse,0.5,1,1.0,1.0,1,1,1,1,1,1.0
FRESH,T023,table,B,sparse,0.6,1,1.0,1.0,1,1,1,1,1,1.0
FRESH,T023,table,B,sparse,0.7,1,1.0,1.0,1,1,1,1,1,1.0
FRESH,T023,table,B,sparse,0.8,1,1.0,1.0,1,1,1,1,1,1.0
FRESH,T024,table,A,hybrid,0.4,0,0.0,0.0,1,1,1,1,0,0.26
FRESH,T024,table,A,hybrid,0.5,0,0.0,0.0,1,1,1,1,0,0.26
FRESH,T024,table,A,hybrid,0.6,0,0.0,0.0,1,1,1,1,0,0.26
FRESH,T024,table,A,hybrid,0.7,0,0.0,0.0,1,1,1,1,0,0.26
FRESH,T024,table,A,hybrid,0.8,0,0.0,0.0,1,1,0,1,0,0.26
FRESH,T024,table,A,dense,0.4,0,0.0,0.0,1,1,1,1,0,0.26
FRESH,T024,table,A,dense,0.5,0,0.0,0.0,1,1,1,1,0,0.26
FRESH,T024,table,A,dense,0.6,0,0.0,0.0,1,1,1,1,0,0.26
FRESH,T024,table,A,dense,0.7,0,0.0,0.0,1,1,1,1,0,0.26
FRESH,T024,table,A,dense,0.8,0,0.0,0.0,1,1,0,1,0,0.26
FRESH,T024,table,A,sparse,0.4,0,0.0,0.0,1,1,1,1,0,0.16
FRESH,T024,table,A,sparse,0.5,0,0.0,0.0,1,1,1,1,0,0.16
FRESH,T024,table,A,sparse,0.6,0,0.0,0.0,1,1,0,1,0,0.16
FRESH,T024,table,A,sparse,0.7,0,0.0,0.0,1,1,0,1,0,0.16
FRESH,T024,table,A,sparse,0.8,0,0.0,0.0,1,1,0,1,0,0.16
FRESH,T024,table,B,hybrid,0.4,1,1.0,1.0,1,1,1,1,1,1.0
FRESH,T024,table,B,hybrid,0.5,1,1.0,1.0,1,1,1,1,1,1.0
FRESH,T024,table,B,hybrid,0.6,1,1.0,1.0,1,1,1,1,1,1.0
FRESH,T024,table,B,hybrid,0.7,1,1.0,1.0,1,1,1,1,1,1.0
FRESH,T024,table,B,hybrid,0.8,1,1.0,1.0,1,1,1,1,1,1.0
FRESH,T024,table,B,dense,0.4,1,1.0,1.0,1,1,1,1,1,1.0
FRESH,T024,table,B,dense,0.5,1,1.0,1.0,1,1,1,1,1,1.0
FRESH,T024,table,B,dense,0.6,1,1.0,1.0,1,1,1,1,1,1.0
FRESH,T024,table,B,dense,0.7,1,1.0,1.0,1,1,1,1,1,1.0
FRESH,T024,table,B,dense,0.8,1,1.0,1.0,1,1,1,1,1,1.0
FRESH,T024,table,B,sparse,0.4,1,1.0,1.0,1,1,1,1,1,1.0
FRESH,T024,table,B,sparse,0.5,1,1.0,1.0,1,1,1,1,1,1.0
FRESH,T024,table,B,sparse,0.6,1,1.0,1.0,1,1,1,1,1,1.0
FRESH,T024,table,B,sparse,0.7,1,1.0,1.0,1,1,1,1,1,1.0
FRESH,T024,table,B,sparse,0.8,1,1.0,1.0,1,1,1,1,1,1.0
FRESH,P001,prose,A,hybrid,0.4,1,1.0,1.0,1,1,1,1,1,1.0
FRESH,P001,prose,A,hybrid,0.5,1,1.0,1.0,1,1,1,1,1,1.0
FRESH,P001,prose,A,hybrid,0.6,1,1.0,1.0,1,1,1,1,1,1.0
FRESH,P001,prose,A,hybrid,0.7,1,1.0,1.0,1,1,1,1,1,1.0
FRESH,P001,prose,A,hybrid,0.8,1,1.0,1.0,1,1,1,1,1,1.0
FRESH,P001,prose,A,dense,0.4,1,1.0,1.0,1,1,1,1,1,1.0
FRESH,P001,prose,A,dense,0.5,1,1.0,1.0,1,1,1,1,1,1.0
FRESH,P001,prose,A,dense,0.6,1,1.0,1.0,1,1,1,1,1,1.0
FRESH,P001,prose,A,dense,0.7,1,1.0,1.0,1,1,1,1,1,1.0
FRESH,P001,prose,A,dense,0.8,1,1.0,1.0,1,1,1,1,1,1.0
FRESH,P001,prose,A,sparse,0.4,1,1.0,1.0,1,1,1,1,1,1.0
FRESH,P001,prose,A,sparse,0.5,1,1.0,1.0,1,1,1,1,1,1.0
FRESH,P001,prose,A,sparse,0.6,1,1.0,1.0,1,1,1,1,1,1.0
FRESH,P001,prose,A,sparse,0.7,1,1.0,1.0,1,1,1,1,1,1.0
FRESH,P001,prose,A,sparse,0.8,1,1.0,1.0,1,1,1,1,1,1.0
FRESH,P001,prose,B,hybrid,0.4,1,1.0,1.0,1,1,1,1,1,1.0
FRESH,P001,prose,B,hybrid,0.5,1,1.0,1.0,1,1,1,1,1,1.0
FRESH,P001,prose,B,hybrid,0.6,1,1.0,1.0,1,1,1,1,1,1.0
FRESH,P001,prose,B,hybrid,0.7,1,1.0,1.0,1,1,1,1,1,1.0
FRESH,P001,prose,B,hybrid,0.8,1,1.0,1.0,1,1,1,1,1,1.0
FRESH,P001,prose,B,dense,0.4,1,1.0,1.0,1,1,1,1,1,1.0
FRESH,P001,prose,B,dense,0.5,1,1.0,1.0,1,1,1,1,1,1.0
FRESH,P001,prose,B,dense,0.6,1,1.0,1.0,1,1,1,1,1,1.0
FRESH,P001,prose,B,dense,0.7,1,1.0,1.0,1,1,1,1,1,1.0
FRESH,P001,prose,B,dense,0.8,1,1.0,1.0,1,1,1,1,1,1.0
FRESH,P001,prose,B,sparse,0.4,1,1.0,1.0,1,1,1,1,1,1.0
FRESH,P001,prose,B,sparse,0.5,1,1.0,1.0,1,1,1,1,1,1.0
FRESH,P001,prose,B,sparse,0.6,1,1.0,1.0,1,1,1,1,1,1.0
FRESH,P001,prose,B,sparse,0.7,1,1.0,1.0,1,1,1,1,1,1.0
FRESH,P001,prose,B,sparse,0.8,1,1.0,1.0,1,1,1,1,1,1.0
FRESH,P002,prose,A,hybrid,0.4,1,1.0,1.0,1,1,1,1,1,1.0
FRESH,P002,prose,A,hybrid,0.5,1,1.0,1.0,1,1,1,1,1,1.0
FRESH,P002,prose,A,hybrid,0.6,1,1.0,1.0,1,1,1,1,1,1.0
FRESH,P002,prose,A,hybrid,0.7,1,1.0,1.0,1,1,1,1,1,1.0
FRESH,P002,prose,A,hybrid,0.8,1,1.0,1.0,1,1,1,1,1,1.0
FRESH,P002,prose,A,dense,0.4,1,1.0,1.0,1,1,1,1,1,1.0
FRESH,P002,prose,A,dense,0.5,1,1.0,1.0,1,1,1,1,1,1.0
FRESH,P002,prose,A,dense,0.6,1,1.0,1.0,1,1,1,1,1,1.0
FRESH,P002,prose,A,dense,0.7,1,1.0,1.0,1,1,1,1,1,1.0
FRESH,P002,prose,A,dense,0.8,1,1.0,1.0,1,1,1,1,1,1.0
FRESH,P002,prose,A,sparse,0.4,1,1.0,1.0,1,1,1,1,1,1.0
FRESH,P002,prose,A,sparse,0.5,1,1.0,1.0,1,1,1,1,1,1.0
FRESH,P002,prose,A,sparse,0.6,1,1.0,1.0,1,1,1,1,1,1.0
FRESH,P002,prose,A,sparse,0.7,1,1.0,1.0,1,1,1,1,1,1.0
FRESH,P002,prose,A,sparse,0.8,1,1.0,1.0,1,1,1,1,1,1.0
FRESH,P002,prose,B,hybrid,0.4,1,1.0,1.0,1,1,1,1,1,1.0
FRESH,P002,prose,B,hybrid,0.5,1,1.0,1.0,1,1,1,1,1,1.0
FRESH,P002,prose,B,hybrid,0.6,1,1.0,1.0,1,1,1,1,1,1.0
FRESH,P002,prose,B,hybrid,0.7,1,1.0,1.0,1,1,1,1,1,1.0
FRESH,P002,prose,B,hybrid,0.8,1,1.0,1.0,1,1,1,1,1,1.0
FRESH,P002,prose,B,dense,0.4,1,1.0,1.0,1,1,1,1,1,1.0
FRESH,P002,prose,B,dense,0.5,1,1.0,1.0,1,1,1,1,1,1.0
FRESH,P002,prose,B,dense,0.6,1,1.0,1.0,1,1,1,1,1,1.0
FRESH,P002,prose,B,dense,0.7,1,1.0,1.0,1,1,1,1,1,1.0
FRESH,P002,prose,B,dense,0.8,1,1.0,1.0,1,1,1,1,1,1.0
FRESH,P002,prose,B,sparse,0.4,1,1.0,1.0,1,1,1,1,1,1.0
FRESH,P002,prose,B,sparse,0.5,1,1.0,1.0,1,1,1,1,1,1.0
FRESH,P002,prose,B,sparse,0.6,1,1.0,1.0,1,1,1,1,1,1.0
FRESH,P002,prose,B,sparse,0.7,1,1.0,1.0,1,1,1,1,1,1.0
FRESH,P002,prose,B,sparse,0.8,1,1.0,1.0,1,1,1,1,1,1.0
FRESH,P003,prose,A,hybrid,0.4,1,1.0,1.0,2,1,1,1,1,1.0
FRESH,P003,prose,A,hybrid,0.5,1,1.0,1.0,2,1,1,1,1,1.0
FRESH,P003,prose,A,hybrid,0.6,1,1.0,1.0,2,1,1,1,1,1.0
FRESH,P003,prose,A,hybrid,0.7,1,1.0,1.0,2,1,1,1,1,1.0
FRESH,P003,prose,A,hybrid,0.8,1,1.0,1.0,2,1,1,1,1,1.0
FRESH,P003,prose,A,dense,0.4,1,1.0,1.0,2,1,1,1,1,1.0
FRESH,P003,prose,A,dense,0.5,1,1.0,1.0,2,1,1,1,1,1.0
FRESH,P003,prose,A,dense,0.6,1,1.0,1.0,2,1,1,1,1,1.0
FRESH,P003,prose,A,dense,0.7,1,1.0,1.0,2,1,1,1,1,1.0
FRESH,P003,prose,A,dense,0.8,1,1.0,1.0,2,1,1,1,1,1.0
FRESH,P003,prose,A,sparse,0.4,1,1.0,1.0,2,1,1,1,1,1.0
FRESH,P003,prose,A,sparse,0.5,1,1.0,1.0,2,1,1,1,1,1.0
FRESH,P003,prose,A,sparse,0.6,1,1.0,1.0,2,1,1,1,1,1.0
FRESH,P003,prose,A,sparse,0.7,1,1.0,1.0,2,1,1,1,1,1.0
FRESH,P003,prose,A,sparse,0.8,1,1.0,1.0,2,1,1,1,1,1.0
FRESH,P003,prose,B,hybrid,0.4,1,1.0,1.0,1,1,1,1,1,1.0
FRESH,P003,prose,B,hybrid,0.5,1,1.0,1.0,1,1,1,1,1,1.0
FRESH,P003,prose,B,hybrid,0.6,1,1.0,1.0,1,1,1,1,1,1.0
FRESH,P003,prose,B,hybrid,0.7,1,1.0,1.0,1,1,1,1,1,1.0
FRESH,P003,prose,B,hybrid,0.8,1,1.0,1.0,1,1,1,1,1,1.0
FRESH,P003,prose,B,dense,0.4,1,1.0,1.0,1,1,1,1,1,1.0
FRESH,P003,prose,B,dense,0.5,1,1.0,1.0,1,1,1,1,1,1.0
FRESH,P003,prose,B,dense,0.6,1,1.0,1.0,1,1,1,1,1,1.0
FRESH,P003,prose,B,dense,0.7,1,1.0,1.0,1,1,1,1,1,1.0
FRESH,P003,prose,B,dense,0.8,1,1.0,1.0,1,1,1,1,1,1.0
FRESH,P003,prose,B,sparse,0.4,1,1.0,1.0,1,1,1,1,1,1.0
FRESH,P003,prose,B,sparse,0.5,1,1.0,1.0,1,1,1,1,1,1.0
FRESH,P003,prose,B,sparse,0.6,1,1.0,1.0,1,1,1,1,1,1.0
FRESH,P003,prose,B,sparse,0.7,1,1.0,1.0,1,1,1,1,1,1.0
FRESH,P003,prose,B,sparse,0.8,1,1.0,1.0,1,1,1,1,1,1.0
FRESH,P004,prose,A,hybrid,0.4,1,1.0,1.0,1,1,1,1,1,1.0
FRESH,P004,prose,A,hybrid,0.5,1,1.0,1.0,1,1,1,1,1,1.0
FRESH,P004,prose,A,hybrid,0.6,1,1.0,1.0,1,1,1,1,1,1.0
FRESH,P004,prose,A,hybrid,0.7,1,1.0,1.0,1,1,1,1,1,1.0
FRESH,P004,prose,A,hybrid,0.8,1,1.0,1.0,1,1,1,1,1,1.0
FRESH,P004,prose,A,dense,0.4,1,1.0,1.0,1,1,1,1,1,1.0
FRESH,P004,prose,A,dense,0.5,1,1.0,1.0,1,1,1,1,1,1.0
FRESH,P004,prose,A,dense,0.6,1,1.0,1.0,1,1,1,1,1,1.0
FRESH,P004,prose,A,dense,0.7,1,1.0,1.0,1,1,1,1,1,1.0
FRESH,P004,prose,A,dense,0.8,1,1.0,1.0,1,1,1,1,1,1.0
FRESH,P004,prose,A,sparse,0.4,1,1.0,1.0,1,1,1,1,1,1.0
FRESH,P004,prose,A,sparse,0.5,1,1.0,1.0,1,1,1,1,1,1.0
FRESH,P004,prose,A,sparse,0.6,1,1.0,1.0,1,1,1,1,1,1.0
FRESH,P004,prose,A,sparse,0.7,1,1.0,1.0,1,1,1,1,1,1.0
FRESH,P004,prose,A,sparse,0.8,1,1.0,1.0,1,1,1,1,1,1.0
FRESH,P004,prose,B,hybrid,0.4,1,1.0,1.0,1,1,1,1,1,1.0
FRESH,P004,prose,B,hybrid,0.5,1,1.0,1.0,1,1,1,1,1,1.0
FRESH,P004,prose,B,hybrid,0.6,1,1.0,1.0,1,1,1,1,1,1.0
FRESH,P004,prose,B,hybrid,0.7,1,1.0,1.0,1,1,1,1,1,1.0
FRESH,P004,prose,B,hybrid,0.8,1,1.0,1.0,1,1,1,1,1,1.0
FRESH,P004,prose,B,dense,0.4,1,1.0,1.0,1,1,1,1,1,1.0
FRESH,P004,prose,B,dense,0.5,1,1.0,1.0,1,1,1,1,1,1.0
FRESH,P004,prose,B,dense,0.6,1,1.0,1.0,1,1,1,1,1,1.0
FRESH,P004,prose,B,dense,0.7,1,1.0,1.0,1,1,1,1,1,1.0
FRESH,P004,prose,B,dense,0.8,1,1.0,1.0,1,1,1,1,1,1.0
FRESH,P004,prose,B,sparse,0.4,1,1.0,1.0,1,1,1,1,1,1.0
FRESH,P004,prose,B,sparse,0.5,1,1.0,1.0,1,1,1,1,1,1.0
FRESH,P004,prose,B,sparse,0.6,1,1.0,1.0,1,1,1,1,1,1.0
FRESH,P004,prose,B,sparse,0.7,1,1.0,1.0,1,1,1,1,1,1.0
FRESH,P004,prose,B,sparse,0.8,1,1.0,1.0,1,1,1,1,1,1.0
FRESH,P006,prose,A,hybrid,0.4,1,1.0,1.0,1,1,1,1,1,1.0
FRESH,P006,prose,A,hybrid,0.5,1,1.0,1.0,1,1,1,1,1,1.0
FRESH,P006,prose,A,hybrid,0.6,1,1.0,1.0,1,1,1,1,1,1.0
FRESH,P006,prose,A,hybrid,0.7,1,1.0,1.0,1,1,1,1,1,1.0
FRESH,P006,prose,A,hybrid,0.8,1,1.0,1.0,1,1,1,1,1,1.0
FRESH,P006,prose,A,dense,0.4,1,1.0,1.0,1,1,1,1,1,1.0
FRESH,P006,prose,A,dense,0.5,1,1.0,1.0,1,1,1,1,1,1.0
FRESH,P006,prose,A,dense,0.6,1,1.0,1.0,1,1,1,1,1,1.0
FRESH,P006,prose,A,dense,0.7,1,1.0,1.0,1,1,1,1,1,1.0
FRESH,P006,prose,A,dense,0.8,1,1.0,1.0,1,1,1,1,1,1.0
FRESH,P006,prose,A,sparse,0.4,1,1.0,1.0,1,1,1,1,1,1.0
FRESH,P006,prose,A,sparse,0.5,1,1.0,1.0,1,1,1,1,1,1.0
FRESH,P006,prose,A,sparse,0.6,1,1.0,1.0,1,1,1,1,1,1.0
FRESH,P006,prose,A,sparse,0.7,1,1.0,1.0,1,1,1,1,1,1.0
FRESH,P006,prose,A,sparse,0.8,1,1.0,1.0,1,1,1,1,1,1.0
FRESH,P006,prose,B,hybrid,0.4,1,1.0,1.0,1,1,1,1,1,1.0
FRESH,P006,prose,B,hybrid,0.5,1,1.0,1.0,1,1,1,1,1,1.0
FRESH,P006,prose,B,hybrid,0.6,1,1.0,1.0,1,1,1,1,1,1.0
FRESH,P006,prose,B,hybrid,0.7,1,1.0,1.0,1,1,1,1,1,1.0
FRESH,P006,prose,B,hybrid,0.8,1,1.0,1.0,1,1,1,1,1,1.0
FRESH,P006,prose,B,dense,0.4,1,1.0,1.0,1,1,1,1,1,1.0
FRESH,P006,prose,B,dense,0.5,1,1.0,1.0,1,1,1,1,1,1.0
FRESH,P006,prose,B,dense,0.6,1,1.0,1.0,1,1,1,1,1,1.0
FRESH,P006,prose,B,dense,0.7,1,1.0,1.0,1,1,1,1,1,1.0
FRESH,P006,prose,B,dense,0.8,1,1.0,1.0,1,1,1,1,1,1.0
FRESH,P006,prose,B,sparse,0.4,1,1.0,1.0,1,1,1,1,1,1.0
FRESH,P006,prose,B,sparse,0.5,1,1.0,1.0,1,1,1,1,1,1.0
FRESH,P006,prose,B,sparse,0.6,1,1.0,1.0,1,1,1,1,1,1.0
FRESH,P006,prose,B,sparse,0.7,1,1.0,1.0,1,1,1,1,1,1.0
FRESH,P006,prose,B,sparse,0.8,1,1.0,1.0,1,1,1,1,1,1.0
FRESH,P007,prose,A,hybrid,0.4,1,1.0,0.3499667779514209,16,1,1,1,1,1.0
FRESH,P007,prose,A,hybrid,0.5,1,1.0,0.3499667779514209,10,1,1,1,1,1.0
FRESH,P007,prose,A,hybrid,0.6,1,1.0,0.48116653082367977,6,1,1,1,1,1.0
FRESH,P007,prose,A,hybrid,0.7,1,1.0,0.48116653082367977,6,1,1,1,1,1.0
FRESH,P007,prose,A,hybrid,0.8,1,1.0,0.48116653082367977,6,1,1,1,1,1.0
FRESH,P007,prose,A,dense,0.4,1,0.2,0.08514311764162098,16,1,1,0,5,0.8095238095238095
FRESH,P007,prose,A,dense,0.5,1,0.2,0.08514311764162098,10,1,1,0,5,0.8095238095238095
FRESH,P007,prose,A,dense,0.6,1,0.2,0.11706259313796355,6,1,1,0,5,0.8095238095238095
FRESH,P007,prose,A,dense,0.7,1,0.2,0.11706259313796355,6,1,1,0,5,0.8095238095238095
FRESH,P007,prose,A,dense,0.8,1,0.2,0.11706259313796355,6,1,1,0,5,0.8095238095238095
FRESH,P007,prose,A,sparse,0.4,1,1.0,0.2863459897524692,16,1,1,1,1,1.0
FRESH,P007,prose,A,sparse,0.5,1,1.0,0.2863459897524692,10,1,1,1,1,1.0
FRESH,P007,prose,A,sparse,0.6,1,1.0,0.3936948167222716,6,1,1,1,1,1.0
FRESH,P007,prose,A,sparse,0.7,1,1.0,0.3936948167222716,6,1,1,1,1,1.0
FRESH,P007,prose,A,sparse,0.8,1,1.0,0.3936948167222716,6,1,1,1,1,1.0
FRESH,P007,prose,B,hybrid,0.4,1,1.0,0.28952298823485745,16,1,1,1,1,1.0
FRESH,P007,prose,B,hybrid,0.5,1,1.0,0.28952298823485745,10,1,1,1,1,1.0
FRESH,P007,prose,B,hybrid,0.6,1,1.0,0.39806284658828084,6,1,1,1,1,1.0
FRESH,P007,prose,B,hybrid,0.7,1,1.0,0.39806284658828084,6,1,1,1,1,1.0
FRESH,P007,prose,B,hybrid,0.8,1,1.0,0.39806284658828084,6,1,1,1,1,1.0
FRESH,P007,prose,B,dense,0.4,1,1.0,0.22009176629808017,16,1,1,1,1,1.0
FRESH,P007,prose,B,dense,0.5,1,1.0,0.22009176629808017,10,1,1,1,1,1.0
FRESH,P007,prose,B,dense,0.6,1,1.0,0.3026024134988135,6,1,1,1,1,1.0
FRESH,P007,prose,B,dense,0.7,1,1.0,0.3026024134988135,6,1,1,1,1,1.0
FRESH,P007,prose,B,dense,0.8,1,1.0,0.3026024134988135,6,1,1,1,1,1.0
FRESH,P007,prose,B,sparse,0.4,1,1.0,0.2863459897524692,16,1,1,1,1,1.0
FRESH,P007,prose,B,sparse,0.5,1,1.0,0.2863459897524692,10,1,1,1,1,1.0
FRESH,P007,prose,B,sparse,0.6,1,1.0,0.3936948167222716,6,1,1,1,1,1.0
FRESH,P007,prose,B,sparse,0.7,1,1.0,0.3936948167222716,6,1,1,1,1,1.0
FRESH,P007,prose,B,sparse,0.8,1,1.0,0.3936948167222716,6,1,1,1,1,1.0
FRESH,P008,prose,A,hybrid,0.4,1,1.0,0.8065735963827293,2,1,1,1,1,1.0
FRESH,P008,prose,A,hybrid,0.5,1,1.0,1.0,1,1,1,1,1,1.0
FRESH,P008,prose,A,hybrid,0.6,1,1.0,1.0,1,1,1,1,1,1.0
FRESH,P008,prose,A,hybrid,0.7,1,1.0,1.0,1,1,1,1,1,1.0
FRESH,P008,prose,A,hybrid,0.8,1,1.0,1.0,1,1,1,1,1,1.0
FRESH,P008,prose,A,dense,0.4,1,1.0,0.6131471927654584,2,1,1,1,1,1.0
FRESH,P008,prose,A,dense,0.5,1,1.0,1.0,1,1,1,1,1,1.0
FRESH,P008,prose,A,dense,0.6,1,1.0,1.0,1,1,1,1,1,1.0
FRESH,P008,prose,A,dense,0.7,1,1.0,1.0,1,1,1,1,1,1.0
FRESH,P008,prose,A,dense,0.8,1,1.0,1.0,1,1,1,1,1,1.0
FRESH,P008,prose,A,sparse,0.4,1,1.0,0.8065735963827293,2,1,1,1,1,1.0
FRESH,P008,prose,A,sparse,0.5,1,1.0,1.0,1,1,1,1,1,1.0
FRESH,P008,prose,A,sparse,0.6,1,1.0,1.0,1,1,1,1,1,1.0
FRESH,P008,prose,A,sparse,0.7,1,1.0,1.0,1,1,1,1,1,1.0
FRESH,P008,prose,A,sparse,0.8,1,1.0,1.0,1,1,1,1,1,1.0
FRESH,P008,prose,B,hybrid,0.4,1,0.5,0.5714285040141098,2,1,1,1,2,1.0
FRESH,P008,prose,B,hybrid,0.5,1,0.5,0.6309297535714575,1,1,1,1,2,1.0
FRESH,P008,prose,B,hybrid,0.6,1,0.5,0.6309297535714575,1,1,1,1,2,1.0
FRESH,P008,prose,B,hybrid,0.7,1,0.5,0.6309297535714575,1,1,1,1,2,1.0
FRESH,P008,prose,B,hybrid,0.8,1,0.5,0.6309297535714575,1,1,1,1,2,1.0
FRESH,P008,prose,B,dense,0.4,1,0.5,0.38685280723454163,2,1,1,1,2,1.0
FRESH,P008,prose,B,dense,0.5,1,0.5,0.6309297535714575,1,1,1,1,2,1.0
FRESH,P008,prose,B,dense,0.6,1,0.5,0.6309297535714575,1,1,1,1,2,1.0
FRESH,P008,prose,B,dense,0.7,1,0.5,0.6309297535714575,1,1,1,1,2,1.0
FRESH,P008,prose,B,dense,0.8,1,0.5,0.6309297535714575,1,1,1,1,2,1.0
FRESH,P008,prose,B,sparse,0.4,1,0.5,0.5714285040141098,2,1,1,1,2,1.0
FRESH,P008,prose,B,sparse,0.5,1,0.5,0.6309297535714575,1,1,1,1,2,1.0
FRESH,P008,prose,B,sparse,0.6,1,0.5,0.6309297535714575,1,1,1,1,2,1.0
FRESH,P008,prose,B,sparse,0.7,1,0.5,0.6309297535714575,1,1,1,1,2,1.0
FRESH,P008,prose,B,sparse,0.8,1,0.5,0.6309297535714575,1,1,1,1,2,1.0
FRESH,P009,prose,A,hybrid,0.4,1,1.0,1.0,3,1,1,1,1,1.0
FRESH,P009,prose,A,hybrid,0.5,1,1.0,1.0,3,1,1,1,1,1.0
FRESH,P009,prose,A,hybrid,0.6,1,1.0,1.0,3,1,1,1,1,1.0
FRESH,P009,prose,A,hybrid,0.7,1,1.0,1.0,3,1,1,1,1,1.0
FRESH,P009,prose,A,hybrid,0.8,1,1.0,0.9197207891481876,2,1,1,1,1,1.0
FRESH,P009,prose,A,dense,0.4,1,1.0,1.0,3,1,1,1,1,1.0
FRESH,P009,prose,A,dense,0.5,1,1.0,1.0,3,1,1,1,1,1.0
FRESH,P009,prose,A,dense,0.6,1,1.0,1.0,3,1,1,1,1,1.0
FRESH,P009,prose,A,dense,0.7,1,1.0,1.0,3,1,1,1,1,1.0
FRESH,P009,prose,A,dense,0.8,1,1.0,0.9197207891481876,2,1,1,1,1,1.0
FRESH,P009,prose,A,sparse,0.4,1,1.0,1.0,3,1,1,1,1,1.0
FRESH,P009,prose,A,sparse,0.5,1,1.0,1.0,3,1,1,1,1,1.0
FRESH,P009,prose,A,sparse,0.6,1,1.0,1.0,3,1,1,1,1,1.0
FRESH,P009,prose,A,sparse,0.7,1,1.0,1.0,3,1,1,1,1,1.0
FRESH,P009,prose,A,sparse,0.8,1,1.0,0.9197207891481876,2,1,1,1,1,1.0
FRESH,P009,prose,B,hybrid,0.4,1,1.0,1.0,3,1,1,1,1,1.0
FRESH,P009,prose,B,hybrid,0.5,1,1.0,1.0,3,1,1,1,1,1.0
FRESH,P009,prose,B,hybrid,0.6,1,1.0,1.0,3,1,1,1,1,1.0
FRESH,P009,prose,B,hybrid,0.7,1,1.0,1.0,3,1,1,1,1,1.0
FRESH,P009,prose,B,hybrid,0.8,1,1.0,1.0,3,1,1,1,1,1.0
FRESH,P009,prose,B,dense,0.4,1,1.0,1.0,3,1,1,1,1,1.0
FRESH,P009,prose,B,dense,0.5,1,1.0,1.0,3,1,1,1,1,1.0
FRESH,P009,prose,B,dense,0.6,1,1.0,1.0,3,1,1,1,1,1.0
FRESH,P009,prose,B,dense,0.7,1,1.0,1.0,3,1,1,1,1,1.0
FRESH,P009,prose,B,dense,0.8,1,1.0,1.0,3,1,1,1,1,1.0
FRESH,P009,prose,B,sparse,0.4,1,1.0,1.0,3,1,1,1,1,1.0
FRESH,P009,prose,B,sparse,0.5,1,1.0,1.0,3,1,1,1,1,1.0
FRESH,P009,prose,B,sparse,0.6,1,1.0,1.0,3,1,1,1,1,1.0
FRESH,P009,prose,B,sparse,0.7,1,1.0,1.0,3,1,1,1,1,1.0
FRESH,P009,prose,B,sparse,0.8,1,1.0,1.0,3,1,1,1,1,1.0
FRESH,P010,prose,A,hybrid,0.4,1,0.5,0.6309297535714575,1,1,1,1,2,1.0
FRESH,P010,prose,A,hybrid,0.5,1,0.5,0.6309297535714575,1,1,1,1,2,1.0
FRESH,P010,prose,A,hybrid,0.6,1,0.5,0.6309297535714575,1,1,1,1,2,1.0
FRESH,P010,prose,A,hybrid,0.7,1,0.5,0.6309297535714575,1,1,1,1,2,1.0
FRESH,P010,prose,A,hybrid,0.8,1,0.5,0.6309297535714575,1,1,1,1,2,1.0
FRESH,P010,prose,A,dense,0.4,1,0.5,0.6309297535714575,1,1,1,1,2,1.0
FRESH,P010,prose,A,dense,0.5,1,0.5,0.6309297535714575,1,1,1,1,2,1.0
FRESH,P010,prose,A,dense,0.6,1,0.5,0.6309297535714575,1,1,1,1,2,1.0
FRESH,P010,prose,A,dense,0.7,1,0.5,0.6309297535714575,1,1,1,1,2,1.0
FRESH,P010,prose,A,dense,0.8,1,0.5,0.6309297535714575,1,1,1,1,2,1.0
FRESH,P010,prose,A,sparse,0.4,1,0.5,0.6309297535714575,1,1,1,1,2,1.0
FRESH,P010,prose,A,sparse,0.5,1,0.5,0.6309297535714575,1,1,1,1,2,1.0
FRESH,P010,prose,A,sparse,0.6,1,0.5,0.6309297535714575,1,1,1,1,2,1.0
FRESH,P010,prose,A,sparse,0.7,1,0.5,0.6309297535714575,1,1,1,1,2,1.0
FRESH,P010,prose,A,sparse,0.8,1,0.5,0.6309297535714575,1,1,1,1,2,1.0
FRESH,P010,prose,B,hybrid,0.4,1,0.5,0.6309297535714575,1,1,1,1,2,1.0
FRESH,P010,prose,B,hybrid,0.5,1,0.5,0.6309297535714575,1,1,1,1,2,1.0
FRESH,P010,prose,B,hybrid,0.6,1,0.5,0.6309297535714575,1,1,1,1,2,1.0
FRESH,P010,prose,B,hybrid,0.7,1,0.5,0.6309297535714575,1,1,1,1,2,1.0
FRESH,P010,prose,B,hybrid,0.8,1,0.5,0.6309297535714575,1,1,1,1,2,1.0
FRESH,P010,prose,B,dense,0.4,1,0.5,0.6309297535714575,1,1,1,1,2,1.0
FRESH,P010,prose,B,dense,0.5,1,0.5,0.6309297535714575,1,1,1,1,2,1.0
FRESH,P010,prose,B,dense,0.6,1,0.5,0.6309297535714575,1,1,1,1,2,1.0
FRESH,P010,prose,B,dense,0.7,1,0.5,0.6309297535714575,1,1,1,1,2,1.0
FRESH,P010,prose,B,dense,0.8,1,0.5,0.6309297535714575,1,1,1,1,2,1.0
FRESH,P010,prose,B,sparse,0.4,1,0.5,0.6309297535714575,1,1,1,1,2,1.0
FRESH,P010,prose,B,sparse,0.5,1,0.5,0.6309297535714575,1,1,1,1,2,1.0
FRESH,P010,prose,B,sparse,0.6,1,0.5,0.6309297535714575,1,1,1,1,2,1.0
FRESH,P010,prose,B,sparse,0.7,1,0.5,0.6309297535714575,1,1,1,1,2,1.0
FRESH,P010,prose,B,sparse,0.8,1,0.5,0.6309297535714575,1,1,1,1,2,1.0
FRESH,P011,prose,A,hybrid,0.4,1,0.14285714285714285,0.17437146561008365,7,1,1,1,7,1.0
FRESH,P011,prose,A,hybrid,0.5,1,0.14285714285714285,0.3333333333333333,1,1,1,1,7,1.0
FRESH,P011,prose,A,hybrid,0.6,1,0.14285714285714285,0.3333333333333333,1,1,1,1,7,1.0
FRESH,P011,prose,A,hybrid,0.7,1,0.14285714285714285,0.3333333333333333,1,1,1,1,7,1.0
FRESH,P011,prose,A,hybrid,0.8,1,0.14285714285714285,0.3333333333333333,1,1,1,1,7,1.0
FRESH,P011,prose,A,dense,0.4,1,0.3333333333333333,0.13743816645714543,7,1,1,1,3,0.43478260869565216
FRESH,P011,prose,A,dense,0.5,0,0.0,0.0,1,1,1,1,0,0.43478260869565216
FRESH,P011,prose,A,dense,0.6,0,0.0,0.0,1,1,1,1,0,0.43478260869565216
FRESH,P011,prose,A,dense,0.7,0,0.0,0.0,1,1,1,1,0,0.43478260869565216
FRESH,P011,prose,A,dense,0.8,0,0.0,0.0,1,1,0,1,0,0.43478260869565216
FRESH,P011,prose,A,sparse,0.4,1,0.16666666666666666,0.18462675384408755,7,1,1,1,6,1.0
FRESH,P011,prose,A,sparse,0.5,1,0.16666666666666666,0.3562071871080222,1,1,1,1,6,1.0
FRESH,P011,prose,A,sparse,0.6,1,0.16666666666666666,0.3562071871080222,1,1,1,1,6,1.0
FRESH,P011,prose,A,sparse,0.7,1,0.16666666666666666,0.3562071871080222,1,1,1,1,6,1.0
FRESH,P011,prose,A,sparse,0.8,1,0.16666666666666666,0.3562071871080222,1,1,1,1,6,1.0
FRESH,P011,prose,B,hybrid,0.4,1,0.5,0.17342765698823948,7,1,1,1,2,1.0
FRESH,P011,prose,B,hybrid,0.5,1,0.5,0.6309297535714575,1,1,1,1,2,1.0
FRESH,P011,prose,B,hybrid,0.6,1,0.5,0.6309297535714575,1,1,1,1,2,1.0
FRESH,P011,prose,B,hybrid,0.7,1,0.5,0.6309297535714575,1,1,1,1,2,1.0
FRESH,P011,prose,B,hybrid,0.8,1,0.5,0.6309297535714575,1,1,1,1,2,1.0
FRESH,P011,prose,B,dense,0.4,1,0.5,0.17342765698823948,7,1,1,1,2,1.0
FRESH,P011,prose,B,dense,0.5,1,0.5,0.6309297535714575,1,1,1,1,2,1.0
FRESH,P011,prose,B,dense,0.6,1,0.5,0.6309297535714575,1,1,1,1,2,1.0
FRESH,P011,prose,B,dense,0.7,1,0.5,0.6309297535714575,1,1,1,1,2,1.0
FRESH,P011,prose,B,dense,0.8,1,0.5,0.6309297535714575,1,1,1,1,2,1.0
FRESH,P011,prose,B,sparse,0.4,1,0.5,0.17342765698823948,7,1,1,1,2,1.0
FRESH,P011,prose,B,sparse,0.5,1,0.5,0.6309297535714575,1,1,1,1,2,1.0
FRESH,P011,prose,B,sparse,0.6,1,0.5,0.6309297535714575,1,1,1,1,2,1.0
FRESH,P011,prose,B,sparse,0.7,1,0.5,0.6309297535714575,1,1,1,1,2,1.0
FRESH,P011,prose,B,sparse,0.8,1,0.5,0.6309297535714575,1,1,1,1,2,1.0
FRESH,P012,prose,A,hybrid,0.4,1,1.0,1.0,1,1,1,1,1,1.0
FRESH,P012,prose,A,hybrid,0.5,1,1.0,1.0,1,1,1,1,1,1.0
FRESH,P012,prose,A,hybrid,0.6,1,1.0,1.0,1,1,1,1,1,1.0
FRESH,P012,prose,A,hybrid,0.7,1,1.0,1.0,1,1,1,1,1,1.0
FRESH,P012,prose,A,hybrid,0.8,1,1.0,1.0,1,1,1,1,1,1.0
FRESH,P012,prose,A,dense,0.4,1,1.0,1.0,1,1,1,1,1,1.0
FRESH,P012,prose,A,dense,0.5,1,1.0,1.0,1,1,1,1,1,1.0
FRESH,P012,prose,A,dense,0.6,1,1.0,1.0,1,1,1,1,1,1.0
FRESH,P012,prose,A,dense,0.7,1,1.0,1.0,1,1,1,1,1,1.0
FRESH,P012,prose,A,dense,0.8,1,1.0,1.0,1,1,1,1,1,1.0
FRESH,P012,prose,A,sparse,0.4,1,1.0,1.0,1,1,1,1,1,1.0
FRESH,P012,prose,A,sparse,0.5,1,1.0,1.0,1,1,1,1,1,1.0
FRESH,P012,prose,A,sparse,0.6,1,1.0,1.0,1,1,1,1,1,1.0
FRESH,P012,prose,A,sparse,0.7,1,1.0,1.0,1,1,1,1,1,1.0
FRESH,P012,prose,A,sparse,0.8,1,1.0,1.0,1,1,1,1,1,1.0
FRESH,P012,prose,B,hybrid,0.4,1,1.0,1.0,1,1,1,1,1,1.0
FRESH,P012,prose,B,hybrid,0.5,1,1.0,1.0,1,1,1,1,1,1.0
FRESH,P012,prose,B,hybrid,0.6,1,1.0,1.0,1,1,1,1,1,1.0
FRESH,P012,prose,B,hybrid,0.7,1,1.0,1.0,1,1,1,1,1,1.0
FRESH,P012,prose,B,hybrid,0.8,1,1.0,1.0,1,1,1,1,1,1.0
FRESH,P012,prose,B,dense,0.4,1,1.0,1.0,1,1,1,1,1,1.0
FRESH,P012,prose,B,dense,0.5,1,1.0,1.0,1,1,1,1,1,1.0
FRESH,P012,prose,B,dense,0.6,1,1.0,1.0,1,1,1,1,1,1.0
FRESH,P012,prose,B,dense,0.7,1,1.0,1.0,1,1,1,1,1,1.0
FRESH,P012,prose,B,dense,0.8,1,1.0,1.0,1,1,1,1,1,1.0
FRESH,P012,prose,B,sparse,0.4,1,1.0,1.0,1,1,1,1,1,1.0
FRESH,P012,prose,B,sparse,0.5,1,1.0,1.0,1,1,1,1,1,1.0
FRESH,P012,prose,B,sparse,0.6,1,1.0,1.0,1,1,1,1,1,1.0
FRESH,P012,prose,B,sparse,0.7,1,1.0,1.0,1,1,1,1,1,1.0
FRESH,P012,prose,B,sparse,0.8,1,1.0,1.0,1,1,1,1,1,1.0
FRESH,P013,prose,A,hybrid,0.4,1,1.0,1.0,1,1,1,1,1,1.0
FRESH,P013,prose,A,hybrid,0.5,1,1.0,1.0,1,1,1,1,1,1.0
FRESH,P013,prose,A,hybrid,0.6,1,1.0,1.0,1,1,1,1,1,1.0
FRESH,P013,prose,A,hybrid,0.7,1,1.0,1.0,1,1,1,1,1,1.0
FRESH,P013,prose,A,hybrid,0.8,1,1.0,1.0,1,1,1,1,1,1.0
FRESH,P013,prose,A,dense,0.4,1,1.0,1.0,1,1,1,1,1,1.0
FRESH,P013,prose,A,dense,0.5,1,1.0,1.0,1,1,1,1,1,1.0
FRESH,P013,prose,A,dense,0.6,1,1.0,1.0,1,1,1,1,1,1.0
FRESH,P013,prose,A,dense,0.7,1,1.0,1.0,1,1,1,1,1,1.0
FRESH,P013,prose,A,dense,0.8,1,1.0,1.0,1,1,1,1,1,1.0
FRESH,P013,prose,A,sparse,0.4,1,1.0,1.0,1,1,1,1,1,1.0
FRESH,P013,prose,A,sparse,0.5,1,1.0,1.0,1,1,1,1,1,1.0
FRESH,P013,prose,A,sparse,0.6,1,1.0,1.0,1,1,1,1,1,1.0
FRESH,P013,prose,A,sparse,0.7,1,1.0,1.0,1,1,1,1,1,1.0
FRESH,P013,prose,A,sparse,0.8,1,1.0,1.0,1,1,1,1,1,1.0
FRESH,P013,prose,B,hybrid,0.4,1,1.0,1.0,1,1,1,1,1,1.0
FRESH,P013,prose,B,hybrid,0.5,1,1.0,1.0,1,1,1,1,1,1.0
FRESH,P013,prose,B,hybrid,0.6,1,1.0,1.0,1,1,1,1,1,1.0
FRESH,P013,prose,B,hybrid,0.7,1,1.0,1.0,1,1,1,1,1,1.0
FRESH,P013,prose,B,hybrid,0.8,1,1.0,1.0,1,1,1,1,1,1.0
FRESH,P013,prose,B,dense,0.4,0,0.0,0.0,1,1,0,1,0,0.1326530612244898
FRESH,P013,prose,B,dense,0.5,0,0.0,0.0,1,1,0,1,0,0.1326530612244898
FRESH,P013,prose,B,dense,0.6,0,0.0,0.0,1,1,0,1,0,0.1326530612244898
FRESH,P013,prose,B,dense,0.7,0,0.0,0.0,1,1,0,1,0,0.1326530612244898
FRESH,P013,prose,B,dense,0.8,0,0.0,0.0,1,1,0,1,0,0.1326530612244898
FRESH,P013,prose,B,sparse,0.4,1,1.0,1.0,1,1,1,1,1,1.0
FRESH,P013,prose,B,sparse,0.5,1,1.0,1.0,1,1,1,1,1,1.0
FRESH,P013,prose,B,sparse,0.6,1,1.0,1.0,1,1,1,1,1,1.0
FRESH,P013,prose,B,sparse,0.7,1,1.0,1.0,1,1,1,1,1,1.0
FRESH,P013,prose,B,sparse,0.8,1,1.0,1.0,1,1,1,1,1,1.0
FRESH,P014,prose,A,hybrid,0.4,1,1.0,1.0,1,1,1,1,1,1.0
FRESH,P014,prose,A,hybrid,0.5,1,1.0,1.0,1,1,1,1,1,1.0
FRESH,P014,prose,A,hybrid,0.6,1,1.0,1.0,1,1,1,1,1,1.0
FRESH,P014,prose,A,hybrid,0.7,1,1.0,1.0,1,1,1,1,1,1.0
FRESH,P014,prose,A,hybrid,0.8,1,1.0,1.0,1,1,1,1,1,1.0
FRESH,P014,prose,A,dense,0.4,1,1.0,1.0,1,1,1,1,1,1.0
FRESH,P014,prose,A,dense,0.5,1,1.0,1.0,1,1,1,1,1,1.0
FRESH,P014,prose,A,dense,0.6,1,1.0,1.0,1,1,1,1,1,1.0
FRESH,P014,prose,A,dense,0.7,1,1.0,1.0,1,1,1,1,1,1.0
FRESH,P014,prose,A,dense,0.8,1,1.0,1.0,1,1,1,1,1,1.0
FRESH,P014,prose,A,sparse,0.4,1,1.0,1.0,1,1,1,1,1,1.0
FRESH,P014,prose,A,sparse,0.5,1,1.0,1.0,1,1,1,1,1,1.0
FRESH,P014,prose,A,sparse,0.6,1,1.0,1.0,1,1,1,1,1,1.0
FRESH,P014,prose,A,sparse,0.7,1,1.0,1.0,1,1,1,1,1,1.0
FRESH,P014,prose,A,sparse,0.8,1,1.0,1.0,1,1,1,1,1,1.0
FRESH,P014,prose,B,hybrid,0.4,1,1.0,1.0,1,1,1,1,1,1.0
FRESH,P014,prose,B,hybrid,0.5,1,1.0,1.0,1,1,1,1,1,1.0
FRESH,P014,prose,B,hybrid,0.6,1,1.0,1.0,1,1,1,1,1,1.0
FRESH,P014,prose,B,hybrid,0.7,1,1.0,1.0,1,1,1,1,1,1.0
FRESH,P014,prose,B,hybrid,0.8,1,1.0,1.0,1,1,1,1,1,1.0
FRESH,P014,prose,B,dense,0.4,1,1.0,1.0,1,1,1,1,1,1.0
FRESH,P014,prose,B,dense,0.5,1,1.0,1.0,1,1,1,1,1,1.0
FRESH,P014,prose,B,dense,0.6,1,1.0,1.0,1,1,1,1,1,1.0
FRESH,P014,prose,B,dense,0.7,1,1.0,1.0,1,1,1,1,1,1.0
FRESH,P014,prose,B,dense,0.8,1,1.0,1.0,1,1,1,1,1,1.0
FRESH,P014,prose,B,sparse,0.4,1,1.0,1.0,1,1,1,1,1,1.0
FRESH,P014,prose,B,sparse,0.5,1,1.0,1.0,1,1,1,1,1,1.0
FRESH,P014,prose,B,sparse,0.6,1,1.0,1.0,1,1,1,1,1,1.0
FRESH,P014,prose,B,sparse,0.7,1,1.0,1.0,1,1,1,1,1,1.0
FRESH,P014,prose,B,sparse,0.8,1,1.0,1.0,1,1,1,1,1,1.0
FRESH,P015,prose,A,hybrid,0.4,1,1.0,1.0,1,1,1,1,1,1.0
FRESH,P015,prose,A,hybrid,0.5,1,1.0,1.0,1,1,1,1,1,1.0
FRESH,P015,prose,A,hybrid,0.6,1,1.0,1.0,1,1,1,1,1,1.0
FRESH,P015,prose,A,hybrid,0.7,1,1.0,1.0,1,1,1,1,1,1.0
FRESH,P015,prose,A,hybrid,0.8,1,1.0,1.0,1,1,1,1,1,1.0
FRESH,P015,prose,A,dense,0.4,1,1.0,1.0,1,1,1,1,1,1.0
FRESH,P015,prose,A,dense,0.5,1,1.0,1.0,1,1,1,1,1,1.0
FRESH,P015,prose,A,dense,0.6,1,1.0,1.0,1,1,1,1,1,1.0
FRESH,P015,prose,A,dense,0.7,1,1.0,1.0,1,1,1,1,1,1.0
FRESH,P015,prose,A,dense,0.8,1,1.0,1.0,1,1,1,1,1,1.0
FRESH,P015,prose,A,sparse,0.4,1,1.0,1.0,1,1,1,1,1,1.0
FRESH,P015,prose,A,sparse,0.5,1,1.0,1.0,1,1,1,1,1,1.0
FRESH,P015,prose,A,sparse,0.6,1,1.0,1.0,1,1,1,1,1,1.0
FRESH,P015,prose,A,sparse,0.7,1,1.0,1.0,1,1,1,1,1,1.0
FRESH,P015,prose,A,sparse,0.8,1,1.0,1.0,1,1,1,1,1,1.0
FRESH,P015,prose,B,hybrid,0.4,1,1.0,1.0,1,1,1,1,1,1.0
FRESH,P015,prose,B,hybrid,0.5,1,1.0,1.0,1,1,1,1,1,1.0
FRESH,P015,prose,B,hybrid,0.6,1,1.0,1.0,1,1,1,1,1,1.0
FRESH,P015,prose,B,hybrid,0.7,1,1.0,1.0,1,1,1,1,1,1.0
FRESH,P015,prose,B,hybrid,0.8,1,1.0,1.0,1,1,1,1,1,1.0
FRESH,P015,prose,B,dense,0.4,1,1.0,1.0,1,1,1,1,1,1.0
FRESH,P015,prose,B,dense,0.5,1,1.0,1.0,1,1,1,1,1,1.0
FRESH,P015,prose,B,dense,0.6,1,1.0,1.0,1,1,1,1,1,1.0
FRESH,P015,prose,B,dense,0.7,1,1.0,1.0,1,1,1,1,1,1.0
FRESH,P015,prose,B,dense,0.8,1,1.0,1.0,1,1,1,1,1,1.0
FRESH,P015,prose,B,sparse,0.4,1,1.0,1.0,1,1,1,1,1,1.0
FRESH,P015,prose,B,sparse,0.5,1,1.0,1.0,1,1,1,1,1,1.0
FRESH,P015,prose,B,sparse,0.6,1,1.0,1.0,1,1,1,1,1,1.0
FRESH,P015,prose,B,sparse,0.7,1,1.0,1.0,1,1,1,1,1,1.0
FRESH,P015,prose,B,sparse,0.8,1,1.0,1.0,1,1,1,1,1,1.0
FRESH,P016,prose,A,hybrid,0.4,1,1.0,1.0,1,1,1,1,1,1.0
FRESH,P016,prose,A,hybrid,0.5,1,1.0,1.0,1,1,1,1,1,1.0
FRESH,P016,prose,A,hybrid,0.6,1,1.0,1.0,1,1,1,1,1,1.0
FRESH,P016,prose,A,hybrid,0.7,1,1.0,1.0,1,1,1,1,1,1.0
FRESH,P016,prose,A,hybrid,0.8,1,1.0,1.0,1,1,1,1,1,1.0
FRESH,P016,prose,A,dense,0.4,1,1.0,1.0,1,1,1,1,1,1.0
FRESH,P016,prose,A,dense,0.5,1,1.0,1.0,1,1,1,1,1,1.0
FRESH,P016,prose,A,dense,0.6,1,1.0,1.0,1,1,1,1,1,1.0
FRESH,P016,prose,A,dense,0.7,1,1.0,1.0,1,1,1,1,1,1.0
FRESH,P016,prose,A,dense,0.8,1,1.0,1.0,1,1,1,1,1,1.0
FRESH,P016,prose,A,sparse,0.4,1,1.0,1.0,1,1,1,1,1,1.0
FRESH,P016,prose,A,sparse,0.5,1,1.0,1.0,1,1,1,1,1,1.0
FRESH,P016,prose,A,sparse,0.6,1,1.0,1.0,1,1,1,1,1,1.0
FRESH,P016,prose,A,sparse,0.7,1,1.0,1.0,1,1,1,1,1,1.0
FRESH,P016,prose,A,sparse,0.8,1,1.0,1.0,1,1,1,1,1,1.0
FRESH,P016,prose,B,hybrid,0.4,1,1.0,1.0,2,1,1,1,1,1.0
FRESH,P016,prose,B,hybrid,0.5,1,1.0,1.0,2,1,1,1,1,1.0
FRESH,P016,prose,B,hybrid,0.6,1,1.0,1.0,1,1,1,1,1,1.0
FRESH,P016,prose,B,hybrid,0.7,1,1.0,1.0,1,1,1,1,1,1.0
FRESH,P016,prose,B,hybrid,0.8,1,1.0,1.0,1,1,1,1,1,1.0
FRESH,P016,prose,B,dense,0.4,1,1.0,1.0,2,1,1,1,1,1.0
FRESH,P016,prose,B,dense,0.5,1,1.0,1.0,2,1,1,1,1,1.0
FRESH,P016,prose,B,dense,0.6,1,1.0,1.0,1,1,1,1,1,1.0
FRESH,P016,prose,B,dense,0.7,1,1.0,1.0,1,1,1,1,1,1.0
FRESH,P016,prose,B,dense,0.8,1,1.0,1.0,1,1,1,1,1,1.0
FRESH,P016,prose,B,sparse,0.4,1,1.0,1.0,2,1,1,1,1,1.0
FRESH,P016,prose,B,sparse,0.5,1,1.0,1.0,2,1,1,1,1,1.0
FRESH,P016,prose,B,sparse,0.6,1,1.0,1.0,1,1,1,1,1,1.0
FRESH,P016,prose,B,sparse,0.7,1,1.0,1.0,1,1,1,1,1,1.0
FRESH,P016,prose,B,sparse,0.8,1,1.0,1.0,1,1,1,1,1,1.0
FRESH,P017,prose,A,hybrid,0.4,1,1.0,1.0,1,1,1,1,1,1.0
FRESH,P017,prose,A,hybrid,0.5,1,1.0,1.0,1,1,1,1,1,1.0
FRESH,P017,prose,A,hybrid,0.6,1,1.0,1.0,1,1,1,1,1,1.0
FRESH,P017,prose,A,hybrid,0.7,1,1.0,1.0,1,1,1,1,1,1.0
FRESH,P017,prose,A,hybrid,0.8,1,1.0,1.0,1,1,1,1,1,1.0
FRESH,P017,prose,A,dense,0.4,1,1.0,1.0,1,1,1,1,1,1.0
FRESH,P017,prose,A,dense,0.5,1,1.0,1.0,1,1,1,1,1,1.0
FRESH,P017,prose,A,dense,0.6,1,1.0,1.0,1,1,1,1,1,1.0
FRESH,P017,prose,A,dense,0.7,1,1.0,1.0,1,1,1,1,1,1.0
FRESH,P017,prose,A,dense,0.8,1,1.0,1.0,1,1,1,1,1,1.0
FRESH,P017,prose,A,sparse,0.4,1,1.0,1.0,1,1,1,1,1,1.0
FRESH,P017,prose,A,sparse,0.5,1,1.0,1.0,1,1,1,1,1,1.0
FRESH,P017,prose,A,sparse,0.6,1,1.0,1.0,1,1,1,1,1,1.0
FRESH,P017,prose,A,sparse,0.7,1,1.0,1.0,1,1,1,1,1,1.0
FRESH,P017,prose,A,sparse,0.8,1,1.0,1.0,1,1,1,1,1,1.0
FRESH,P017,prose,B,hybrid,0.4,1,1.0,1.0,1,1,1,1,1,1.0
FRESH,P017,prose,B,hybrid,0.5,1,1.0,1.0,1,1,1,1,1,1.0
FRESH,P017,prose,B,hybrid,0.6,1,1.0,1.0,1,1,1,1,1,1.0
FRESH,P017,prose,B,hybrid,0.7,1,1.0,1.0,1,1,1,1,1,1.0
FRESH,P017,prose,B,hybrid,0.8,1,1.0,1.0,1,1,1,1,1,1.0
FRESH,P017,prose,B,dense,0.4,1,1.0,1.0,1,1,1,1,1,1.0
FRESH,P017,prose,B,dense,0.5,1,1.0,1.0,1,1,1,1,1,1.0
FRESH,P017,prose,B,dense,0.6,1,1.0,1.0,1,1,1,1,1,1.0
FRESH,P017,prose,B,dense,0.7,1,1.0,1.0,1,1,1,1,1,1.0
FRESH,P017,prose,B,dense,0.8,1,1.0,1.0,1,1,1,1,1,1.0
FRESH,P017,prose,B,sparse,0.4,1,1.0,1.0,1,1,1,1,1,1.0
FRESH,P017,prose,B,sparse,0.5,1,1.0,1.0,1,1,1,1,1,1.0
FRESH,P017,prose,B,sparse,0.6,1,1.0,1.0,1,1,1,1,1,1.0
FRESH,P017,prose,B,sparse,0.7,1,1.0,1.0,1,1,1,1,1,1.0
FRESH,P017,prose,B,sparse,0.8,1,1.0,1.0,1,1,1,1,1,1.0
FRESH,P018,prose,A,hybrid,0.4,1,1.0,0.3026024134988135,6,1,1,1,1,1.0
FRESH,P018,prose,A,hybrid,0.5,1,1.0,0.46927872602275644,3,1,1,1,1,1.0
FRESH,P018,prose,A,hybrid,0.6,1,1.0,0.6131471927654584,2,1,1,1,1,1.0
FRESH,P018,prose,A,hybrid,0.7,1,1.0,1.0,1,1,1,1,1,1.0
FRESH,P018,prose,A,hybrid,0.8,1,1.0,1.0,1,1,1,1,1,1.0
FRESH,P018,prose,A,dense,0.4,1,1.0,0.3026024134988135,6,1,1,1,1,1.0
FRESH,P018,prose,A,dense,0.5,1,1.0,0.46927872602275644,3,1,1,1,1,1.0
FRESH,P018,prose,A,dense,0.6,1,1.0,0.6131471927654584,2,1,1,1,1,1.0
FRESH,P018,prose,A,dense,0.7,1,1.0,1.0,1,1,1,1,1,1.0
FRESH,P018,prose,A,dense,0.8,1,1.0,1.0,1,1,1,1,1,1.0
FRESH,P018,prose,A,sparse,0.4,1,1.0,0.3026024134988135,6,1,1,1,1,1.0
FRESH,P018,prose,A,sparse,0.5,1,1.0,0.46927872602275644,3,1,1,1,1,1.0
FRESH,P018,prose,A,sparse,0.6,1,1.0,0.6131471927654584,2,1,1,1,1,1.0
FRESH,P018,prose,A,sparse,0.7,1,1.0,1.0,1,1,1,1,1,1.0
FRESH,P018,prose,A,sparse,0.8,1,1.0,1.0,1,1,1,1,1,1.0
FRESH,P018,prose,B,hybrid,0.4,1,1.0,0.27487633291429087,7,1,1,1,1,1.0
FRESH,P018,prose,B,hybrid,0.5,1,1.0,0.46927872602275644,3,1,1,1,1,1.0
FRESH,P018,prose,B,hybrid,0.6,1,1.0,0.46927872602275644,3,1,1,1,1,1.0
FRESH,P018,prose,B,hybrid,0.7,1,1.0,1.0,1,1,1,1,1,1.0
FRESH,P018,prose,B,hybrid,0.8,1,1.0,1.0,1,1,1,1,1,1.0
FRESH,P018,prose,B,dense,0.4,1,1.0,0.27487633291429087,7,1,1,1,1,1.0
FRESH,P018,prose,B,dense,0.5,1,1.0,0.46927872602275644,3,1,1,1,1,1.0
FRESH,P018,prose,B,dense,0.6,1,1.0,0.46927872602275644,3,1,1,1,1,1.0
FRESH,P018,prose,B,dense,0.7,1,1.0,1.0,1,1,1,1,1,1.0
FRESH,P018,prose,B,dense,0.8,1,1.0,1.0,1,1,1,1,1,1.0
FRESH,P018,prose,B,sparse,0.4,1,1.0,0.27487633291429087,7,1,1,1,1,1.0
FRESH,P018,prose,B,sparse,0.5,1,1.0,0.46927872602275644,3,1,1,1,1,1.0
FRESH,P018,prose,B,sparse,0.6,1,1.0,0.46927872602275644,3,1,1,1,1,1.0
FRESH,P018,prose,B,sparse,0.7,1,1.0,1.0,1,1,1,1,1,1.0
FRESH,P018,prose,B,sparse,0.8,1,1.0,1.0,1,1,1,1,1,1.0
OLD80_CONTAMINATED,Q001,table,A,hybrid,0.4,0,0.0,0.0,2,1,0,0,0,0.3745928338762215
OLD80_CONTAMINATED,Q001,table,A,hybrid,0.5,0,0.0,0.0,1,1,0,0,0,0.3745928338762215
OLD80_CONTAMINATED,Q001,table,A,hybrid,0.6,0,0.0,0.0,1,1,0,0,0,0.3745928338762215
OLD80_CONTAMINATED,Q001,table,A,hybrid,0.7,0,0.0,0.0,1,1,0,0,0,0.3745928338762215
OLD80_CONTAMINATED,Q001,table,A,hybrid,0.8,0,0.0,0.0,1,1,0,0,0,0.3745928338762215
OLD80_CONTAMINATED,Q001,table,A,dense,0.4,0,0.0,0.0,2,1,0,0,0,0.3745928338762215
OLD80_CONTAMINATED,Q001,table,A,dense,0.5,0,0.0,0.0,1,1,0,0,0,0.3745928338762215
OLD80_CONTAMINATED,Q001,table,A,dense,0.6,0,0.0,0.0,1,1,0,0,0,0.3745928338762215
OLD80_CONTAMINATED,Q001,table,A,dense,0.7,0,0.0,0.0,1,1,0,0,0,0.3745928338762215
OLD80_CONTAMINATED,Q001,table,A,dense,0.8,0,0.0,0.0,1,1,0,0,0,0.3745928338762215
OLD80_CONTAMINATED,Q001,table,A,sparse,0.4,0,0.0,0.0,2,1,0,0,0,0.3745928338762215
OLD80_CONTAMINATED,Q001,table,A,sparse,0.5,0,0.0,0.0,1,1,0,0,0,0.3745928338762215
OLD80_CONTAMINATED,Q001,table,A,sparse,0.6,0,0.0,0.0,1,1,0,0,0,0.3745928338762215
OLD80_CONTAMINATED,Q001,table,A,sparse,0.7,0,0.0,0.0,1,1,0,0,0,0.3745928338762215
OLD80_CONTAMINATED,Q001,table,A,sparse,0.8,0,0.0,0.0,1,1,0,0,0,0.3745928338762215
OLD80_CONTAMINATED,Q001,table,B,hybrid,0.4,0,0.0,0.0,0,0,0,1,0,0.09446254071661238
OLD80_CONTAMINATED,Q001,table,B,hybrid,0.5,0,0.0,0.0,0,0,0,1,0,0.09446254071661238
OLD80_CONTAMINATED,Q001,table,B,hybrid,0.6,0,0.0,0.0,0,0,0,1,0,0.09446254071661238
OLD80_CONTAMINATED,Q001,table,B,hybrid,0.7,0,0.0,0.0,0,0,0,1,0,0.09446254071661238
OLD80_CONTAMINATED,Q001,table,B,hybrid,0.8,0,0.0,0.0,0,0,0,1,0,0.09446254071661238
OLD80_CONTAMINATED,Q001,table,B,dense,0.4,0,0.0,0.0,0,0,0,1,0,0.09446254071661238
OLD80_CONTAMINATED,Q001,table,B,dense,0.5,0,0.0,0.0,0,0,0,1,0,0.09446254071661238
OLD80_CONTAMINATED,Q001,table,B,dense,0.6,0,0.0,0.0,0,0,0,1,0,0.09446254071661238
OLD80_CONTAMINATED,Q001,table,B,dense,0.7,0,0.0,0.0,0,0,0,1,0,0.09446254071661238
OLD80_CONTAMINATED,Q001,table,B,dense,0.8,0,0.0,0.0,0,0,0,1,0,0.09446254071661238
OLD80_CONTAMINATED,Q001,table,B,sparse,0.4,0,0.0,0.0,0,0,0,1,0,0.09446254071661238
OLD80_CONTAMINATED,Q001,table,B,sparse,0.5,0,0.0,0.0,0,0,0,1,0,0.09446254071661238
OLD80_CONTAMINATED,Q001,table,B,sparse,0.6,0,0.0,0.0,0,0,0,1,0,0.09446254071661238
OLD80_CONTAMINATED,Q001,table,B,sparse,0.7,0,0.0,0.0,0,0,0,1,0,0.09446254071661238
OLD80_CONTAMINATED,Q001,table,B,sparse,0.8,0,0.0,0.0,0,0,0,1,0,0.09446254071661238
OLD80_CONTAMINATED,Q002,table,A,hybrid,0.4,1,1.0,1.0,1,1,1,1,1,1.0
OLD80_CONTAMINATED,Q002,table,A,hybrid,0.5,1,1.0,1.0,1,1,1,1,1,1.0
OLD80_CONTAMINATED,Q002,table,A,hybrid,0.6,1,1.0,1.0,1,1,1,1,1,1.0
OLD80_CONTAMINATED,Q002,table,A,hybrid,0.7,1,1.0,1.0,1,1,1,1,1,1.0
OLD80_CONTAMINATED,Q002,table,A,hybrid,0.8,1,1.0,1.0,1,1,1,1,1,1.0
OLD80_CONTAMINATED,Q002,table,A,dense,0.4,1,1.0,1.0,1,1,1,1,1,1.0
OLD80_CONTAMINATED,Q002,table,A,dense,0.5,1,1.0,1.0,1,1,1,1,1,1.0
OLD80_CONTAMINATED,Q002,table,A,dense,0.6,1,1.0,1.0,1,1,1,1,1,1.0
OLD80_CONTAMINATED,Q002,table,A,dense,0.7,1,1.0,1.0,1,1,1,1,1,1.0
OLD80_CONTAMINATED,Q002,table,A,dense,0.8,1,1.0,1.0,1,1,1,1,1,1.0
OLD80_CONTAMINATED,Q002,table,A,sparse,0.4,1,1.0,1.0,1,1,1,1,1,1.0
OLD80_CONTAMINATED,Q002,table,A,sparse,0.5,1,1.0,1.0,1,1,1,1,1,1.0
OLD80_CONTAMINATED,Q002,table,A,sparse,0.6,1,1.0,1.0,1,1,1,1,1,1.0
OLD80_CONTAMINATED,Q002,table,A,sparse,0.7,1,1.0,1.0,1,1,1,1,1,1.0
OLD80_CONTAMINATED,Q002,table,A,sparse,0.8,1,1.0,1.0,1,1,1,1,1,1.0
OLD80_CONTAMINATED,Q002,table,B,hybrid,0.4,0,0.0,0.0,0,0,1,1,0,0.3165829145728643
OLD80_CONTAMINATED,Q002,table,B,hybrid,0.5,0,0.0,0.0,0,0,1,1,0,0.3165829145728643
OLD80_CONTAMINATED,Q002,table,B,hybrid,0.6,0,0.0,0.0,0,0,1,1,0,0.3165829145728643
OLD80_CONTAMINATED,Q002,table,B,hybrid,0.7,0,0.0,0.0,0,0,1,1,0,0.3165829145728643
OLD80_CONTAMINATED,Q002,table,B,hybrid,0.8,0,0.0,0.0,0,0,1,1,0,0.3165829145728643
OLD80_CONTAMINATED,Q002,table,B,dense,0.4,0,0.0,0.0,0,0,1,1,0,0.3165829145728643
OLD80_CONTAMINATED,Q002,table,B,dense,0.5,0,0.0,0.0,0,0,1,1,0,0.3165829145728643
OLD80_CONTAMINATED,Q002,table,B,dense,0.6,0,0.0,0.0,0,0,1,1,0,0.3165829145728643
OLD80_CONTAMINATED,Q002,table,B,dense,0.7,0,0.0,0.0,0,0,1,1,0,0.3165829145728643
OLD80_CONTAMINATED,Q002,table,B,dense,0.8,0,0.0,0.0,0,0,1,1,0,0.3165829145728643
OLD80_CONTAMINATED,Q002,table,B,sparse,0.4,0,0.0,0.0,0,0,1,1,0,0.3165829145728643
OLD80_CONTAMINATED,Q002,table,B,sparse,0.5,0,0.0,0.0,0,0,1,1,0,0.3165829145728643
OLD80_CONTAMINATED,Q002,table,B,sparse,0.6,0,0.0,0.0,0,0,1,1,0,0.3165829145728643
OLD80_CONTAMINATED,Q002,table,B,sparse,0.7,0,0.0,0.0,0,0,1,1,0,0.3165829145728643
OLD80_CONTAMINATED,Q002,table,B,sparse,0.8,0,0.0,0.0,0,0,1,1,0,0.3165829145728643
OLD80_CONTAMINATED,Q003,table,A,hybrid,0.4,1,0.3333333333333333,0.5,1,1,1,1,3,1.0
OLD80_CONTAMINATED,Q003,table,A,hybrid,0.5,1,0.3333333333333333,0.5,1,1,1,1,3,1.0
OLD80_CONTAMINATED,Q003,table,A,hybrid,0.6,1,0.3333333333333333,0.5,1,1,1,1,3,1.0
OLD80_CONTAMINATED,Q003,table,A,hybrid,0.7,1,0.3333333333333333,0.5,1,1,1,1,3,1.0
OLD80_CONTAMINATED,Q003,table,A,hybrid,0.8,1,0.3333333333333333,0.5,1,1,1,1,3,1.0
OLD80_CONTAMINATED,Q003,table,A,dense,0.4,0,0.0,0.0,1,1,0,1,0,0.058823529411764705
OLD80_CONTAMINATED,Q003,table,A,dense,0.5,0,0.0,0.0,1,1,0,1,0,0.058823529411764705
OLD80_CONTAMINATED,Q003,table,A,dense,0.6,0,0.0,0.0,1,1,0,1,0,0.058823529411764705
OLD80_CONTAMINATED,Q003,table,A,dense,0.7,0,0.0,0.0,1,1,0,1,0,0.058823529411764705
OLD80_CONTAMINATED,Q003,table,A,dense,0.8,0,0.0,0.0,1,1,0,1,0,0.058823529411764705
OLD80_CONTAMINATED,Q003,table,A,sparse,0.4,1,0.3333333333333333,0.5,1,1,1,1,3,1.0
OLD80_CONTAMINATED,Q003,table,A,sparse,0.5,1,0.3333333333333333,0.5,1,1,1,1,3,1.0
OLD80_CONTAMINATED,Q003,table,A,sparse,0.6,1,0.3333333333333333,0.5,1,1,1,1,3,1.0
OLD80_CONTAMINATED,Q003,table,A,sparse,0.7,1,0.3333333333333333,0.5,1,1,1,1,3,1.0
OLD80_CONTAMINATED,Q003,table,A,sparse,0.8,1,0.3333333333333333,0.5,1,1,1,1,3,1.0
OLD80_CONTAMINATED,Q003,table,B,hybrid,0.4,0,0.0,0.0,0,0,0,1,0,0.2823529411764706
OLD80_CONTAMINATED,Q003,table,B,hybrid,0.5,0,0.0,0.0,0,0,0,1,0,0.2823529411764706
OLD80_CONTAMINATED,Q003,table,B,hybrid,0.6,0,0.0,0.0,0,0,0,1,0,0.2823529411764706
OLD80_CONTAMINATED,Q003,table,B,hybrid,0.7,0,0.0,0.0,0,0,0,1,0,0.2823529411764706
OLD80_CONTAMINATED,Q003,table,B,hybrid,0.8,0,0.0,0.0,0,0,0,1,0,0.2823529411764706
OLD80_CONTAMINATED,Q003,table,B,dense,0.4,0,0.0,0.0,0,0,0,0,0,0.05411764705882353
OLD80_CONTAMINATED,Q003,table,B,dense,0.5,0,0.0,0.0,0,0,0,0,0,0.05411764705882353
OLD80_CONTAMINATED,Q003,table,B,dense,0.6,0,0.0,0.0,0,0,0,0,0,0.05411764705882353
OLD80_CONTAMINATED,Q003,table,B,dense,0.7,0,0.0,0.0,0,0,0,0,0,0.05411764705882353
OLD80_CONTAMINATED,Q003,table,B,dense,0.8,0,0.0,0.0,0,0,0,0,0,0.05411764705882353
OLD80_CONTAMINATED,Q003,table,B,sparse,0.4,0,0.0,0.0,0,0,1,1,0,0.2823529411764706
OLD80_CONTAMINATED,Q003,table,B,sparse,0.5,0,0.0,0.0,0,0,1,1,0,0.2823529411764706
OLD80_CONTAMINATED,Q003,table,B,sparse,0.6,0,0.0,0.0,0,0,1,1,0,0.2823529411764706
OLD80_CONTAMINATED,Q003,table,B,sparse,0.7,0,0.0,0.0,0,0,0,1,0,0.2823529411764706
OLD80_CONTAMINATED,Q003,table,B,sparse,0.8,0,0.0,0.0,0,0,0,1,0,0.2823529411764706
OLD80_CONTAMINATED,Q004,table,A,hybrid,0.4,1,1.0,1.0,1,1,1,1,1,1.0
OLD80_CONTAMINATED,Q004,table,A,hybrid,0.5,1,1.0,1.0,1,1,1,1,1,1.0
OLD80_CONTAMINATED,Q004,table,A,hybrid,0.6,1,1.0,1.0,1,1,1,1,1,1.0
OLD80_CONTAMINATED,Q004,table,A,hybrid,0.7,1,1.0,1.0,1,1,1,1,1,1.0
OLD80_CONTAMINATED,Q004,table,A,hybrid,0.8,1,1.0,1.0,1,1,1,1,1,1.0
OLD80_CONTAMINATED,Q004,table,A,dense,0.4,1,1.0,1.0,1,1,1,1,1,1.0
OLD80_CONTAMINATED,Q004,table,A,dense,0.5,1,1.0,1.0,1,1,1,1,1,1.0
OLD80_CONTAMINATED,Q004,table,A,dense,0.6,1,1.0,1.0,1,1,1,1,1,1.0
OLD80_CONTAMINATED,Q004,table,A,dense,0.7,1,1.0,1.0,1,1,1,1,1,1.0
OLD80_CONTAMINATED,Q004,table,A,dense,0.8,1,1.0,1.0,1,1,1,1,1,1.0
OLD80_CONTAMINATED,Q004,table,A,sparse,0.4,1,1.0,1.0,1,1,1,1,1,1.0
OLD80_CONTAMINATED,Q004,table,A,sparse,0.5,1,1.0,1.0,1,1,1,1,1,1.0
OLD80_CONTAMINATED,Q004,table,A,sparse,0.6,1,1.0,1.0,1,1,1,1,1,1.0
OLD80_CONTAMINATED,Q004,table,A,sparse,0.7,1,1.0,1.0,1,1,1,1,1,1.0
OLD80_CONTAMINATED,Q004,table,A,sparse,0.8,1,1.0,1.0,1,1,1,1,1,1.0
OLD80_CONTAMINATED,Q004,table,B,hybrid,0.4,0,0.0,0.0,0,0,1,1,0,0.3921085080147966
OLD80_CONTAMINATED,Q004,table,B,hybrid,0.5,0,0.0,0.0,0,0,1,1,0,0.3921085080147966
OLD80_CONTAMINATED,Q004,table,B,hybrid,0.6,0,0.0,0.0,0,0,1,1,0,0.3921085080147966
OLD80_CONTAMINATED,Q004,table,B,hybrid,0.7,0,0.0,0.0,0,0,1,1,0,0.3921085080147966
OLD80_CONTAMINATED,Q004,table,B,hybrid,0.8,0,0.0,0.0,0,0,1,1,0,0.3921085080147966
OLD80_CONTAMINATED,Q004,table,B,dense,0.4,0,0.0,0.0,0,0,1,1,0,0.3921085080147966
OLD80_CONTAMINATED,Q004,table,B,dense,0.5,0,0.0,0.0,0,0,1,1,0,0.3921085080147966
OLD80_CONTAMINATED,Q004,table,B,dense,0.6,0,0.0,0.0,0,0,1,1,0,0.3921085080147966
OLD80_CONTAMINATED,Q004,table,B,dense,0.7,0,0.0,0.0,0,0,1,1,0,0.3921085080147966
OLD80_CONTAMINATED,Q004,table,B,dense,0.8,0,0.0,0.0,0,0,1,1,0,0.3921085080147966
OLD80_CONTAMINATED,Q004,table,B,sparse,0.4,0,0.0,0.0,0,0,1,1,0,0.3921085080147966
OLD80_CONTAMINATED,Q004,table,B,sparse,0.5,0,0.0,0.0,0,0,1,1,0,0.3921085080147966
OLD80_CONTAMINATED,Q004,table,B,sparse,0.6,0,0.0,0.0,0,0,1,1,0,0.3921085080147966
OLD80_CONTAMINATED,Q004,table,B,sparse,0.7,0,0.0,0.0,0,0,1,1,0,0.3921085080147966
OLD80_CONTAMINATED,Q004,table,B,sparse,0.8,0,0.0,0.0,0,0,1,1,0,0.3921085080147966
OLD80_CONTAMINATED,Q005,table,A,hybrid,0.4,1,1.0,1.0,1,1,1,1,1,1.0
OLD80_CONTAMINATED,Q005,table,A,hybrid,0.5,1,1.0,1.0,1,1,1,1,1,1.0
OLD80_CONTAMINATED,Q005,table,A,hybrid,0.6,1,1.0,1.0,1,1,1,1,1,1.0
OLD80_CONTAMINATED,Q005,table,A,hybrid,0.7,1,1.0,1.0,1,1,1,1,1,1.0
OLD80_CONTAMINATED,Q005,table,A,hybrid,0.8,1,1.0,1.0,1,1,1,1,1,1.0
OLD80_CONTAMINATED,Q005,table,A,dense,0.4,1,1.0,1.0,1,1,1,1,1,1.0
OLD80_CONTAMINATED,Q005,table,A,dense,0.5,1,1.0,1.0,1,1,1,1,1,1.0
OLD80_CONTAMINATED,Q005,table,A,dense,0.6,1,1.0,1.0,1,1,1,1,1,1.0
OLD80_CONTAMINATED,Q005,table,A,dense,0.7,1,1.0,1.0,1,1,1,1,1,1.0
OLD80_CONTAMINATED,Q005,table,A,dense,0.8,1,1.0,1.0,1,1,1,1,1,1.0
OLD80_CONTAMINATED,Q005,table,A,sparse,0.4,1,1.0,1.0,1,1,1,1,1,1.0
OLD80_CONTAMINATED,Q005,table,A,sparse,0.5,1,1.0,1.0,1,1,1,1,1,1.0
OLD80_CONTAMINATED,Q005,table,A,sparse,0.6,1,1.0,1.0,1,1,1,1,1,1.0
OLD80_CONTAMINATED,Q005,table,A,sparse,0.7,1,1.0,1.0,1,1,1,1,1,1.0
OLD80_CONTAMINATED,Q005,table,A,sparse,0.8,1,1.0,1.0,1,1,1,1,1,1.0
OLD80_CONTAMINATED,Q005,table,B,hybrid,0.4,0,0.0,0.0,1,1,0,0,0,0.11176470588235295
OLD80_CONTAMINATED,Q005,table,B,hybrid,0.5,0,0.0,0.0,1,1,0,0,0,0.11176470588235295
OLD80_CONTAMINATED,Q005,table,B,hybrid,0.6,0,0.0,0.0,1,1,0,0,0,0.11176470588235295
OLD80_CONTAMINATED,Q005,table,B,hybrid,0.7,0,0.0,0.0,1,1,0,0,0,0.11176470588235295
OLD80_CONTAMINATED,Q005,table,B,hybrid,0.8,0,0.0,0.0,1,1,0,0,0,0.11176470588235295
OLD80_CONTAMINATED,Q005,table,B,dense,0.4,0,0.0,0.0,1,1,0,0,0,0.07058823529411765
OLD80_CONTAMINATED,Q005,table,B,dense,0.5,0,0.0,0.0,1,1,0,0,0,0.07058823529411765
OLD80_CONTAMINATED,Q005,table,B,dense,0.6,0,0.0,0.0,1,1,0,0,0,0.07058823529411765
OLD80_CONTAMINATED,Q005,table,B,dense,0.7,0,0.0,0.0,1,1,0,0,0,0.07058823529411765
OLD80_CONTAMINATED,Q005,table,B,dense,0.8,0,0.0,0.0,1,1,0,0,0,0.07058823529411765
OLD80_CONTAMINATED,Q005,table,B,sparse,0.4,0,0.0,0.0,1,1,0,0,0,0.11176470588235295
OLD80_CONTAMINATED,Q005,table,B,sparse,0.5,0,0.0,0.0,1,1,0,0,0,0.11176470588235295
OLD80_CONTAMINATED,Q005,table,B,sparse,0.6,0,0.0,0.0,1,1,0,0,0,0.11176470588235295
OLD80_CONTAMINATED,Q005,table,B,sparse,0.7,0,0.0,0.0,1,1,0,0,0,0.11176470588235295
OLD80_CONTAMINATED,Q005,table,B,sparse,0.8,0,0.0,0.0,1,1,0,0,0,0.11176470588235295
OLD80_CONTAMINATED,Q006,table,A,hybrid,0.4,1,0.1,0.2890648263178879,1,1,1,1,10,1.0
OLD80_CONTAMINATED,Q006,table,A,hybrid,0.5,1,0.1,0.2890648263178879,1,1,1,1,10,1.0
OLD80_CONTAMINATED,Q006,table,A,hybrid,0.6,1,0.1,0.2890648263178879,1,1,1,1,10,1.0
OLD80_CONTAMINATED,Q006,table,A,hybrid,0.7,1,0.1,0.2890648263178879,1,1,1,1,10,1.0
OLD80_CONTAMINATED,Q006,table,A,hybrid,0.8,1,0.1,0.2890648263178879,1,1,1,1,10,1.0
OLD80_CONTAMINATED,Q006,table,A,dense,0.4,1,0.1111111111111111,0.3010299956639812,1,1,1,1,9,1.0
OLD80_CONTAMINATED,Q006,table,A,dense,0.5,1,0.1111111111111111,0.3010299956639812,1,1,1,1,9,1.0
OLD80_CONTAMINATED,Q006,table,A,dense,0.6,1,0.1111111111111111,0.3010299956639812,1,1,1,1,9,1.0
OLD80_CONTAMINATED,Q006,table,A,dense,0.7,1,0.1111111111111111,0.3010299956639812,1,1,1,1,9,1.0
OLD80_CONTAMINATED,Q006,table,A,dense,0.8,1,0.1111111111111111,0.3010299956639812,1,1,1,1,9,1.0
OLD80_CONTAMINATED,Q006,table,A,sparse,0.4,1,0.125,0.31546487678572877,1,1,1,1,8,1.0
OLD80_CONTAMINATED,Q006,table,A,sparse,0.5,1,0.125,0.31546487678572877,1,1,1,1,8,1.0
OLD80_CONTAMINATED,Q006,table,A,sparse,0.6,1,0.125,0.31546487678572877,1,1,1,1,8,1.0
OLD80_CONTAMINATED,Q006,table,A,sparse,0.7,1,0.125,0.31546487678572877,1,1,1,1,8,1.0
OLD80_CONTAMINATED,Q006,table,A,sparse,0.8,1,0.125,0.31546487678572877,1,1,1,1,8,1.0
OLD80_CONTAMINATED,Q006,table,B,hybrid,0.4,0,0.0,0.0,1,1,1,1,0,0.38645418326693226
OLD80_CONTAMINATED,Q006,table,B,hybrid,0.5,0,0.0,0.0,1,1,1,1,0,0.38645418326693226
OLD80_CONTAMINATED,Q006,table,B,hybrid,0.6,0,0.0,0.0,0,0,1,1,0,0.38645418326693226
OLD80_CONTAMINATED,Q006,table,B,hybrid,0.7,0,0.0,0.0,0,0,0,1,0,0.38645418326693226
OLD80_CONTAMINATED,Q006,table,B,hybrid,0.8,0,0.0,0.0,0,0,0,1,0,0.38645418326693226
OLD80_CONTAMINATED,Q006,table,B,dense,0.4,0,0.0,0.0,1,1,1,1,0,0.38645418326693226
OLD80_CONTAMINATED,Q006,table,B,dense,0.5,0,0.0,0.0,1,1,1,1,0,0.38645418326693226
OLD80_CONTAMINATED,Q006,table,B,dense,0.6,0,0.0,0.0,0,0,0,1,0,0.38645418326693226
OLD80_CONTAMINATED,Q006,table,B,dense,0.7,0,0.0,0.0,0,0,0,1,0,0.38645418326693226
OLD80_CONTAMINATED,Q006,table,B,dense,0.8,0,0.0,0.0,0,0,0,1,0,0.38645418326693226
OLD80_CONTAMINATED,Q006,table,B,sparse,0.4,0,0.0,0.0,1,1,1,1,0,0.38645418326693226
OLD80_CONTAMINATED,Q006,table,B,sparse,0.5,0,0.0,0.0,1,1,1,1,0,0.38645418326693226
OLD80_CONTAMINATED,Q006,table,B,sparse,0.6,0,0.0,0.0,0,0,1,1,0,0.38645418326693226
OLD80_CONTAMINATED,Q006,table,B,sparse,0.7,0,0.0,0.0,0,0,0,1,0,0.38645418326693226
OLD80_CONTAMINATED,Q006,table,B,sparse,0.8,0,0.0,0.0,0,0,0,1,0,0.38645418326693226
OLD80_CONTAMINATED,Q007,table,A,hybrid,0.4,1,0.3333333333333333,0.5,1,1,1,1,3,1.0
OLD80_CONTAMINATED,Q007,table,A,hybrid,0.5,1,0.3333333333333333,0.5,1,1,1,1,3,1.0
OLD80_CONTAMINATED,Q007,table,A,hybrid,0.6,1,0.3333333333333333,0.5,1,1,1,1,3,1.0
OLD80_CONTAMINATED,Q007,table,A,hybrid,0.7,1,0.3333333333333333,0.5,1,1,1,1,3,1.0
OLD80_CONTAMINATED,Q007,table,A,hybrid,0.8,1,0.3333333333333333,0.5,1,1,1,1,3,1.0
OLD80_CONTAMINATED,Q007,table,A,dense,0.4,1,0.5,0.6309297535714575,1,1,1,1,2,1.0
OLD80_CONTAMINATED,Q007,table,A,dense,0.5,1,0.5,0.6309297535714575,1,1,1,1,2,1.0
OLD80_CONTAMINATED,Q007,table,A,dense,0.6,1,0.5,0.6309297535714575,1,1,1,1,2,1.0
OLD80_CONTAMINATED,Q007,table,A,dense,0.7,1,0.5,0.6309297535714575,1,1,1,1,2,1.0
OLD80_CONTAMINATED,Q007,table,A,dense,0.8,1,0.5,0.6309297535714575,1,1,1,1,2,1.0
OLD80_CONTAMINATED,Q007,table,A,sparse,0.4,1,0.3333333333333333,0.5,1,1,1,1,3,1.0
OLD80_CONTAMINATED,Q007,table,A,sparse,0.5,1,0.3333333333333333,0.5,1,1,1,1,3,1.0
OLD80_CONTAMINATED,Q007,table,A,sparse,0.6,1,0.3333333333333333,0.5,1,1,1,1,3,1.0
OLD80_CONTAMINATED,Q007,table,A,sparse,0.7,1,0.3333333333333333,0.5,1,1,1,1,3,1.0
OLD80_CONTAMINATED,Q007,table,A,sparse,0.8,1,0.3333333333333333,0.5,1,1,1,1,3,1.0
OLD80_CONTAMINATED,Q007,table,B,hybrid,0.4,1,1.0,1.0,1,1,1,1,1,0.6616541353383458
OLD80_CONTAMINATED,Q007,table,B,hybrid,0.5,1,1.0,1.0,1,1,1,1,1,0.6616541353383458
OLD80_CONTAMINATED,Q007,table,B,hybrid,0.6,1,1.0,1.0,1,1,1,1,1,0.6616541353383458
OLD80_CONTAMINATED,Q007,table,B,hybrid,0.7,0,0.0,0.0,0,0,1,1,0,0.6616541353383458
OLD80_CONTAMINATED,Q007,table,B,hybrid,0.8,0,0.0,0.0,0,0,1,1,0,0.6616541353383458
OLD80_CONTAMINATED,Q007,table,B,dense,0.4,0,0.0,0.0,1,1,1,0,0,0.3082706766917293
OLD80_CONTAMINATED,Q007,table,B,dense,0.5,0,0.0,0.0,1,1,1,0,0,0.3082706766917293
OLD80_CONTAMINATED,Q007,table,B,dense,0.6,0,0.0,0.0,1,1,1,0,0,0.3082706766917293
OLD80_CONTAMINATED,Q007,table,B,dense,0.7,0,0.0,0.0,0,0,1,0,0,0.3082706766917293
OLD80_CONTAMINATED,Q007,table,B,dense,0.8,0,0.0,0.0,0,0,0,0,0,0.3082706766917293
OLD80_CONTAMINATED,Q007,table,B,sparse,0.4,1,1.0,1.0,1,1,1,1,1,0.6616541353383458
OLD80_CONTAMINATED,Q007,table,B,sparse,0.5,1,1.0,1.0,1,1,1,1,1,0.6616541353383458
OLD80_CONTAMINATED,Q007,table,B,sparse,0.6,1,1.0,1.0,1,1,1,1,1,0.6616541353383458
OLD80_CONTAMINATED,Q007,table,B,sparse,0.7,0,0.0,0.0,0,0,1,1,0,0.6616541353383458
OLD80_CONTAMINATED,Q007,table,B,sparse,0.8,0,0.0,0.0,0,0,1,1,0,0.6616541353383458
OLD80_CONTAMINATED,Q008,table,A,hybrid,0.4,1,1.0,1.0,1,1,1,1,1,1.0
OLD80_CONTAMINATED,Q008,table,A,hybrid,0.5,1,1.0,1.0,1,1,1,1,1,1.0
OLD80_CONTAMINATED,Q008,table,A,hybrid,0.6,1,1.0,1.0,1,1,1,1,1,1.0
OLD80_CONTAMINATED,Q008,table,A,hybrid,0.7,1,1.0,1.0,1,1,1,1,1,1.0
OLD80_CONTAMINATED,Q008,table,A,hybrid,0.8,1,1.0,1.0,1,1,1,1,1,1.0
OLD80_CONTAMINATED,Q008,table,A,dense,0.4,0,0.0,0.0,1,1,0,1,0,0.03165735567970205
OLD80_CONTAMINATED,Q008,table,A,dense,0.5,0,0.0,0.0,1,1,0,1,0,0.03165735567970205
OLD80_CONTAMINATED,Q008,table,A,dense,0.6,0,0.0,0.0,1,1,0,1,0,0.03165735567970205
OLD80_CONTAMINATED,Q008,table,A,dense,0.7,0,0.0,0.0,1,1,0,1,0,0.03165735567970205
OLD80_CONTAMINATED,Q008,table,A,dense,0.8,0,0.0,0.0,1,1,0,1,0,0.03165735567970205
OLD80_CONTAMINATED,Q008,table,A,sparse,0.4,1,1.0,1.0,1,1,1,1,1,1.0
OLD80_CONTAMINATED,Q008,table,A,sparse,0.5,1,1.0,1.0,1,1,1,1,1,1.0
OLD80_CONTAMINATED,Q008,table,A,sparse,0.6,1,1.0,1.0,1,1,1,1,1,1.0
OLD80_CONTAMINATED,Q008,table,A,sparse,0.7,1,1.0,1.0,1,1,1,1,1,1.0
OLD80_CONTAMINATED,Q008,table,A,sparse,0.8,1,1.0,1.0,1,1,1,1,1,1.0
OLD80_CONTAMINATED,Q008,table,B,hybrid,0.4,0,0.0,0.0,0,0,0,1,0,0.03165735567970205
OLD80_CONTAMINATED,Q008,table,B,hybrid,0.5,0,0.0,0.0,0,0,0,1,0,0.03165735567970205
OLD80_CONTAMINATED,Q008,table,B,hybrid,0.6,0,0.0,0.0,0,0,0,1,0,0.03165735567970205
OLD80_CONTAMINATED,Q008,table,B,hybrid,0.7,0,0.0,0.0,0,0,0,1,0,0.03165735567970205
OLD80_CONTAMINATED,Q008,table,B,hybrid,0.8,0,0.0,0.0,0,0,0,1,0,0.03165735567970205
OLD80_CONTAMINATED,Q008,table,B,dense,0.4,0,0.0,0.0,0,0,0,1,0,0.03165735567970205
OLD80_CONTAMINATED,Q008,table,B,dense,0.5,0,0.0,0.0,0,0,0,1,0,0.03165735567970205
OLD80_CONTAMINATED,Q008,table,B,dense,0.6,0,0.0,0.0,0,0,0,1,0,0.03165735567970205
OLD80_CONTAMINATED,Q008,table,B,dense,0.7,0,0.0,0.0,0,0,0,1,0,0.03165735567970205
OLD80_CONTAMINATED,Q008,table,B,dense,0.8,0,0.0,0.0,0,0,0,1,0,0.03165735567970205
OLD80_CONTAMINATED,Q008,table,B,sparse,0.4,0,0.0,0.0,0,0,0,1,0,0.03165735567970205
OLD80_CONTAMINATED,Q008,table,B,sparse,0.5,0,0.0,0.0,0,0,0,1,0,0.03165735567970205
OLD80_CONTAMINATED,Q008,table,B,sparse,0.6,0,0.0,0.0,0,0,0,1,0,0.03165735567970205
OLD80_CONTAMINATED,Q008,table,B,sparse,0.7,0,0.0,0.0,0,0,0,1,0,0.03165735567970205
OLD80_CONTAMINATED,Q008,table,B,sparse,0.8,0,0.0,0.0,0,0,0,1,0,0.03165735567970205
OLD80_CONTAMINATED,Q009,table,A,hybrid,0.4,1,0.16666666666666666,0.3562071871080222,1,1,1,1,6,1.0
OLD80_CONTAMINATED,Q009,table,A,hybrid,0.5,1,0.16666666666666666,0.3562071871080222,1,1,1,1,6,1.0
OLD80_CONTAMINATED,Q009,table,A,hybrid,0.6,1,0.16666666666666666,0.3562071871080222,1,1,1,1,6,1.0
OLD80_CONTAMINATED,Q009,table,A,hybrid,0.7,1,0.16666666666666666,0.3562071871080222,1,1,1,1,6,1.0
OLD80_CONTAMINATED,Q009,table,A,hybrid,0.8,1,0.16666666666666666,0.3562071871080222,1,1,1,1,6,1.0
OLD80_CONTAMINATED,Q009,table,A,dense,0.4,0,0.0,0.0,1,1,0,0,0,0.028
OLD80_CONTAMINATED,Q009,table,A,dense,0.5,0,0.0,0.0,1,1,0,0,0,0.028
OLD80_CONTAMINATED,Q009,table,A,dense,0.6,0,0.0,0.0,1,1,0,0,0,0.028
OLD80_CONTAMINATED,Q009,table,A,dense,0.7,0,0.0,0.0,1,1,0,0,0,0.028
OLD80_CONTAMINATED,Q009,table,A,dense,0.8,0,0.0,0.0,1,1,0,0,0,0.028
OLD80_CONTAMINATED,Q009,table,A,sparse,0.4,1,0.16666666666666666,0.3562071871080222,1,1,1,1,6,1.0
OLD80_CONTAMINATED,Q009,table,A,sparse,0.5,1,0.16666666666666666,0.3562071871080222,1,1,1,1,6,1.0
OLD80_CONTAMINATED,Q009,table,A,sparse,0.6,1,0.16666666666666666,0.3562071871080222,1,1,1,1,6,1.0
OLD80_CONTAMINATED,Q009,table,A,sparse,0.7,1,0.16666666666666666,0.3562071871080222,1,1,1,1,6,1.0
OLD80_CONTAMINATED,Q009,table,A,sparse,0.8,1,0.16666666666666666,0.3562071871080222,1,1,1,1,6,1.0
OLD80_CONTAMINATED,Q009,table,B,hybrid,0.4,0,0.0,0.0,0,0,0,1,0,0.112
OLD80_CONTAMINATED,Q009,table,B,hybrid,0.5,0,0.0,0.0,0,0,0,1,0,0.112
OLD80_CONTAMINATED,Q009,table,B,hybrid,0.6,0,0.0,0.0,0,0,0,1,0,0.112
OLD80_CONTAMINATED,Q009,table,B,hybrid,0.7,0,0.0,0.0,0,0,0,1,0,0.112
OLD80_CONTAMINATED,Q009,table,B,hybrid,0.8,0,0.0,0.0,0,0,0,1,0,0.112
OLD80_CONTAMINATED,Q009,table,B,dense,0.4,0,0.0,0.0,0,0,0,0,0,0.052
OLD80_CONTAMINATED,Q009,table,B,dense,0.5,0,0.0,0.0,0,0,0,0,0,0.052
OLD80_CONTAMINATED,Q009,table,B,dense,0.6,0,0.0,0.0,0,0,0,0,0,0.052
OLD80_CONTAMINATED,Q009,table,B,dense,0.7,0,0.0,0.0,0,0,0,0,0,0.052
OLD80_CONTAMINATED,Q009,table,B,dense,0.8,0,0.0,0.0,0,0,0,0,0,0.052
OLD80_CONTAMINATED,Q009,table,B,sparse,0.4,0,0.0,0.0,0,0,0,1,0,0.112
OLD80_CONTAMINATED,Q009,table,B,sparse,0.5,0,0.0,0.0,0,0,0,1,0,0.112
OLD80_CONTAMINATED,Q009,table,B,sparse,0.6,0,0.0,0.0,0,0,0,1,0,0.112
OLD80_CONTAMINATED,Q009,table,B,sparse,0.7,0,0.0,0.0,0,0,0,1,0,0.112
OLD80_CONTAMINATED,Q009,table,B,sparse,0.8,0,0.0,0.0,0,0,0,1,0,0.112
OLD80_CONTAMINATED,Q010,table,A,hybrid,0.4,1,1.0,0.9447176050778178,4,1,1,1,1,1.0
OLD80_CONTAMINATED,Q010,table,A,hybrid,0.5,1,1.0,1.0,1,1,1,1,1,1.0
OLD80_CONTAMINATED,Q010,table,A,hybrid,0.6,1,1.0,1.0,1,1,1,1,1,1.0
OLD80_CONTAMINATED,Q010,table,A,hybrid,0.7,1,1.0,1.0,1,1,1,1,1,1.0
OLD80_CONTAMINATED,Q010,table,A,hybrid,0.8,1,1.0,1.0,1,1,1,1,1,1.0
OLD80_CONTAMINATED,Q010,table,A,dense,0.4,1,1.0,0.6366824387328317,4,1,1,1,1,1.0
OLD80_CONTAMINATED,Q010,table,A,dense,0.5,1,1.0,1.0,1,1,1,1,1,1.0
OLD80_CONTAMINATED,Q010,table,A,dense,0.6,1,1.0,1.0,1,1,1,1,1,1.0
OLD80_CONTAMINATED,Q010,table,A,dense,0.7,1,1.0,1.0,1,1,1,1,1,1.0
OLD80_CONTAMINATED,Q010,table,A,dense,0.8,1,1.0,1.0,1,1,1,1,1,1.0
OLD80_CONTAMINATED,Q010,table,A,sparse,0.4,1,1.0,0.9493885684853096,4,1,1,1,1,1.0
OLD80_CONTAMINATED,Q010,table,A,sparse,0.5,1,1.0,1.0,1,1,1,1,1,1.0
OLD80_CONTAMINATED,Q010,table,A,sparse,0.6,1,1.0,1.0,1,1,1,1,1,1.0
OLD80_CONTAMINATED,Q010,table,A,sparse,0.7,1,1.0,1.0,1,1,1,1,1,1.0
OLD80_CONTAMINATED,Q010,table,A,sparse,0.8,1,1.0,1.0,1,1,1,1,1,1.0
OLD80_CONTAMINATED,Q010,table,B,hybrid,0.4,1,1.0,0.7238911047912078,5,1,1,1,1,0.6623376623376623
OLD80_CONTAMINATED,Q010,table,B,hybrid,0.5,1,1.0,1.0,1,1,1,1,1,0.6623376623376623
OLD80_CONTAMINATED,Q010,table,B,hybrid,0.6,1,1.0,1.0,1,1,1,1,1,0.6623376623376623
OLD80_CONTAMINATED,Q010,table,B,hybrid,0.7,0,0.0,0.0,0,0,0,1,0,0.6623376623376623
OLD80_CONTAMINATED,Q010,table,B,hybrid,0.8,0,0.0,0.0,0,0,0,1,0,0.6623376623376623
OLD80_CONTAMINATED,Q010,table,B,dense,0.4,1,1.0,0.3391602052736161,5,1,1,1,1,0.6623376623376623
OLD80_CONTAMINATED,Q010,table,B,dense,0.5,1,1.0,1.0,1,1,1,1,1,0.6623376623376623
OLD80_CONTAMINATED,Q010,table,B,dense,0.6,1,1.0,1.0,1,1,1,1,1,0.6623376623376623
OLD80_CONTAMINATED,Q010,table,B,dense,0.7,0,0.0,0.0,0,0,0,1,0,0.6623376623376623
OLD80_CONTAMINATED,Q010,table,B,dense,0.8,0,0.0,0.0,0,0,0,1,0,0.6623376623376623
OLD80_CONTAMINATED,Q010,table,B,sparse,0.4,1,1.0,0.7365447429771821,5,1,1,1,1,0.6623376623376623
OLD80_CONTAMINATED,Q010,table,B,sparse,0.5,1,1.0,1.0,1,1,1,1,1,0.6623376623376623
OLD80_CONTAMINATED,Q010,table,B,sparse,0.6,1,1.0,1.0,1,1,1,1,1,0.6623376623376623
OLD80_CONTAMINATED,Q010,table,B,sparse,0.7,0,0.0,0.0,0,0,0,1,0,0.6623376623376623
OLD80_CONTAMINATED,Q010,table,B,sparse,0.8,0,0.0,0.0,0,0,0,1,0,0.6623376623376623
OLD80_CONTAMINATED,Q011,table,A,hybrid,0.4,1,1.0,1.0,1,1,1,1,1,1.0
OLD80_CONTAMINATED,Q011,table,A,hybrid,0.5,1,1.0,1.0,1,1,1,1,1,1.0
OLD80_CONTAMINATED,Q011,table,A,hybrid,0.6,1,1.0,1.0,1,1,1,1,1,1.0
OLD80_CONTAMINATED,Q011,table,A,hybrid,0.7,1,1.0,1.0,1,1,1,1,1,1.0
OLD80_CONTAMINATED,Q011,table,A,hybrid,0.8,1,1.0,1.0,1,1,1,1,1,1.0
OLD80_CONTAMINATED,Q011,table,A,dense,0.4,1,1.0,1.0,1,1,1,1,1,1.0
OLD80_CONTAMINATED,Q011,table,A,dense,0.5,1,1.0,1.0,1,1,1,1,1,1.0
OLD80_CONTAMINATED,Q011,table,A,dense,0.6,1,1.0,1.0,1,1,1,1,1,1.0
OLD80_CONTAMINATED,Q011,table,A,dense,0.7,1,1.0,1.0,1,1,1,1,1,1.0
OLD80_CONTAMINATED,Q011,table,A,dense,0.8,1,1.0,1.0,1,1,1,1,1,1.0
OLD80_CONTAMINATED,Q011,table,A,sparse,0.4,1,1.0,1.0,1,1,1,1,1,1.0
OLD80_CONTAMINATED,Q011,table,A,sparse,0.5,1,1.0,1.0,1,1,1,1,1,1.0
OLD80_CONTAMINATED,Q011,table,A,sparse,0.6,1,1.0,1.0,1,1,1,1,1,1.0
OLD80_CONTAMINATED,Q011,table,A,sparse,0.7,1,1.0,1.0,1,1,1,1,1,1.0
OLD80_CONTAMINATED,Q011,table,A,sparse,0.8,1,1.0,1.0,1,1,1,1,1,1.0
OLD80_CONTAMINATED,Q011,table,B,hybrid,0.4,0,0.0,0.0,1,1,1,1,0,0.2273781902552204
OLD80_CONTAMINATED,Q011,table,B,hybrid,0.5,0,0.0,0.0,1,1,0,1,0,0.2273781902552204
OLD80_CONTAMINATED,Q011,table,B,hybrid,0.6,0,0.0,0.0,1,1,0,1,0,0.2273781902552204
OLD80_CONTAMINATED,Q011,table,B,hybrid,0.7,0,0.0,0.0,1,1,0,1,0,0.2273781902552204
OLD80_CONTAMINATED,Q011,table,B,hybrid,0.8,0,0.0,0.0,0,0,0,1,0,0.2273781902552204
OLD80_CONTAMINATED,Q011,table,B,dense,0.4,0,0.0,0.0,1,1,0,0,0,0.10208816705336426
OLD80_CONTAMINATED,Q011,table,B,dense,0.5,0,0.0,0.0,1,1,0,0,0,0.10208816705336426
OLD80_CONTAMINATED,Q011,table,B,dense,0.6,0,0.0,0.0,1,1,0,0,0,0.10208816705336426
OLD80_CONTAMINATED,Q011,table,B,dense,0.7,0,0.0,0.0,1,1,0,0,0,0.10208816705336426
OLD80_CONTAMINATED,Q011,table,B,dense,0.8,0,0.0,0.0,0,0,0,0,0,0.10208816705336426
OLD80_CONTAMINATED,Q011,table,B,sparse,0.4,0,0.0,0.0,1,1,0,1,0,0.2273781902552204
OLD80_CONTAMINATED,Q011,table,B,sparse,0.5,0,0.0,0.0,1,1,0,1,0,0.2273781902552204
OLD80_CONTAMINATED,Q011,table,B,sparse,0.6,0,0.0,0.0,1,1,0,1,0,0.2273781902552204
OLD80_CONTAMINATED,Q011,table,B,sparse,0.7,0,0.0,0.0,1,1,0,1,0,0.2273781902552204
OLD80_CONTAMINATED,Q011,table,B,sparse,0.8,0,0.0,0.0,0,0,0,1,0,0.2273781902552204
OLD80_CONTAMINATED,Q012,table,A,hybrid,0.4,0,0.0,0.0,1,1,0,0,0,0.09385113268608414
OLD80_CONTAMINATED,Q012,table,A,hybrid,0.5,0,0.0,0.0,1,1,0,0,0,0.09385113268608414
OLD80_CONTAMINATED,Q012,table,A,hybrid,0.6,0,0.0,0.0,1,1,0,0,0,0.09385113268608414
OLD80_CONTAMINATED,Q012,table,A,hybrid,0.7,0,0.0,0.0,1,1,0,0,0,0.09385113268608414
OLD80_CONTAMINATED,Q012,table,A,hybrid,0.8,0,0.0,0.0,1,1,0,0,0,0.09385113268608414
OLD80_CONTAMINATED,Q012,table,A,dense,0.4,0,0.0,0.0,1,1,0,0,0,0.09385113268608414
OLD80_CONTAMINATED,Q012,table,A,dense,0.5,0,0.0,0.0,1,1,0,0,0,0.09385113268608414
OLD80_CONTAMINATED,Q012,table,A,dense,0.6,0,0.0,0.0,1,1,0,0,0,0.09385113268608414
OLD80_CONTAMINATED,Q012,table,A,dense,0.7,0,0.0,0.0,1,1,0,0,0,0.09385113268608414
OLD80_CONTAMINATED,Q012,table,A,dense,0.8,0,0.0,0.0,1,1,0,0,0,0.09385113268608414
OLD80_CONTAMINATED,Q012,table,A,sparse,0.4,0,0.0,0.0,1,1,0,0,0,0.09385113268608414
OLD80_CONTAMINATED,Q012,table,A,sparse,0.5,0,0.0,0.0,1,1,0,0,0,0.09385113268608414
OLD80_CONTAMINATED,Q012,table,A,sparse,0.6,0,0.0,0.0,1,1,0,0,0,0.09385113268608414
OLD80_CONTAMINATED,Q012,table,A,sparse,0.7,0,0.0,0.0,1,1,0,0,0,0.09385113268608414
OLD80_CONTAMINATED,Q012,table,A,sparse,0.8,0,0.0,0.0,1,1,0,0,0,0.09385113268608414
OLD80_CONTAMINATED,Q012,table,B,hybrid,0.4,0,0.0,0.0,0,0,0,1,0,0.09385113268608414
OLD80_CONTAMINATED,Q012,table,B,hybrid,0.5,0,0.0,0.0,0,0,0,1,0,0.09385113268608414
OLD80_CONTAMINATED,Q012,table,B,hybrid,0.6,0,0.0,0.0,0,0,0,1,0,0.09385113268608414
OLD80_CONTAMINATED,Q012,table,B,hybrid,0.7,0,0.0,0.0,0,0,0,1,0,0.09385113268608414
OLD80_CONTAMINATED,Q012,table,B,hybrid,0.8,0,0.0,0.0,0,0,0,1,0,0.09385113268608414
OLD80_CONTAMINATED,Q012,table,B,dense,0.4,0,0.0,0.0,0,0,0,1,0,0.09385113268608414
OLD80_CONTAMINATED,Q012,table,B,dense,0.5,0,0.0,0.0,0,0,0,1,0,0.09385113268608414
OLD80_CONTAMINATED,Q012,table,B,dense,0.6,0,0.0,0.0,0,0,0,1,0,0.09385113268608414
OLD80_CONTAMINATED,Q012,table,B,dense,0.7,0,0.0,0.0,0,0,0,1,0,0.09385113268608414
OLD80_CONTAMINATED,Q012,table,B,dense,0.8,0,0.0,0.0,0,0,0,1,0,0.09385113268608414
OLD80_CONTAMINATED,Q012,table,B,sparse,0.4,0,0.0,0.0,0,0,0,1,0,0.09385113268608414
OLD80_CONTAMINATED,Q012,table,B,sparse,0.5,0,0.0,0.0,0,0,0,1,0,0.09385113268608414
OLD80_CONTAMINATED,Q012,table,B,sparse,0.6,0,0.0,0.0,0,0,0,1,0,0.09385113268608414
OLD80_CONTAMINATED,Q012,table,B,sparse,0.7,0,0.0,0.0,0,0,0,1,0,0.09385113268608414
OLD80_CONTAMINATED,Q012,table,B,sparse,0.8,0,0.0,0.0,0,0,0,1,0,0.09385113268608414
OLD80_CONTAMINATED,Q013,table,A,hybrid,0.4,1,0.5,0.6309297535714575,1,1,1,1,2,1.0
OLD80_CONTAMINATED,Q013,table,A,hybrid,0.5,1,0.5,0.6309297535714575,1,1,1,1,2,1.0
OLD80_CONTAMINATED,Q013,table,A,hybrid,0.6,1,0.5,0.6309297535714575,1,1,1,1,2,1.0
OLD80_CONTAMINATED,Q013,table,A,hybrid,0.7,1,0.5,0.6309297535714575,1,1,1,1,2,1.0
OLD80_CONTAMINATED,Q013,table,A,hybrid,0.8,1,0.5,0.6309297535714575,1,1,1,1,2,1.0
OLD80_CONTAMINATED,Q013,table,A,dense,0.4,0,0.0,0.0,1,1,0,0,0,0.04519774011299435
OLD80_CONTAMINATED,Q013,table,A,dense,0.5,0,0.0,0.0,1,1,0,0,0,0.04519774011299435
OLD80_CONTAMINATED,Q013,table,A,dense,0.6,0,0.0,0.0,1,1,0,0,0,0.04519774011299435
OLD80_CONTAMINATED,Q013,table,A,dense,0.7,0,0.0,0.0,1,1,0,0,0,0.04519774011299435
OLD80_CONTAMINATED,Q013,table,A,dense,0.8,0,0.0,0.0,1,1,0,0,0,0.04519774011299435
OLD80_CONTAMINATED,Q013,table,A,sparse,0.4,1,0.5,0.6309297535714575,1,1,1,1,2,1.0
OLD80_CONTAMINATED,Q013,table,A,sparse,0.5,1,0.5,0.6309297535714575,1,1,1,1,2,1.0
OLD80_CONTAMINATED,Q013,table,A,sparse,0.6,1,0.5,0.6309297535714575,1,1,1,1,2,1.0
OLD80_CONTAMINATED,Q013,table,A,sparse,0.7,1,0.5,0.6309297535714575,1,1,1,1,2,1.0
OLD80_CONTAMINATED,Q013,table,A,sparse,0.8,1,0.5,0.6309297535714575,1,1,1,1,2,1.0
OLD80_CONTAMINATED,Q013,table,B,hybrid,0.4,0,0.0,0.0,0,0,1,1,0,0.3785310734463277
OLD80_CONTAMINATED,Q013,table,B,hybrid,0.5,0,0.0,0.0,0,0,1,1,0,0.3785310734463277
OLD80_CONTAMINATED,Q013,table,B,hybrid,0.6,0,0.0,0.0,0,0,1,1,0,0.3785310734463277
OLD80_CONTAMINATED,Q013,table,B,hybrid,0.7,0,0.0,0.0,0,0,1,1,0,0.3785310734463277
OLD80_CONTAMINATED,Q013,table,B,hybrid,0.8,0,0.0,0.0,0,0,0,1,0,0.3785310734463277
OLD80_CONTAMINATED,Q013,table,B,dense,0.4,0,0.0,0.0,0,0,0,0,0,0.07344632768361582
OLD80_CONTAMINATED,Q013,table,B,dense,0.5,0,0.0,0.0,0,0,0,0,0,0.07344632768361582
OLD80_CONTAMINATED,Q013,table,B,dense,0.6,0,0.0,0.0,0,0,0,0,0,0.07344632768361582
OLD80_CONTAMINATED,Q013,table,B,dense,0.7,0,0.0,0.0,0,0,0,0,0,0.07344632768361582
OLD80_CONTAMINATED,Q013,table,B,dense,0.8,0,0.0,0.0,0,0,0,0,0,0.07344632768361582
OLD80_CONTAMINATED,Q013,table,B,sparse,0.4,0,0.0,0.0,0,0,1,1,0,0.3785310734463277
OLD80_CONTAMINATED,Q013,table,B,sparse,0.5,0,0.0,0.0,0,0,1,1,0,0.3785310734463277
OLD80_CONTAMINATED,Q013,table,B,sparse,0.6,0,0.0,0.0,0,0,1,1,0,0.3785310734463277
OLD80_CONTAMINATED,Q013,table,B,sparse,0.7,0,0.0,0.0,0,0,0,1,0,0.3785310734463277
OLD80_CONTAMINATED,Q013,table,B,sparse,0.8,0,0.0,0.0,0,0,0,1,0,0.3785310734463277
OLD80_CONTAMINATED,Q014,table,A,hybrid,0.4,1,0.5,0.6309297535714575,1,1,1,1,2,1.0
OLD80_CONTAMINATED,Q014,table,A,hybrid,0.5,1,0.5,0.6309297535714575,1,1,1,1,2,1.0
OLD80_CONTAMINATED,Q014,table,A,hybrid,0.6,1,0.5,0.6309297535714575,1,1,1,1,2,1.0
OLD80_CONTAMINATED,Q014,table,A,hybrid,0.7,1,0.5,0.6309297535714575,1,1,1,1,2,1.0
OLD80_CONTAMINATED,Q014,table,A,hybrid,0.8,1,0.5,0.6309297535714575,1,1,1,1,2,1.0
OLD80_CONTAMINATED,Q014,table,A,dense,0.4,1,0.5,0.6309297535714575,1,1,1,1,2,1.0
OLD80_CONTAMINATED,Q014,table,A,dense,0.5,1,0.5,0.6309297535714575,1,1,1,1,2,1.0
OLD80_CONTAMINATED,Q014,table,A,dense,0.6,1,0.5,0.6309297535714575,1,1,1,1,2,1.0
OLD80_CONTAMINATED,Q014,table,A,dense,0.7,1,0.5,0.6309297535714575,1,1,1,1,2,1.0
OLD80_CONTAMINATED,Q014,table,A,dense,0.8,1,0.5,0.6309297535714575,1,1,1,1,2,1.0
OLD80_CONTAMINATED,Q014,table,A,sparse,0.4,1,0.5,0.6309297535714575,1,1,1,1,2,1.0
OLD80_CONTAMINATED,Q014,table,A,sparse,0.5,1,0.5,0.6309297535714575,1,1,1,1,2,1.0
OLD80_CONTAMINATED,Q014,table,A,sparse,0.6,1,0.5,0.6309297535714575,1,1,1,1,2,1.0
OLD80_CONTAMINATED,Q014,table,A,sparse,0.7,1,0.5,0.6309297535714575,1,1,1,1,2,1.0
OLD80_CONTAMINATED,Q014,table,A,sparse,0.8,1,0.5,0.6309297535714575,1,1,1,1,2,1.0
OLD80_CONTAMINATED,Q014,table,B,hybrid,0.4,1,1.0,0.6131471927654584,2,1,1,1,1,0.4268774703557312
OLD80_CONTAMINATED,Q014,table,B,hybrid,0.5,0,0.0,0.0,1,1,0,1,0,0.4268774703557312
OLD80_CONTAMINATED,Q014,table,B,hybrid,0.6,0,0.0,0.0,1,1,0,1,0,0.4268774703557312
OLD80_CONTAMINATED,Q014,table,B,hybrid,0.7,0,0.0,0.0,1,1,0,1,0,0.4268774703557312
OLD80_CONTAMINATED,Q014,table,B,hybrid,0.8,0,0.0,0.0,0,0,0,1,0,0.4268774703557312
OLD80_CONTAMINATED,Q014,table,B,dense,0.4,1,1.0,0.6131471927654584,2,1,1,1,1,0.4268774703557312
OLD80_CONTAMINATED,Q014,table,B,dense,0.5,0,0.0,0.0,1,1,0,1,0,0.4268774703557312
OLD80_CONTAMINATED,Q014,table,B,dense,0.6,0,0.0,0.0,1,1,0,1,0,0.4268774703557312
OLD80_CONTAMINATED,Q014,table,B,dense,0.7,0,0.0,0.0,1,1,0,1,0,0.4268774703557312
OLD80_CONTAMINATED,Q014,table,B,dense,0.8,0,0.0,0.0,0,0,0,1,0,0.4268774703557312
OLD80_CONTAMINATED,Q014,table,B,sparse,0.4,1,1.0,0.8503449055347546,2,1,1,1,1,0.7549407114624506
OLD80_CONTAMINATED,Q014,table,B,sparse,0.5,1,0.2,0.38685280723454163,1,1,1,1,5,0.7549407114624506
OLD80_CONTAMINATED,Q014,table,B,sparse,0.6,1,0.2,0.38685280723454163,1,1,1,1,5,0.7549407114624506
OLD80_CONTAMINATED,Q014,table,B,sparse,0.7,1,0.2,0.38685280723454163,1,1,1,1,5,0.7549407114624506
OLD80_CONTAMINATED,Q014,table,B,sparse,0.8,0,0.0,0.0,0,0,1,1,0,0.7549407114624506
OLD80_CONTAMINATED,Q015,table,A,hybrid,0.4,1,1.0,1.0,1,1,1,1,1,1.0
OLD80_CONTAMINATED,Q015,table,A,hybrid,0.5,1,1.0,1.0,1,1,1,1,1,1.0
OLD80_CONTAMINATED,Q015,table,A,hybrid,0.6,1,1.0,1.0,1,1,1,1,1,1.0
OLD80_CONTAMINATED,Q015,table,A,hybrid,0.7,1,1.0,1.0,1,1,1,1,1,1.0
OLD80_CONTAMINATED,Q015,table,A,hybrid,0.8,1,1.0,1.0,1,1,1,1,1,1.0
OLD80_CONTAMINATED,Q015,table,A,dense,0.4,1,1.0,1.0,1,1,1,1,1,1.0
OLD80_CONTAMINATED,Q015,table,A,dense,0.5,1,1.0,1.0,1,1,1,1,1,1.0
OLD80_CONTAMINATED,Q015,table,A,dense,0.6,1,1.0,1.0,1,1,1,1,1,1.0
OLD80_CONTAMINATED,Q015,table,A,dense,0.7,1,1.0,1.0,1,1,1,1,1,1.0
OLD80_CONTAMINATED,Q015,table,A,dense,0.8,1,1.0,1.0,1,1,1,1,1,1.0
OLD80_CONTAMINATED,Q015,table,A,sparse,0.4,1,1.0,1.0,1,1,1,1,1,1.0
OLD80_CONTAMINATED,Q015,table,A,sparse,0.5,1,1.0,1.0,1,1,1,1,1,1.0
OLD80_CONTAMINATED,Q015,table,A,sparse,0.6,1,1.0,1.0,1,1,1,1,1,1.0
OLD80_CONTAMINATED,Q015,table,A,sparse,0.7,1,1.0,1.0,1,1,1,1,1,1.0
OLD80_CONTAMINATED,Q015,table,A,sparse,0.8,1,1.0,1.0,1,1,1,1,1,1.0
OLD80_CONTAMINATED,Q015,table,B,hybrid,0.4,0,0.0,0.0,0,0,1,1,0,0.35185185185185186
OLD80_CONTAMINATED,Q015,table,B,hybrid,0.5,0,0.0,0.0,0,0,1,1,0,0.35185185185185186
OLD80_CONTAMINATED,Q015,table,B,hybrid,0.6,0,0.0,0.0,0,0,1,1,0,0.35185185185185186
OLD80_CONTAMINATED,Q015,table,B,hybrid,0.7,0,0.0,0.0,0,0,1,1,0,0.35185185185185186
OLD80_CONTAMINATED,Q015,table,B,hybrid,0.8,0,0.0,0.0,0,0,0,1,0,0.35185185185185186
OLD80_CONTAMINATED,Q015,table,B,dense,0.4,0,0.0,0.0,0,0,0,1,0,0.2777777777777778
OLD80_CONTAMINATED,Q015,table,B,dense,0.5,0,0.0,0.0,0,0,0,1,0,0.2777777777777778
OLD80_CONTAMINATED,Q015,table,B,dense,0.6,0,0.0,0.0,0,0,0,1,0,0.2777777777777778
OLD80_CONTAMINATED,Q015,table,B,dense,0.7,0,0.0,0.0,0,0,0,1,0,0.2777777777777778
OLD80_CONTAMINATED,Q015,table,B,dense,0.8,0,0.0,0.0,0,0,0,1,0,0.2777777777777778
OLD80_CONTAMINATED,Q015,table,B,sparse,0.4,0,0.0,0.0,0,0,1,1,0,0.35185185185185186
OLD80_CONTAMINATED,Q015,table,B,sparse,0.5,0,0.0,0.0,0,0,1,1,0,0.35185185185185186
OLD80_CONTAMINATED,Q015,table,B,sparse,0.6,0,0.0,0.0,0,0,1,1,0,0.35185185185185186
OLD80_CONTAMINATED,Q015,table,B,sparse,0.7,0,0.0,0.0,0,0,1,1,0,0.35185185185185186
OLD80_CONTAMINATED,Q015,table,B,sparse,0.8,0,0.0,0.0,0,0,0,1,0,0.35185185185185186
OLD80_CONTAMINATED,Q016,table,A,hybrid,0.4,1,1.0,1.0,1,1,1,1,1,1.0
OLD80_CONTAMINATED,Q016,table,A,hybrid,0.5,1,1.0,1.0,1,1,1,1,1,1.0
OLD80_CONTAMINATED,Q016,table,A,hybrid,0.6,1,1.0,1.0,1,1,1,1,1,1.0
OLD80_CONTAMINATED,Q016,table,A,hybrid,0.7,1,1.0,1.0,1,1,1,1,1,1.0
OLD80_CONTAMINATED,Q016,table,A,hybrid,0.8,1,1.0,1.0,1,1,1,1,1,1.0
OLD80_CONTAMINATED,Q016,table,A,dense,0.4,1,1.0,1.0,1,1,1,1,1,1.0
OLD80_CONTAMINATED,Q016,table,A,dense,0.5,1,1.0,1.0,1,1,1,1,1,1.0
OLD80_CONTAMINATED,Q016,table,A,dense,0.6,1,1.0,1.0,1,1,1,1,1,1.0
OLD80_CONTAMINATED,Q016,table,A,dense,0.7,1,1.0,1.0,1,1,1,1,1,1.0
OLD80_CONTAMINATED,Q016,table,A,dense,0.8,1,1.0,1.0,1,1,1,1,1,1.0
OLD80_CONTAMINATED,Q016,table,A,sparse,0.4,0,0.0,0.0,1,1,0,0,0,0.08280254777070063
OLD80_CONTAMINATED,Q016,table,A,sparse,0.5,0,0.0,0.0,1,1,0,0,0,0.08280254777070063
OLD80_CONTAMINATED,Q016,table,A,sparse,0.6,0,0.0,0.0,1,1,0,0,0,0.08280254777070063
OLD80_CONTAMINATED,Q016,table,A,sparse,0.7,0,0.0,0.0,1,1,0,0,0,0.08280254777070063
OLD80_CONTAMINATED,Q016,table,A,sparse,0.8,0,0.0,0.0,1,1,0,0,0,0.08280254777070063
OLD80_CONTAMINATED,Q016,table,B,hybrid,0.4,0,0.0,0.0,1,1,0,0,0,0.07006369426751592
OLD80_CONTAMINATED,Q016,table,B,hybrid,0.5,0,0.0,0.0,1,1,0,0,0,0.07006369426751592
OLD80_CONTAMINATED,Q016,table,B,hybrid,0.6,0,0.0,0.0,1,1,0,0,0,0.07006369426751592
OLD80_CONTAMINATED,Q016,table,B,hybrid,0.7,0,0.0,0.0,1,1,0,0,0,0.07006369426751592
OLD80_CONTAMINATED,Q016,table,B,hybrid,0.8,0,0.0,0.0,1,1,0,0,0,0.07006369426751592
OLD80_CONTAMINATED,Q016,table,B,dense,0.4,0,0.0,0.0,1,1,0,0,0,0.07006369426751592
OLD80_CONTAMINATED,Q016,table,B,dense,0.5,0,0.0,0.0,1,1,0,0,0,0.07006369426751592
OLD80_CONTAMINATED,Q016,table,B,dense,0.6,0,0.0,0.0,1,1,0,0,0,0.07006369426751592
OLD80_CONTAMINATED,Q016,table,B,dense,0.7,0,0.0,0.0,1,1,0,0,0,0.07006369426751592
OLD80_CONTAMINATED,Q016,table,B,dense,0.8,0,0.0,0.0,1,1,0,0,0,0.07006369426751592
OLD80_CONTAMINATED,Q016,table,B,sparse,0.4,0,0.0,0.0,1,1,0,0,0,0.07006369426751592
OLD80_CONTAMINATED,Q016,table,B,sparse,0.5,0,0.0,0.0,1,1,0,0,0,0.07006369426751592
OLD80_CONTAMINATED,Q016,table,B,sparse,0.6,0,0.0,0.0,1,1,0,0,0,0.07006369426751592
OLD80_CONTAMINATED,Q016,table,B,sparse,0.7,0,0.0,0.0,1,1,0,0,0,0.07006369426751592
OLD80_CONTAMINATED,Q016,table,B,sparse,0.8,0,0.0,0.0,1,1,0,0,0,0.07006369426751592
OLD80_CONTAMINATED,Q017,table,A,hybrid,0.4,1,0.3333333333333333,0.5,1,1,1,1,3,1.0
OLD80_CONTAMINATED,Q017,table,A,hybrid,0.5,1,0.3333333333333333,0.5,1,1,1,1,3,1.0
OLD80_CONTAMINATED,Q017,table,A,hybrid,0.6,1,0.3333333333333333,0.5,1,1,1,1,3,1.0
OLD80_CONTAMINATED,Q017,table,A,hybrid,0.7,1,0.3333333333333333,0.5,1,1,1,1,3,1.0
OLD80_CONTAMINATED,Q017,table,A,hybrid,0.8,1,0.3333333333333333,0.5,1,1,1,1,3,1.0
OLD80_CONTAMINATED,Q017,table,A,dense,0.4,1,0.3333333333333333,0.5,1,1,1,1,3,1.0
OLD80_CONTAMINATED,Q017,table,A,dense,0.5,1,0.3333333333333333,0.5,1,1,1,1,3,1.0
OLD80_CONTAMINATED,Q017,table,A,dense,0.6,1,0.3333333333333333,0.5,1,1,1,1,3,1.0
OLD80_CONTAMINATED,Q017,table,A,dense,0.7,1,0.3333333333333333,0.5,1,1,1,1,3,1.0
OLD80_CONTAMINATED,Q017,table,A,dense,0.8,1,0.3333333333333333,0.5,1,1,1,1,3,1.0
OLD80_CONTAMINATED,Q017,table,A,sparse,0.4,1,0.3333333333333333,0.5,1,1,1,1,3,1.0
OLD80_CONTAMINATED,Q017,table,A,sparse,0.5,1,0.3333333333333333,0.5,1,1,1,1,3,1.0
OLD80_CONTAMINATED,Q017,table,A,sparse,0.6,1,0.3333333333333333,0.5,1,1,1,1,3,1.0
OLD80_CONTAMINATED,Q017,table,A,sparse,0.7,1,0.3333333333333333,0.5,1,1,1,1,3,1.0
OLD80_CONTAMINATED,Q017,table,A,sparse,0.8,1,0.3333333333333333,0.5,1,1,1,1,3,1.0
OLD80_CONTAMINATED,Q017,table,B,hybrid,0.4,0,0.0,0.0,0,0,1,1,0,0.3142548596112311
OLD80_CONTAMINATED,Q017,table,B,hybrid,0.5,0,0.0,0.0,0,0,0,1,0,0.3142548596112311
OLD80_CONTAMINATED,Q017,table,B,hybrid,0.6,0,0.0,0.0,0,0,0,1,0,0.3142548596112311
OLD80_CONTAMINATED,Q017,table,B,hybrid,0.7,0,0.0,0.0,0,0,0,1,0,0.3142548596112311
OLD80_CONTAMINATED,Q017,table,B,hybrid,0.8,0,0.0,0.0,0,0,0,1,0,0.3142548596112311
OLD80_CONTAMINATED,Q017,table,B,dense,0.4,0,0.0,0.0,0,0,1,1,0,0.3142548596112311
OLD80_CONTAMINATED,Q017,table,B,dense,0.5,0,0.0,0.0,0,0,0,1,0,0.3142548596112311
OLD80_CONTAMINATED,Q017,table,B,dense,0.6,0,0.0,0.0,0,0,0,1,0,0.3142548596112311
OLD80_CONTAMINATED,Q017,table,B,dense,0.7,0,0.0,0.0,0,0,0,1,0,0.3142548596112311
OLD80_CONTAMINATED,Q017,table,B,dense,0.8,0,0.0,0.0,0,0,0,1,0,0.3142548596112311
OLD80_CONTAMINATED,Q017,table,B,sparse,0.4,0,0.0,0.0,0,0,1,1,0,0.3142548596112311
OLD80_CONTAMINATED,Q017,table,B,sparse,0.5,0,0.0,0.0,0,0,0,1,0,0.3142548596112311
OLD80_CONTAMINATED,Q017,table,B,sparse,0.6,0,0.0,0.0,0,0,0,1,0,0.3142548596112311
OLD80_CONTAMINATED,Q017,table,B,sparse,0.7,0,0.0,0.0,0,0,0,1,0,0.3142548596112311
OLD80_CONTAMINATED,Q017,table,B,sparse,0.8,0,0.0,0.0,0,0,0,1,0,0.3142548596112311
OLD80_CONTAMINATED,Q018,table,A,hybrid,0.4,1,0.16666666666666666,0.3562071871080222,1,1,1,1,6,1.0
OLD80_CONTAMINATED,Q018,table,A,hybrid,0.5,1,0.16666666666666666,0.3562071871080222,1,1,1,1,6,1.0
OLD80_CONTAMINATED,Q018,table,A,hybrid,0.6,1,0.16666666666666666,0.3562071871080222,1,1,1,1,6,1.0
OLD80_CONTAMINATED,Q018,table,A,hybrid,0.7,1,0.16666666666666666,0.3562071871080222,1,1,1,1,6,1.0
OLD80_CONTAMINATED,Q018,table,A,hybrid,0.8,1,0.16666666666666666,0.3562071871080222,1,1,1,1,6,1.0
OLD80_CONTAMINATED,Q018,table,A,dense,0.4,1,0.16666666666666666,0.3562071871080222,1,1,1,1,6,1.0
OLD80_CONTAMINATED,Q018,table,A,dense,0.5,1,0.16666666666666666,0.3562071871080222,1,1,1,1,6,1.0
OLD80_CONTAMINATED,Q018,table,A,dense,0.6,1,0.16666666666666666,0.3562071871080222,1,1,1,1,6,1.0
OLD80_CONTAMINATED,Q018,table,A,dense,0.7,1,0.16666666666666666,0.3562071871080222,1,1,1,1,6,1.0
OLD80_CONTAMINATED,Q018,table,A,dense,0.8,1,0.16666666666666666,0.3562071871080222,1,1,1,1,6,1.0
OLD80_CONTAMINATED,Q018,table,A,sparse,0.4,1,0.3333333333333333,0.5,1,1,1,1,3,1.0
OLD80_CONTAMINATED,Q018,table,A,sparse,0.5,1,0.3333333333333333,0.5,1,1,1,1,3,1.0
OLD80_CONTAMINATED,Q018,table,A,sparse,0.6,1,0.3333333333333333,0.5,1,1,1,1,3,1.0
OLD80_CONTAMINATED,Q018,table,A,sparse,0.7,1,0.3333333333333333,0.5,1,1,1,1,3,1.0
OLD80_CONTAMINATED,Q018,table,A,sparse,0.8,1,0.3333333333333333,0.5,1,1,1,1,3,1.0
OLD80_CONTAMINATED,Q018,table,B,hybrid,0.4,0,0.0,0.0,0,0,0,1,0,0.06465067778936393
OLD80_CONTAMINATED,Q018,table,B,hybrid,0.5,0,0.0,0.0,0,0,0,1,0,0.06465067778936393
OLD80_CONTAMINATED,Q018,table,B,hybrid,0.6,0,0.0,0.0,0,0,0,1,0,0.06465067778936393
OLD80_CONTAMINATED,Q018,table,B,hybrid,0.7,0,0.0,0.0,0,0,0,1,0,0.06465067778936393
OLD80_CONTAMINATED,Q018,table,B,hybrid,0.8,0,0.0,0.0,0,0,0,1,0,0.06465067778936393
OLD80_CONTAMINATED,Q018,table,B,dense,0.4,0,0.0,0.0,0,0,0,1,0,0.06465067778936393
OLD80_CONTAMINATED,Q018,table,B,dense,0.5,0,0.0,0.0,0,0,0,1,0,0.06465067778936393
OLD80_CONTAMINATED,Q018,table,B,dense,0.6,0,0.0,0.0,0,0,0,1,0,0.06465067778936393
OLD80_CONTAMINATED,Q018,table,B,dense,0.7,0,0.0,0.0,0,0,0,1,0,0.06465067778936393
OLD80_CONTAMINATED,Q018,table,B,dense,0.8,0,0.0,0.0,0,0,0,1,0,0.06465067778936393
OLD80_CONTAMINATED,Q018,table,B,sparse,0.4,0,0.0,0.0,0,0,0,1,0,0.06465067778936393
OLD80_CONTAMINATED,Q018,table,B,sparse,0.5,0,0.0,0.0,0,0,0,1,0,0.06465067778936393
OLD80_CONTAMINATED,Q018,table,B,sparse,0.6,0,0.0,0.0,0,0,0,1,0,0.06465067778936393
OLD80_CONTAMINATED,Q018,table,B,sparse,0.7,0,0.0,0.0,0,0,0,1,0,0.06465067778936393
OLD80_CONTAMINATED,Q018,table,B,sparse,0.8,0,0.0,0.0,0,0,0,1,0,0.06465067778936393
OLD80_CONTAMINATED,Q019,table,A,hybrid,0.4,0,0.0,0.0,1,1,0,1,0,0.15646940822467403
OLD80_CONTAMINATED,Q019,table,A,hybrid,0.5,0,0.0,0.0,1,1,0,1,0,0.15646940822467403
OLD80_CONTAMINATED,Q019,table,A,hybrid,0.6,0,0.0,0.0,1,1,0,1,0,0.15646940822467403
OLD80_CONTAMINATED,Q019,table,A,hybrid,0.7,0,0.0,0.0,1,1,0,1,0,0.15646940822467403
OLD80_CONTAMINATED,Q019,table,A,hybrid,0.8,0,0.0,0.0,1,1,0,1,0,0.15646940822467403
OLD80_CONTAMINATED,Q019,table,A,dense,0.4,0,0.0,0.0,1,1,0,1,0,0.15646940822467403
OLD80_CONTAMINATED,Q019,table,A,dense,0.5,0,0.0,0.0,1,1,0,1,0,0.15646940822467403
OLD80_CONTAMINATED,Q019,table,A,dense,0.6,0,0.0,0.0,1,1,0,1,0,0.15646940822467403
OLD80_CONTAMINATED,Q019,table,A,dense,0.7,0,0.0,0.0,1,1,0,1,0,0.15646940822467403
OLD80_CONTAMINATED,Q019,table,A,dense,0.8,0,0.0,0.0,1,1,0,1,0,0.15646940822467403
OLD80_CONTAMINATED,Q019,table,A,sparse,0.4,0,0.0,0.0,1,1,0,1,0,0.15646940822467403
OLD80_CONTAMINATED,Q019,table,A,sparse,0.5,0,0.0,0.0,1,1,0,1,0,0.15646940822467403
OLD80_CONTAMINATED,Q019,table,A,sparse,0.6,0,0.0,0.0,1,1,0,1,0,0.15646940822467403
OLD80_CONTAMINATED,Q019,table,A,sparse,0.7,0,0.0,0.0,1,1,0,1,0,0.15646940822467403
OLD80_CONTAMINATED,Q019,table,A,sparse,0.8,0,0.0,0.0,1,1,0,1,0,0.15646940822467403
OLD80_CONTAMINATED,Q019,table,B,hybrid,0.4,0,0.0,0.0,0,0,0,0,0,0.15646940822467403
OLD80_CONTAMINATED,Q019,table,B,hybrid,0.5,0,0.0,0.0,0,0,0,0,0,0.15646940822467403
OLD80_CONTAMINATED,Q019,table,B,hybrid,0.6,0,0.0,0.0,0,0,0,0,0,0.15646940822467403
OLD80_CONTAMINATED,Q019,table,B,hybrid,0.7,0,0.0,0.0,0,0,0,0,0,0.15646940822467403
OLD80_CONTAMINATED,Q019,table,B,hybrid,0.8,0,0.0,0.0,0,0,0,0,0,0.15646940822467403
OLD80_CONTAMINATED,Q019,table,B,dense,0.4,0,0.0,0.0,0,0,0,0,0,0.15646940822467403
OLD80_CONTAMINATED,Q019,table,B,dense,0.5,0,0.0,0.0,0,0,0,0,0,0.15646940822467403
OLD80_CONTAMINATED,Q019,table,B,dense,0.6,0,0.0,0.0,0,0,0,0,0,0.15646940822467403
OLD80_CONTAMINATED,Q019,table,B,dense,0.7,0,0.0,0.0,0,0,0,0,0,0.15646940822467403
OLD80_CONTAMINATED,Q019,table,B,dense,0.8,0,0.0,0.0,0,0,0,0,0,0.15646940822467403
OLD80_CONTAMINATED,Q019,table,B,sparse,0.4,0,0.0,0.0,0,0,0,1,0,0.2768304914744233
OLD80_CONTAMINATED,Q019,table,B,sparse,0.5,0,0.0,0.0,0,0,0,1,0,0.2768304914744233
OLD80_CONTAMINATED,Q019,table,B,sparse,0.6,0,0.0,0.0,0,0,0,1,0,0.2768304914744233
OLD80_CONTAMINATED,Q019,table,B,sparse,0.7,0,0.0,0.0,0,0,0,1,0,0.2768304914744233
OLD80_CONTAMINATED,Q019,table,B,sparse,0.8,0,0.0,0.0,0,0,0,1,0,0.2768304914744233
OLD80_CONTAMINATED,Q020,table,A,hybrid,0.4,0,0.0,0.0,1,1,0,0,0,0.07784431137724551
OLD80_CONTAMINATED,Q020,table,A,hybrid,0.5,0,0.0,0.0,1,1,0,0,0,0.07784431137724551
OLD80_CONTAMINATED,Q020,table,A,hybrid,0.6,0,0.0,0.0,1,1,0,0,0,0.07784431137724551
OLD80_CONTAMINATED,Q020,table,A,hybrid,0.7,0,0.0,0.0,1,1,0,0,0,0.07784431137724551
OLD80_CONTAMINATED,Q020,table,A,hybrid,0.8,0,0.0,0.0,1,1,0,0,0,0.07784431137724551
OLD80_CONTAMINATED,Q020,table,A,dense,0.4,0,0.0,0.0,1,1,0,0,0,0.07784431137724551
OLD80_CONTAMINATED,Q020,table,A,dense,0.5,0,0.0,0.0,1,1,0,0,0,0.07784431137724551
OLD80_CONTAMINATED,Q020,table,A,dense,0.6,0,0.0,0.0,1,1,0,0,0,0.07784431137724551
OLD80_CONTAMINATED,Q020,table,A,dense,0.7,0,0.0,0.0,1,1,0,0,0,0.07784431137724551
OLD80_CONTAMINATED,Q020,table,A,dense,0.8,0,0.0,0.0,1,1,0,0,0,0.07784431137724551
OLD80_CONTAMINATED,Q020,table,A,sparse,0.4,0,0.0,0.0,1,1,0,0,0,0.0658682634730539
OLD80_CONTAMINATED,Q020,table,A,sparse,0.5,0,0.0,0.0,1,1,0,0,0,0.0658682634730539
OLD80_CONTAMINATED,Q020,table,A,sparse,0.6,0,0.0,0.0,1,1,0,0,0,0.0658682634730539
OLD80_CONTAMINATED,Q020,table,A,sparse,0.7,0,0.0,0.0,1,1,0,0,0,0.0658682634730539
OLD80_CONTAMINATED,Q020,table,A,sparse,0.8,0,0.0,0.0,1,1,0,0,0,0.0658682634730539
OLD80_CONTAMINATED,Q020,table,B,hybrid,0.4,0,0.0,0.0,0,0,0,1,0,0.0658682634730539
OLD80_CONTAMINATED,Q020,table,B,hybrid,0.5,0,0.0,0.0,0,0,0,1,0,0.0658682634730539
OLD80_CONTAMINATED,Q020,table,B,hybrid,0.6,0,0.0,0.0,0,0,0,1,0,0.0658682634730539
OLD80_CONTAMINATED,Q020,table,B,hybrid,0.7,0,0.0,0.0,0,0,0,1,0,0.0658682634730539
OLD80_CONTAMINATED,Q020,table,B,hybrid,0.8,0,0.0,0.0,0,0,0,1,0,0.0658682634730539
OLD80_CONTAMINATED,Q020,table,B,dense,0.4,0,0.0,0.0,0,0,0,1,0,0.0658682634730539
OLD80_CONTAMINATED,Q020,table,B,dense,0.5,0,0.0,0.0,0,0,0,1,0,0.0658682634730539
OLD80_CONTAMINATED,Q020,table,B,dense,0.6,0,0.0,0.0,0,0,0,1,0,0.0658682634730539
OLD80_CONTAMINATED,Q020,table,B,dense,0.7,0,0.0,0.0,0,0,0,1,0,0.0658682634730539
OLD80_CONTAMINATED,Q020,table,B,dense,0.8,0,0.0,0.0,0,0,0,1,0,0.0658682634730539
OLD80_CONTAMINATED,Q020,table,B,sparse,0.4,0,0.0,0.0,0,0,0,0,0,0.0658682634730539
OLD80_CONTAMINATED,Q020,table,B,sparse,0.5,0,0.0,0.0,0,0,0,0,0,0.0658682634730539
OLD80_CONTAMINATED,Q020,table,B,sparse,0.6,0,0.0,0.0,0,0,0,0,0,0.0658682634730539
OLD80_CONTAMINATED,Q020,table,B,sparse,0.7,0,0.0,0.0,0,0,0,0,0,0.0658682634730539
OLD80_CONTAMINATED,Q020,table,B,sparse,0.8,0,0.0,0.0,0,0,0,0,0,0.0658682634730539
OLD80_CONTAMINATED,Q021,table,A,hybrid,0.4,1,1.0,1.0,1,1,1,1,1,1.0
OLD80_CONTAMINATED,Q021,table,A,hybrid,0.5,1,1.0,1.0,1,1,1,1,1,1.0
OLD80_CONTAMINATED,Q021,table,A,hybrid,0.6,1,1.0,1.0,1,1,1,1,1,1.0
OLD80_CONTAMINATED,Q021,table,A,hybrid,0.7,1,1.0,1.0,1,1,1,1,1,1.0
OLD80_CONTAMINATED,Q021,table,A,hybrid,0.8,1,1.0,1.0,1,1,1,1,1,1.0
OLD80_CONTAMINATED,Q021,table,A,dense,0.4,1,1.0,1.0,1,1,1,1,1,1.0
OLD80_CONTAMINATED,Q021,table,A,dense,0.5,1,1.0,1.0,1,1,1,1,1,1.0
OLD80_CONTAMINATED,Q021,table,A,dense,0.6,1,1.0,1.0,1,1,1,1,1,1.0
OLD80_CONTAMINATED,Q021,table,A,dense,0.7,1,1.0,1.0,1,1,1,1,1,1.0
OLD80_CONTAMINATED,Q021,table,A,dense,0.8,1,1.0,1.0,1,1,1,1,1,1.0
OLD80_CONTAMINATED,Q021,table,A,sparse,0.4,1,1.0,1.0,1,1,1,1,1,1.0
OLD80_CONTAMINATED,Q021,table,A,sparse,0.5,1,1.0,1.0,1,1,1,1,1,1.0
OLD80_CONTAMINATED,Q021,table,A,sparse,0.6,1,1.0,1.0,1,1,1,1,1,1.0
OLD80_CONTAMINATED,Q021,table,A,sparse,0.7,1,1.0,1.0,1,1,1,1,1,1.0
OLD80_CONTAMINATED,Q021,table,A,sparse,0.8,1,1.0,1.0,1,1,1,1,1,1.0
OLD80_CONTAMINATED,Q021,table,B,hybrid,0.4,1,1.0,1.0,1,1,1,1,1,0.7348484848484849
OLD80_CONTAMINATED,Q021,table,B,hybrid,0.5,1,1.0,1.0,1,1,1,1,1,0.7348484848484849
OLD80_CONTAMINATED,Q021,table,B,hybrid,0.6,1,1.0,1.0,1,1,1,1,1,0.7348484848484849
OLD80_CONTAMINATED,Q021,table,B,hybrid,0.7,1,1.0,1.0,1,1,1,1,1,0.7348484848484849
OLD80_CONTAMINATED,Q021,table,B,hybrid,0.8,0,0.0,0.0,0,0,1,1,0,0.7348484848484849
OLD80_CONTAMINATED,Q021,table,B,dense,0.4,1,1.0,1.0,1,1,1,1,1,0.7348484848484849
OLD80_CONTAMINATED,Q021,table,B,dense,0.5,1,1.0,1.0,1,1,1,1,1,0.7348484848484849
OLD80_CONTAMINATED,Q021,table,B,dense,0.6,1,1.0,1.0,1,1,1,1,1,0.7348484848484849
OLD80_CONTAMINATED,Q021,table,B,dense,0.7,1,1.0,1.0,1,1,1,1,1,0.7348484848484849
OLD80_CONTAMINATED,Q021,table,B,dense,0.8,0,0.0,0.0,0,0,1,1,0,0.7348484848484849
OLD80_CONTAMINATED,Q021,table,B,sparse,0.4,1,1.0,1.0,1,1,1,1,1,0.7348484848484849
OLD80_CONTAMINATED,Q021,table,B,sparse,0.5,1,1.0,1.0,1,1,1,1,1,0.7348484848484849
OLD80_CONTAMINATED,Q021,table,B,sparse,0.6,1,1.0,1.0,1,1,1,1,1,0.7348484848484849
OLD80_CONTAMINATED,Q021,table,B,sparse,0.7,1,1.0,1.0,1,1,1,1,1,0.7348484848484849
OLD80_CONTAMINATED,Q021,table,B,sparse,0.8,0,0.0,0.0,0,0,1,1,0,0.7348484848484849
OLD80_CONTAMINATED,Q022,table,A,hybrid,0.4,1,1.0,1.0,1,1,1,1,1,1.0
OLD80_CONTAMINATED,Q022,table,A,hybrid,0.5,1,1.0,1.0,1,1,1,1,1,1.0
OLD80_CONTAMINATED,Q022,table,A,hybrid,0.6,1,1.0,1.0,1,1,1,1,1,1.0
OLD80_CONTAMINATED,Q022,table,A,hybrid,0.7,1,1.0,1.0,1,1,1,1,1,1.0
OLD80_CONTAMINATED,Q022,table,A,hybrid,0.8,1,1.0,1.0,1,1,1,1,1,1.0
OLD80_CONTAMINATED,Q022,table,A,dense,0.4,1,1.0,1.0,1,1,1,1,1,1.0
OLD80_CONTAMINATED,Q022,table,A,dense,0.5,1,1.0,1.0,1,1,1,1,1,1.0
OLD80_CONTAMINATED,Q022,table,A,dense,0.6,1,1.0,1.0,1,1,1,1,1,1.0
OLD80_CONTAMINATED,Q022,table,A,dense,0.7,1,1.0,1.0,1,1,1,1,1,1.0
OLD80_CONTAMINATED,Q022,table,A,dense,0.8,1,1.0,1.0,1,1,1,1,1,1.0
OLD80_CONTAMINATED,Q022,table,A,sparse,0.4,1,1.0,1.0,1,1,1,1,1,1.0
OLD80_CONTAMINATED,Q022,table,A,sparse,0.5,1,1.0,1.0,1,1,1,1,1,1.0
OLD80_CONTAMINATED,Q022,table,A,sparse,0.6,1,1.0,1.0,1,1,1,1,1,1.0
OLD80_CONTAMINATED,Q022,table,A,sparse,0.7,1,1.0,1.0,1,1,1,1,1,1.0
OLD80_CONTAMINATED,Q022,table,A,sparse,0.8,1,1.0,1.0,1,1,1,1,1,1.0
OLD80_CONTAMINATED,Q022,table,B,hybrid,0.4,0,0.0,0.0,0,0,1,1,0,0.24742268041237114
OLD80_CONTAMINATED,Q022,table,B,hybrid,0.5,0,0.0,0.0,0,0,0,1,0,0.24742268041237114
OLD80_CONTAMINATED,Q022,table,B,hybrid,0.6,0,0.0,0.0,0,0,0,1,0,0.24742268041237114
OLD80_CONTAMINATED,Q022,table,B,hybrid,0.7,0,0.0,0.0,0,0,0,1,0,0.24742268041237114
OLD80_CONTAMINATED,Q022,table,B,hybrid,0.8,0,0.0,0.0,0,0,0,1,0,0.24742268041237114
OLD80_CONTAMINATED,Q022,table,B,dense,0.4,0,0.0,0.0,0,0,1,1,0,0.24742268041237114
OLD80_CONTAMINATED,Q022,table,B,dense,0.5,0,0.0,0.0,0,0,0,1,0,0.24742268041237114
OLD80_CONTAMINATED,Q022,table,B,dense,0.6,0,0.0,0.0,0,0,0,1,0,0.24742268041237114
OLD80_CONTAMINATED,Q022,table,B,dense,0.7,0,0.0,0.0,0,0,0,1,0,0.24742268041237114
OLD80_CONTAMINATED,Q022,table,B,dense,0.8,0,0.0,0.0,0,0,0,1,0,0.24742268041237114
OLD80_CONTAMINATED,Q022,table,B,sparse,0.4,0,0.0,0.0,0,0,1,1,0,0.24742268041237114
OLD80_CONTAMINATED,Q022,table,B,sparse,0.5,0,0.0,0.0,0,0,0,1,0,0.24742268041237114
OLD80_CONTAMINATED,Q022,table,B,sparse,0.6,0,0.0,0.0,0,0,0,1,0,0.24742268041237114
OLD80_CONTAMINATED,Q022,table,B,sparse,0.7,0,0.0,0.0,0,0,0,1,0,0.24742268041237114
OLD80_CONTAMINATED,Q022,table,B,sparse,0.8,0,0.0,0.0,0,0,0,1,0,0.24742268041237114
OLD80_CONTAMINATED,Q023,table,A,hybrid,0.4,1,1.0,1.0,1,1,1,1,1,1.0
OLD80_CONTAMINATED,Q023,table,A,hybrid,0.5,1,1.0,1.0,1,1,1,1,1,1.0
OLD80_CONTAMINATED,Q023,table,A,hybrid,0.6,1,1.0,1.0,1,1,1,1,1,1.0
OLD80_CONTAMINATED,Q023,table,A,hybrid,0.7,1,1.0,1.0,1,1,1,1,1,1.0
OLD80_CONTAMINATED,Q023,table,A,hybrid,0.8,1,1.0,1.0,1,1,1,1,1,1.0
OLD80_CONTAMINATED,Q023,table,A,dense,0.4,1,1.0,1.0,1,1,1,1,1,1.0
OLD80_CONTAMINATED,Q023,table,A,dense,0.5,1,1.0,1.0,1,1,1,1,1,1.0
OLD80_CONTAMINATED,Q023,table,A,dense,0.6,1,1.0,1.0,1,1,1,1,1,1.0
OLD80_CONTAMINATED,Q023,table,A,dense,0.7,1,1.0,1.0,1,1,1,1,1,1.0
OLD80_CONTAMINATED,Q023,table,A,dense,0.8,1,1.0,1.0,1,1,1,1,1,1.0
OLD80_CONTAMINATED,Q023,table,A,sparse,0.4,1,1.0,1.0,1,1,1,1,1,1.0
OLD80_CONTAMINATED,Q023,table,A,sparse,0.5,1,1.0,1.0,1,1,1,1,1,1.0
OLD80_CONTAMINATED,Q023,table,A,sparse,0.6,1,1.0,1.0,1,1,1,1,1,1.0
OLD80_CONTAMINATED,Q023,table,A,sparse,0.7,1,1.0,1.0,1,1,1,1,1,1.0
OLD80_CONTAMINATED,Q023,table,A,sparse,0.8,1,1.0,1.0,1,1,1,1,1,1.0
OLD80_CONTAMINATED,Q023,table,B,hybrid,0.4,1,1.0,0.9197207891481876,2,1,1,1,1,0.5443037974683544
OLD80_CONTAMINATED,Q023,table,B,hybrid,0.5,1,1.0,1.0,1,1,1,1,1,0.5443037974683544
OLD80_CONTAMINATED,Q023,table,B,hybrid,0.6,0,0.0,0.0,0,0,1,1,0,0.5443037974683544
OLD80_CONTAMINATED,Q023,table,B,hybrid,0.7,0,0.0,0.0,0,0,1,1,0,0.5443037974683544
OLD80_CONTAMINATED,Q023,table,B,hybrid,0.8,0,0.0,0.0,0,0,1,1,0,0.5443037974683544
OLD80_CONTAMINATED,Q023,table,B,dense,0.4,1,1.0,1.0,2,1,1,1,1,0.5443037974683544
OLD80_CONTAMINATED,Q023,table,B,dense,0.5,1,1.0,1.0,1,1,1,1,1,0.5443037974683544
OLD80_CONTAMINATED,Q023,table,B,dense,0.6,0,0.0,0.0,0,0,1,1,0,0.5443037974683544
OLD80_CONTAMINATED,Q023,table,B,dense,0.7,0,0.0,0.0,0,0,1,1,0,0.5443037974683544
OLD80_CONTAMINATED,Q023,table,B,dense,0.8,0,0.0,0.0,0,0,1,1,0,0.5443037974683544
OLD80_CONTAMINATED,Q023,table,B,sparse,0.4,1,1.0,0.9197207891481876,2,1,1,1,1,0.5443037974683544
OLD80_CONTAMINATED,Q023,table,B,sparse,0.5,1,1.0,1.0,1,1,1,1,1,0.5443037974683544
OLD80_CONTAMINATED,Q023,table,B,sparse,0.6,0,0.0,0.0,0,0,1,1,0,0.5443037974683544
OLD80_CONTAMINATED,Q023,table,B,sparse,0.7,0,0.0,0.0,0,0,1,1,0,0.5443037974683544
OLD80_CONTAMINATED,Q023,table,B,sparse,0.8,0,0.0,0.0,0,0,1,1,0,0.5443037974683544
OLD80_CONTAMINATED,Q024,table,A,hybrid,0.4,1,1.0,0.9363792118010481,21,1,1,1,1,1.0
OLD80_CONTAMINATED,Q024,table,A,hybrid,0.5,1,1.0,0.9950883841893561,7,1,1,1,1,1.0
OLD80_CONTAMINATED,Q024,table,A,hybrid,0.6,1,1.0,0.8065735963827293,2,1,1,1,1,1.0
OLD80_CONTAMINATED,Q024,table,A,hybrid,0.7,1,1.0,1.0,1,1,1,1,1,1.0
OLD80_CONTAMINATED,Q024,table,A,hybrid,0.8,1,1.0,1.0,1,1,1,1,1,1.0
OLD80_CONTAMINATED,Q024,table,A,dense,0.4,1,1.0,0.6867151830982591,21,1,1,1,1,1.0
OLD80_CONTAMINATED,Q024,table,A,dense,0.5,1,1.0,0.27487633291429087,7,1,1,1,1,1.0
OLD80_CONTAMINATED,Q024,table,A,dense,0.6,1,1.0,0.6131471927654584,2,1,1,1,1,1.0
OLD80_CONTAMINATED,Q024,table,A,dense,0.7,1,1.0,1.0,1,1,1,1,1,1.0
OLD80_CONTAMINATED,Q024,table,A,dense,0.8,1,1.0,1.0,1,1,1,1,1,1.0
OLD80_CONTAMINATED,Q024,table,A,sparse,0.4,1,1.0,0.9363792118010481,21,1,1,1,1,1.0
OLD80_CONTAMINATED,Q024,table,A,sparse,0.5,1,1.0,0.9950883841893561,7,1,1,1,1,1.0
OLD80_CONTAMINATED,Q024,table,A,sparse,0.6,1,1.0,0.8065735963827293,2,1,1,1,1,1.0
OLD80_CONTAMINATED,Q024,table,A,sparse,0.7,1,1.0,1.0,1,1,1,1,1,1.0
OLD80_CONTAMINATED,Q024,table,A,sparse,0.8,1,1.0,1.0,1,1,1,1,1,1.0
OLD80_CONTAMINATED,Q024,table,B,hybrid,0.4,1,1.0,0.5326208815196265,15,1,1,1,1,0.45652173913043476
OLD80_CONTAMINATED,Q024,table,B,hybrid,0.5,0,0.0,0.0,0,0,1,1,0,0.45652173913043476
OLD80_CONTAMINATED,Q024,table,B,hybrid,0.6,0,0.0,0.0,0,0,1,1,0,0.45652173913043476
OLD80_CONTAMINATED,Q024,table,B,hybrid,0.7,0,0.0,0.0,0,0,1,1,0,0.45652173913043476
OLD80_CONTAMINATED,Q024,table,B,hybrid,0.8,0,0.0,0.0,0,0,1,1,0,0.45652173913043476
OLD80_CONTAMINATED,Q024,table,B,dense,0.4,1,1.0,0.4480300279758384,15,1,1,1,1,0.45652173913043476
OLD80_CONTAMINATED,Q024,table,B,dense,0.5,0,0.0,0.0,0,0,1,1,0,0.45652173913043476
OLD80_CONTAMINATED,Q024,table,B,dense,0.6,0,0.0,0.0,0,0,1,1,0,0.45652173913043476
OLD80_CONTAMINATED,Q024,table,B,dense,0.7,0,0.0,0.0,0,0,1,1,0,0.45652173913043476
OLD80_CONTAMINATED,Q024,table,B,dense,0.8,0,0.0,0.0,0,0,1,1,0,0.45652173913043476
OLD80_CONTAMINATED,Q024,table,B,sparse,0.4,1,1.0,0.5988751049740155,15,1,1,1,1,0.45652173913043476
OLD80_CONTAMINATED,Q024,table,B,sparse,0.5,0,0.0,0.0,0,0,1,1,0,0.45652173913043476
OLD80_CONTAMINATED,Q024,table,B,sparse,0.6,0,0.0,0.0,0,0,1,1,0,0.45652173913043476
OLD80_CONTAMINATED,Q024,table,B,sparse,0.7,0,0.0,0.0,0,0,1,1,0,0.45652173913043476
OLD80_CONTAMINATED,Q024,table,B,sparse,0.8,0,0.0,0.0,0,0,1,1,0,0.45652173913043476
OLD80_CONTAMINATED,Q025,table,A,hybrid,0.4,1,1.0,1.0,1,1,1,1,1,1.0
OLD80_CONTAMINATED,Q025,table,A,hybrid,0.5,1,1.0,1.0,1,1,1,1,1,1.0
OLD80_CONTAMINATED,Q025,table,A,hybrid,0.6,1,1.0,1.0,1,1,1,1,1,1.0
OLD80_CONTAMINATED,Q025,table,A,hybrid,0.7,1,1.0,1.0,1,1,1,1,1,1.0
OLD80_CONTAMINATED,Q025,table,A,hybrid,0.8,1,1.0,1.0,1,1,1,1,1,1.0
OLD80_CONTAMINATED,Q025,table,A,dense,0.4,1,1.0,1.0,1,1,1,1,1,1.0
OLD80_CONTAMINATED,Q025,table,A,dense,0.5,1,1.0,1.0,1,1,1,1,1,1.0
OLD80_CONTAMINATED,Q025,table,A,dense,0.6,1,1.0,1.0,1,1,1,1,1,1.0
OLD80_CONTAMINATED,Q025,table,A,dense,0.7,1,1.0,1.0,1,1,1,1,1,1.0
OLD80_CONTAMINATED,Q025,table,A,dense,0.8,1,1.0,1.0,1,1,1,1,1,1.0
OLD80_CONTAMINATED,Q025,table,A,sparse,0.4,1,1.0,1.0,1,1,1,1,1,1.0
OLD80_CONTAMINATED,Q025,table,A,sparse,0.5,1,1.0,1.0,1,1,1,1,1,1.0
OLD80_CONTAMINATED,Q025,table,A,sparse,0.6,1,1.0,1.0,1,1,1,1,1,1.0
OLD80_CONTAMINATED,Q025,table,A,sparse,0.7,1,1.0,1.0,1,1,1,1,1,1.0
OLD80_CONTAMINATED,Q025,table,A,sparse,0.8,1,1.0,1.0,1,1,1,1,1,1.0
OLD80_CONTAMINATED,Q025,table,B,hybrid,0.4,1,1.0,0.6131471927654584,2,1,1,1,1,0.44360902255639095
OLD80_CONTAMINATED,Q025,table,B,hybrid,0.5,0,0.0,0.0,1,1,1,1,0,0.44360902255639095
OLD80_CONTAMINATED,Q025,table,B,hybrid,0.6,0,0.0,0.0,1,1,0,1,0,0.44360902255639095
OLD80_CONTAMINATED,Q025,table,B,hybrid,0.7,0,0.0,0.0,0,0,0,1,0,0.44360902255639095
OLD80_CONTAMINATED,Q025,table,B,hybrid,0.8,0,0.0,0.0,0,0,0,1,0,0.44360902255639095
OLD80_CONTAMINATED,Q025,table,B,dense,0.4,1,1.0,0.6131471927654584,2,1,1,1,1,0.44360902255639095
OLD80_CONTAMINATED,Q025,table,B,dense,0.5,0,0.0,0.0,1,1,1,1,0,0.44360902255639095
OLD80_CONTAMINATED,Q025,table,B,dense,0.6,0,0.0,0.0,1,1,0,1,0,0.44360902255639095
OLD80_CONTAMINATED,Q025,table,B,dense,0.7,0,0.0,0.0,0,0,0,1,0,0.44360902255639095
OLD80_CONTAMINATED,Q025,table,B,dense,0.8,0,0.0,0.0,0,0,0,1,0,0.44360902255639095
OLD80_CONTAMINATED,Q025,table,B,sparse,0.4,1,1.0,0.6131471927654584,2,1,1,1,1,0.44360902255639095
OLD80_CONTAMINATED,Q025,table,B,sparse,0.5,0,0.0,0.0,1,1,0,1,0,0.44360902255639095
OLD80_CONTAMINATED,Q025,table,B,sparse,0.6,0,0.0,0.0,1,1,0,1,0,0.44360902255639095
OLD80_CONTAMINATED,Q025,table,B,sparse,0.7,0,0.0,0.0,0,0,0,1,0,0.44360902255639095
OLD80_CONTAMINATED,Q025,table,B,sparse,0.8,0,0.0,0.0,0,0,0,1,0,0.44360902255639095
OLD80_CONTAMINATED,Q026,table,A,hybrid,0.4,1,0.14285714285714285,0.3333333333333333,1,1,1,1,7,1.0
OLD80_CONTAMINATED,Q026,table,A,hybrid,0.5,1,0.14285714285714285,0.3333333333333333,1,1,1,1,7,1.0
OLD80_CONTAMINATED,Q026,table,A,hybrid,0.6,1,0.14285714285714285,0.3333333333333333,1,1,1,1,7,1.0
OLD80_CONTAMINATED,Q026,table,A,hybrid,0.7,1,0.14285714285714285,0.3333333333333333,1,1,1,1,7,1.0
OLD80_CONTAMINATED,Q026,table,A,hybrid,0.8,1,0.14285714285714285,0.3333333333333333,1,1,1,1,7,1.0
OLD80_CONTAMINATED,Q026,table,A,dense,0.4,0,0.0,0.0,1,1,0,0,0,0.048672566371681415
OLD80_CONTAMINATED,Q026,table,A,dense,0.5,0,0.0,0.0,1,1,0,0,0,0.048672566371681415
OLD80_CONTAMINATED,Q026,table,A,dense,0.6,0,0.0,0.0,1,1,0,0,0,0.048672566371681415
OLD80_CONTAMINATED,Q026,table,A,dense,0.7,0,0.0,0.0,1,1,0,0,0,0.048672566371681415
OLD80_CONTAMINATED,Q026,table,A,dense,0.8,0,0.0,0.0,1,1,0,0,0,0.048672566371681415
OLD80_CONTAMINATED,Q026,table,A,sparse,0.4,1,0.14285714285714285,0.3333333333333333,1,1,1,1,7,1.0
OLD80_CONTAMINATED,Q026,table,A,sparse,0.5,1,0.14285714285714285,0.3333333333333333,1,1,1,1,7,1.0
OLD80_CONTAMINATED,Q026,table,A,sparse,0.6,1,0.14285714285714285,0.3333333333333333,1,1,1,1,7,1.0
OLD80_CONTAMINATED,Q026,table,A,sparse,0.7,1,0.14285714285714285,0.3333333333333333,1,1,1,1,7,1.0
OLD80_CONTAMINATED,Q026,table,A,sparse,0.8,1,0.14285714285714285,0.3333333333333333,1,1,1,1,7,1.0
OLD80_CONTAMINATED,Q026,table,B,hybrid,0.4,0,0.0,0.0,0,0,0,1,0,0.12831858407079647
OLD80_CONTAMINATED,Q026,table,B,hybrid,0.5,0,0.0,0.0,0,0,0,1,0,0.12831858407079647
OLD80_CONTAMINATED,Q026,table,B,hybrid,0.6,0,0.0,0.0,0,0,0,1,0,0.12831858407079647
OLD80_CONTAMINATED,Q026,table,B,hybrid,0.7,0,0.0,0.0,0,0,0,1,0,0.12831858407079647
OLD80_CONTAMINATED,Q026,table,B,hybrid,0.8,0,0.0,0.0,0,0,0,1,0,0.12831858407079647
OLD80_CONTAMINATED,Q026,table,B,dense,0.4,0,0.0,0.0,0,0,0,1,0,0.04756637168141593
OLD80_CONTAMINATED,Q026,table,B,dense,0.5,0,0.0,0.0,0,0,0,1,0,0.04756637168141593
OLD80_CONTAMINATED,Q026,table,B,dense,0.6,0,0.0,0.0,0,0,0,1,0,0.04756637168141593
OLD80_CONTAMINATED,Q026,table,B,dense,0.7,0,0.0,0.0,0,0,0,1,0,0.04756637168141593
OLD80_CONTAMINATED,Q026,table,B,dense,0.8,0,0.0,0.0,0,0,0,1,0,0.04756637168141593
OLD80_CONTAMINATED,Q026,table,B,sparse,0.4,0,0.0,0.0,0,0,0,1,0,0.12831858407079647
OLD80_CONTAMINATED,Q026,table,B,sparse,0.5,0,0.0,0.0,0,0,0,1,0,0.12831858407079647
OLD80_CONTAMINATED,Q026,table,B,sparse,0.6,0,0.0,0.0,0,0,0,1,0,0.12831858407079647
OLD80_CONTAMINATED,Q026,table,B,sparse,0.7,0,0.0,0.0,0,0,0,1,0,0.12831858407079647
OLD80_CONTAMINATED,Q026,table,B,sparse,0.8,0,0.0,0.0,0,0,0,1,0,0.12831858407079647
OLD80_CONTAMINATED,Q027,table,A,hybrid,0.4,1,1.0,1.0,1,1,1,1,1,1.0
OLD80_CONTAMINATED,Q027,table,A,hybrid,0.5,1,1.0,1.0,1,1,1,1,1,1.0
OLD80_CONTAMINATED,Q027,table,A,hybrid,0.6,1,1.0,1.0,1,1,1,1,1,1.0
OLD80_CONTAMINATED,Q027,table,A,hybrid,0.7,1,1.0,1.0,1,1,1,1,1,1.0
OLD80_CONTAMINATED,Q027,table,A,hybrid,0.8,1,1.0,1.0,1,1,1,1,1,1.0
OLD80_CONTAMINATED,Q027,table,A,dense,0.4,1,1.0,1.0,1,1,1,1,1,1.0
OLD80_CONTAMINATED,Q027,table,A,dense,0.5,1,1.0,1.0,1,1,1,1,1,1.0
OLD80_CONTAMINATED,Q027,table,A,dense,0.6,1,1.0,1.0,1,1,1,1,1,1.0
OLD80_CONTAMINATED,Q027,table,A,dense,0.7,1,1.0,1.0,1,1,1,1,1,1.0
OLD80_CONTAMINATED,Q027,table,A,dense,0.8,1,1.0,1.0,1,1,1,1,1,1.0
OLD80_CONTAMINATED,Q027,table,A,sparse,0.4,1,1.0,1.0,1,1,1,1,1,1.0
OLD80_CONTAMINATED,Q027,table,A,sparse,0.5,1,1.0,1.0,1,1,1,1,1,1.0
OLD80_CONTAMINATED,Q027,table,A,sparse,0.6,1,1.0,1.0,1,1,1,1,1,1.0
OLD80_CONTAMINATED,Q027,table,A,sparse,0.7,1,1.0,1.0,1,1,1,1,1,1.0
OLD80_CONTAMINATED,Q027,table,A,sparse,0.8,1,1.0,1.0,1,1,1,1,1,1.0
OLD80_CONTAMINATED,Q027,table,B,hybrid,0.4,0,0.0,0.0,0,0,1,1,0,0.3174946004319654
OLD80_CONTAMINATED,Q027,table,B,hybrid,0.5,0,0.0,0.0,0,0,1,1,0,0.3174946004319654
OLD80_CONTAMINATED,Q027,table,B,hybrid,0.6,0,0.0,0.0,0,0,1,1,0,0.3174946004319654
OLD80_CONTAMINATED,Q027,table,B,hybrid,0.7,0,0.0,0.0,0,0,1,1,0,0.3174946004319654
OLD80_CONTAMINATED,Q027,table,B,hybrid,0.8,0,0.0,0.0,0,0,0,1,0,0.3174946004319654
OLD80_CONTAMINATED,Q027,table,B,dense,0.4,0,0.0,0.0,0,0,1,1,0,0.3174946004319654
OLD80_CONTAMINATED,Q027,table,B,dense,0.5,0,0.0,0.0,0,0,1,1,0,0.3174946004319654
OLD80_CONTAMINATED,Q027,table,B,dense,0.6,0,0.0,0.0,0,0,1,1,0,0.3174946004319654
OLD80_CONTAMINATED,Q027,table,B,dense,0.7,0,0.0,0.0,0,0,0,1,0,0.3174946004319654
OLD80_CONTAMINATED,Q027,table,B,dense,0.8,0,0.0,0.0,0,0,0,1,0,0.3174946004319654
OLD80_CONTAMINATED,Q027,table,B,sparse,0.4,0,0.0,0.0,0,0,1,1,0,0.3174946004319654
OLD80_CONTAMINATED,Q027,table,B,sparse,0.5,0,0.0,0.0,0,0,1,1,0,0.3174946004319654
OLD80_CONTAMINATED,Q027,table,B,sparse,0.6,0,0.0,0.0,0,0,1,1,0,0.3174946004319654
OLD80_CONTAMINATED,Q027,table,B,sparse,0.7,0,0.0,0.0,0,0,1,1,0,0.3174946004319654
OLD80_CONTAMINATED,Q027,table,B,sparse,0.8,0,0.0,0.0,0,0,0,1,0,0.3174946004319654
OLD80_CONTAMINATED,Q028,table,A,hybrid,0.4,0,0.0,0.0,1,1,0,1,0,0.03578528827037773
OLD80_CONTAMINATED,Q028,table,A,hybrid,0.5,0,0.0,0.0,1,1,0,1,0,0.03578528827037773
OLD80_CONTAMINATED,Q028,table,A,hybrid,0.6,0,0.0,0.0,1,1,0,1,0,0.03578528827037773
OLD80_CONTAMINATED,Q028,table,A,hybrid,0.7,0,0.0,0.0,1,1,0,1,0,0.03578528827037773
OLD80_CONTAMINATED,Q028,table,A,hybrid,0.8,0,0.0,0.0,1,1,0,1,0,0.03578528827037773
OLD80_CONTAMINATED,Q028,table,A,dense,0.4,0,0.0,0.0,1,1,0,1,0,0.03777335984095427
OLD80_CONTAMINATED,Q028,table,A,dense,0.5,0,0.0,0.0,1,1,0,1,0,0.03777335984095427
OLD80_CONTAMINATED,Q028,table,A,dense,0.6,0,0.0,0.0,1,1,0,1,0,0.03777335984095427
OLD80_CONTAMINATED,Q028,table,A,dense,0.7,0,0.0,0.0,1,1,0,1,0,0.03777335984095427
OLD80_CONTAMINATED,Q028,table,A,dense,0.8,0,0.0,0.0,1,1,0,1,0,0.03777335984095427
OLD80_CONTAMINATED,Q028,table,A,sparse,0.4,0,0.0,0.0,1,1,0,1,0,0.03777335984095427
OLD80_CONTAMINATED,Q028,table,A,sparse,0.5,0,0.0,0.0,1,1,0,1,0,0.03777335984095427
OLD80_CONTAMINATED,Q028,table,A,sparse,0.6,0,0.0,0.0,1,1,0,1,0,0.03777335984095427
OLD80_CONTAMINATED,Q028,table,A,sparse,0.7,0,0.0,0.0,1,1,0,1,0,0.03777335984095427
OLD80_CONTAMINATED,Q028,table,A,sparse,0.8,0,0.0,0.0,1,1,0,1,0,0.03777335984095427
OLD80_CONTAMINATED,Q028,table,B,hybrid,0.4,0,0.0,0.0,0,0,1,1,0,0.3836978131212724
OLD80_CONTAMINATED,Q028,table,B,hybrid,0.5,0,0.0,0.0,0,0,0,1,0,0.3836978131212724
OLD80_CONTAMINATED,Q028,table,B,hybrid,0.6,0,0.0,0.0,0,0,0,1,0,0.3836978131212724
OLD80_CONTAMINATED,Q028,table,B,hybrid,0.7,0,0.0,0.0,0,0,0,1,0,0.3836978131212724
OLD80_CONTAMINATED,Q028,table,B,hybrid,0.8,0,0.0,0.0,0,0,0,1,0,0.3836978131212724
OLD80_CONTAMINATED,Q028,table,B,dense,0.4,0,0.0,0.0,0,0,1,1,0,0.3836978131212724
OLD80_CONTAMINATED,Q028,table,B,dense,0.5,0,0.0,0.0,0,0,0,1,0,0.3836978131212724
OLD80_CONTAMINATED,Q028,table,B,dense,0.6,0,0.0,0.0,0,0,0,1,0,0.3836978131212724
OLD80_CONTAMINATED,Q028,table,B,dense,0.7,0,0.0,0.0,0,0,0,1,0,0.3836978131212724
OLD80_CONTAMINATED,Q028,table,B,dense,0.8,0,0.0,0.0,0,0,0,1,0,0.3836978131212724
OLD80_CONTAMINATED,Q028,table,B,sparse,0.4,0,0.0,0.0,0,0,1,1,0,0.3836978131212724
OLD80_CONTAMINATED,Q028,table,B,sparse,0.5,0,0.0,0.0,0,0,0,1,0,0.3836978131212724
OLD80_CONTAMINATED,Q028,table,B,sparse,0.6,0,0.0,0.0,0,0,0,1,0,0.3836978131212724
OLD80_CONTAMINATED,Q028,table,B,sparse,0.7,0,0.0,0.0,0,0,0,1,0,0.3836978131212724
OLD80_CONTAMINATED,Q028,table,B,sparse,0.8,0,0.0,0.0,0,0,0,1,0,0.3836978131212724
OLD80_CONTAMINATED,Q029,table,A,hybrid,0.4,0,0.0,0.0,1,1,0,1,0,0.23352713178294573
OLD80_CONTAMINATED,Q029,table,A,hybrid,0.5,0,0.0,0.0,1,1,0,1,0,0.23352713178294573
OLD80_CONTAMINATED,Q029,table,A,hybrid,0.6,0,0.0,0.0,1,1,0,1,0,0.23352713178294573
OLD80_CONTAMINATED,Q029,table,A,hybrid,0.7,0,0.0,0.0,1,1,0,1,0,0.23352713178294573
OLD80_CONTAMINATED,Q029,table,A,hybrid,0.8,0,0.0,0.0,1,1,0,1,0,0.23352713178294573
OLD80_CONTAMINATED,Q029,table,A,dense,0.4,0,0.0,0.0,1,1,0,1,0,0.23352713178294573
OLD80_CONTAMINATED,Q029,table,A,dense,0.5,0,0.0,0.0,1,1,0,1,0,0.23352713178294573
OLD80_CONTAMINATED,Q029,table,A,dense,0.6,0,0.0,0.0,1,1,0,1,0,0.23352713178294573
OLD80_CONTAMINATED,Q029,table,A,dense,0.7,0,0.0,0.0,1,1,0,1,0,0.23352713178294573
OLD80_CONTAMINATED,Q029,table,A,dense,0.8,0,0.0,0.0,1,1,0,1,0,0.23352713178294573
OLD80_CONTAMINATED,Q029,table,A,sparse,0.4,0,0.0,0.0,1,1,0,0,0,0.01065891472868217
OLD80_CONTAMINATED,Q029,table,A,sparse,0.5,0,0.0,0.0,1,1,0,0,0,0.01065891472868217
OLD80_CONTAMINATED,Q029,table,A,sparse,0.6,0,0.0,0.0,1,1,0,0,0,0.01065891472868217
OLD80_CONTAMINATED,Q029,table,A,sparse,0.7,0,0.0,0.0,1,1,0,0,0,0.01065891472868217
OLD80_CONTAMINATED,Q029,table,A,sparse,0.8,0,0.0,0.0,1,1,0,0,0,0.01065891472868217
OLD80_CONTAMINATED,Q029,table,B,hybrid,0.4,0,0.0,0.0,0,0,0,1,0,0.23352713178294573
OLD80_CONTAMINATED,Q029,table,B,hybrid,0.5,0,0.0,0.0,0,0,0,1,0,0.23352713178294573
OLD80_CONTAMINATED,Q029,table,B,hybrid,0.6,0,0.0,0.0,0,0,0,1,0,0.23352713178294573
OLD80_CONTAMINATED,Q029,table,B,hybrid,0.7,0,0.0,0.0,0,0,0,1,0,0.23352713178294573
OLD80_CONTAMINATED,Q029,table,B,hybrid,0.8,0,0.0,0.0,0,0,0,1,0,0.23352713178294573
OLD80_CONTAMINATED,Q029,table,B,dense,0.4,0,0.0,0.0,0,0,0,1,0,0.23352713178294573
OLD80_CONTAMINATED,Q029,table,B,dense,0.5,0,0.0,0.0,0,0,0,1,0,0.23352713178294573
OLD80_CONTAMINATED,Q029,table,B,dense,0.6,0,0.0,0.0,0,0,0,1,0,0.23352713178294573
OLD80_CONTAMINATED,Q029,table,B,dense,0.7,0,0.0,0.0,0,0,0,1,0,0.23352713178294573
OLD80_CONTAMINATED,Q029,table,B,dense,0.8,0,0.0,0.0,0,0,0,1,0,0.23352713178294573
OLD80_CONTAMINATED,Q029,table,B,sparse,0.4,0,0.0,0.0,0,0,0,0,0,0.01065891472868217
OLD80_CONTAMINATED,Q029,table,B,sparse,0.5,0,0.0,0.0,0,0,0,0,0,0.01065891472868217
OLD80_CONTAMINATED,Q029,table,B,sparse,0.6,0,0.0,0.0,0,0,0,0,0,0.01065891472868217
OLD80_CONTAMINATED,Q029,table,B,sparse,0.7,0,0.0,0.0,0,0,0,0,0,0.01065891472868217
OLD80_CONTAMINATED,Q029,table,B,sparse,0.8,0,0.0,0.0,0,0,0,0,0,0.01065891472868217
OLD80_CONTAMINATED,Q030,table,A,hybrid,0.4,1,0.5,0.38685280723454163,2,1,1,1,2,1.0
OLD80_CONTAMINATED,Q030,table,A,hybrid,0.5,1,0.5,0.38685280723454163,2,1,1,1,2,1.0
OLD80_CONTAMINATED,Q030,table,A,hybrid,0.6,1,0.5,0.6309297535714575,1,1,1,1,2,1.0
OLD80_CONTAMINATED,Q030,table,A,hybrid,0.7,1,0.5,0.6309297535714575,1,1,1,1,2,1.0
OLD80_CONTAMINATED,Q030,table,A,hybrid,0.8,1,0.5,0.6309297535714575,1,1,1,1,2,1.0
OLD80_CONTAMINATED,Q030,table,A,dense,0.4,0,0.0,0.0,2,1,0,0,0,0.07454545454545454
OLD80_CONTAMINATED,Q030,table,A,dense,0.5,0,0.0,0.0,2,1,0,0,0,0.07454545454545454
OLD80_CONTAMINATED,Q030,table,A,dense,0.6,0,0.0,0.0,1,1,0,0,0,0.07454545454545454
OLD80_CONTAMINATED,Q030,table,A,dense,0.7,0,0.0,0.0,1,1,0,0,0,0.07454545454545454
OLD80_CONTAMINATED,Q030,table,A,dense,0.8,0,0.0,0.0,1,1,0,0,0,0.07454545454545454
OLD80_CONTAMINATED,Q030,table,A,sparse,0.4,1,1.0,0.6131471927654584,2,1,1,1,1,1.0
OLD80_CONTAMINATED,Q030,table,A,sparse,0.5,1,1.0,0.6131471927654584,2,1,1,1,1,1.0
OLD80_CONTAMINATED,Q030,table,A,sparse,0.6,1,1.0,1.0,1,1,1,1,1,1.0
OLD80_CONTAMINATED,Q030,table,A,sparse,0.7,1,1.0,1.0,1,1,1,1,1,1.0
OLD80_CONTAMINATED,Q030,table,A,sparse,0.8,1,1.0,1.0,1,1,1,1,1,1.0
OLD80_CONTAMINATED,Q030,table,B,hybrid,0.4,0,0.0,0.0,3,1,0,1,0,0.07454545454545454
OLD80_CONTAMINATED,Q030,table,B,hybrid,0.5,0,0.0,0.0,1,1,0,1,0,0.07454545454545454
OLD80_CONTAMINATED,Q030,table,B,hybrid,0.6,0,0.0,0.0,0,0,0,1,0,0.07454545454545454
OLD80_CONTAMINATED,Q030,table,B,hybrid,0.7,0,0.0,0.0,0,0,0,1,0,0.07454545454545454
OLD80_CONTAMINATED,Q030,table,B,hybrid,0.8,0,0.0,0.0,0,0,0,1,0,0.07454545454545454
OLD80_CONTAMINATED,Q030,table,B,dense,0.4,0,0.0,0.0,3,1,0,1,0,0.07454545454545454
OLD80_CONTAMINATED,Q030,table,B,dense,0.5,0,0.0,0.0,1,1,0,1,0,0.07454545454545454
OLD80_CONTAMINATED,Q030,table,B,dense,0.6,0,0.0,0.0,0,0,0,1,0,0.07454545454545454
OLD80_CONTAMINATED,Q030,table,B,dense,0.7,0,0.0,0.0,0,0,0,1,0,0.07454545454545454
OLD80_CONTAMINATED,Q030,table,B,dense,0.8,0,0.0,0.0,0,0,0,1,0,0.07454545454545454
OLD80_CONTAMINATED,Q030,table,B,sparse,0.4,0,0.0,0.0,3,1,0,1,0,0.07454545454545454
OLD80_CONTAMINATED,Q030,table,B,sparse,0.5,0,0.0,0.0,1,1,0,1,0,0.07454545454545454
OLD80_CONTAMINATED,Q030,table,B,sparse,0.6,0,0.0,0.0,0,0,0,1,0,0.07454545454545454
OLD80_CONTAMINATED,Q030,table,B,sparse,0.7,0,0.0,0.0,0,0,0,1,0,0.07454545454545454
OLD80_CONTAMINATED,Q030,table,B,sparse,0.8,0,0.0,0.0,0,0,0,1,0,0.07454545454545454
OLD80_CONTAMINATED,Q031,table,A,hybrid,0.4,1,1.0,0.6131471927654584,2,1,1,1,1,1.0
OLD80_CONTAMINATED,Q031,table,A,hybrid,0.5,1,1.0,1.0,1,1,1,1,1,1.0
OLD80_CONTAMINATED,Q031,table,A,hybrid,0.6,1,1.0,1.0,1,1,1,1,1,1.0
OLD80_CONTAMINATED,Q031,table,A,hybrid,0.7,1,1.0,1.0,1,1,1,1,1,1.0
OLD80_CONTAMINATED,Q031,table,A,hybrid,0.8,1,1.0,1.0,1,1,1,1,1,1.0
OLD80_CONTAMINATED,Q031,table,A,dense,0.4,0,0.0,0.0,2,1,0,0,0,0.0847457627118644
OLD80_CONTAMINATED,Q031,table,A,dense,0.5,0,0.0,0.0,1,1,0,0,0,0.0847457627118644
OLD80_CONTAMINATED,Q031,table,A,dense,0.6,0,0.0,0.0,1,1,0,0,0,0.0847457627118644
OLD80_CONTAMINATED,Q031,table,A,dense,0.7,0,0.0,0.0,1,1,0,0,0,0.0847457627118644
OLD80_CONTAMINATED,Q031,table,A,dense,0.8,0,0.0,0.0,1,1,0,0,0,0.0847457627118644
OLD80_CONTAMINATED,Q031,table,A,sparse,0.4,1,1.0,0.8315546295836225,2,1,1,1,1,1.0
OLD80_CONTAMINATED,Q031,table,A,sparse,0.5,1,1.0,1.0,1,1,1,1,1,1.0
OLD80_CONTAMINATED,Q031,table,A,sparse,0.6,1,1.0,1.0,1,1,1,1,1,1.0
OLD80_CONTAMINATED,Q031,table,A,sparse,0.7,1,1.0,1.0,1,1,1,1,1,1.0
OLD80_CONTAMINATED,Q031,table,A,sparse,0.8,1,1.0,1.0,1,1,1,1,1,1.0
OLD80_CONTAMINATED,Q031,table,B,hybrid,0.4,1,0.5,0.38685280723454163,2,1,1,0,2,0.4661016949152542
OLD80_CONTAMINATED,Q031,table,B,hybrid,0.5,0,0.0,0.0,1,1,1,0,0,0.4661016949152542
OLD80_CONTAMINATED,Q031,table,B,hybrid,0.6,0,0.0,0.0,1,1,1,0,0,0.4661016949152542
OLD80_CONTAMINATED,Q031,table,B,hybrid,0.7,0,0.0,0.0,1,1,1,0,0,0.4661016949152542
OLD80_CONTAMINATED,Q031,table,B,hybrid,0.8,0,0.0,0.0,1,1,0,0,0,0.4661016949152542
OLD80_CONTAMINATED,Q031,table,B,dense,0.4,1,1.0,0.6131471927654584,2,1,1,0,1,0.4661016949152542
OLD80_CONTAMINATED,Q031,table,B,dense,0.5,0,0.0,0.0,1,1,1,0,0,0.4661016949152542
OLD80_CONTAMINATED,Q031,table,B,dense,0.6,0,0.0,0.0,1,1,0,0,0,0.4661016949152542
OLD80_CONTAMINATED,Q031,table,B,dense,0.7,0,0.0,0.0,1,1,0,0,0,0.4661016949152542
OLD80_CONTAMINATED,Q031,table,B,dense,0.8,0,0.0,0.0,1,1,0,0,0,0.4661016949152542
OLD80_CONTAMINATED,Q031,table,B,sparse,0.4,1,0.5,0.38685280723454163,2,1,1,1,2,0.4661016949152542
OLD80_CONTAMINATED,Q031,table,B,sparse,0.5,0,0.0,0.0,1,1,1,1,0,0.4661016949152542
OLD80_CONTAMINATED,Q031,table,B,sparse,0.6,0,0.0,0.0,1,1,1,1,0,0.4661016949152542
OLD80_CONTAMINATED,Q031,table,B,sparse,0.7,0,0.0,0.0,1,1,0,1,0,0.4661016949152542
OLD80_CONTAMINATED,Q031,table,B,sparse,0.8,0,0.0,0.0,1,1,0,1,0,0.4661016949152542
OLD80_CONTAMINATED,Q032,table,A,hybrid,0.4,1,1.0,0.6804558477306826,4,1,1,1,1,1.0
OLD80_CONTAMINATED,Q032,table,A,hybrid,0.5,1,1.0,1.0,1,1,1,1,1,1.0
OLD80_CONTAMINATED,Q032,table,A,hybrid,0.6,1,1.0,1.0,1,1,1,1,1,1.0
OLD80_CONTAMINATED,Q032,table,A,hybrid,0.7,1,1.0,1.0,1,1,1,1,1,1.0
OLD80_CONTAMINATED,Q032,table,A,hybrid,0.8,1,1.0,1.0,1,1,1,1,1,1.0
OLD80_CONTAMINATED,Q032,table,A,dense,0.4,1,1.0,0.3903800499921017,4,1,1,1,1,1.0
OLD80_CONTAMINATED,Q032,table,A,dense,0.5,1,1.0,1.0,1,1,1,1,1,1.0
OLD80_CONTAMINATED,Q032,table,A,dense,0.6,1,1.0,1.0,1,1,1,1,1,1.0
OLD80_CONTAMINATED,Q032,table,A,dense,0.7,1,1.0,1.0,1,1,1,1,1,1.0
OLD80_CONTAMINATED,Q032,table,A,dense,0.8,1,1.0,1.0,1,1,1,1,1,1.0
OLD80_CONTAMINATED,Q032,table,A,sparse,0.4,1,1.0,0.6595629128335778,4,1,1,1,1,1.0
OLD80_CONTAMINATED,Q032,table,A,sparse,0.5,1,1.0,1.0,1,1,1,1,1,1.0
OLD80_CONTAMINATED,Q032,table,A,sparse,0.6,1,1.0,1.0,1,1,1,1,1,1.0
OLD80_CONTAMINATED,Q032,table,A,sparse,0.7,1,1.0,1.0,1,1,1,1,1,1.0
OLD80_CONTAMINATED,Q032,table,A,sparse,0.8,1,1.0,1.0,1,1,1,1,1,1.0
OLD80_CONTAMINATED,Q032,table,B,hybrid,0.4,1,1.0,1.0,4,1,1,1,1,1.0
OLD80_CONTAMINATED,Q032,table,B,hybrid,0.5,1,1.0,1.0,1,1,1,1,1,1.0
OLD80_CONTAMINATED,Q032,table,B,hybrid,0.6,1,1.0,1.0,1,1,1,1,1,1.0
OLD80_CONTAMINATED,Q032,table,B,hybrid,0.7,1,1.0,1.0,1,1,1,1,1,1.0
OLD80_CONTAMINATED,Q032,table,B,hybrid,0.8,1,1.0,1.0,1,1,1,1,1,1.0
OLD80_CONTAMINATED,Q032,table,B,dense,0.4,1,1.0,1.0,4,1,1,1,1,1.0
OLD80_CONTAMINATED,Q032,table,B,dense,0.5,1,1.0,1.0,1,1,1,1,1,1.0
OLD80_CONTAMINATED,Q032,table,B,dense,0.6,1,1.0,1.0,1,1,1,1,1,1.0
OLD80_CONTAMINATED,Q032,table,B,dense,0.7,1,1.0,1.0,1,1,1,1,1,1.0
OLD80_CONTAMINATED,Q032,table,B,dense,0.8,1,1.0,1.0,1,1,1,1,1,1.0
OLD80_CONTAMINATED,Q032,table,B,sparse,0.4,1,1.0,1.0,4,1,1,1,1,1.0
OLD80_CONTAMINATED,Q032,table,B,sparse,0.5,1,1.0,1.0,1,1,1,1,1,1.0
OLD80_CONTAMINATED,Q032,table,B,sparse,0.6,1,1.0,1.0,1,1,1,1,1,1.0
OLD80_CONTAMINATED,Q032,table,B,sparse,0.7,1,1.0,1.0,1,1,1,1,1,1.0
OLD80_CONTAMINATED,Q032,table,B,sparse,0.8,1,1.0,1.0,1,1,1,1,1,1.0
OLD80_CONTAMINATED,Q033,table,A,hybrid,0.4,0,0.0,0.0,2,1,0,0,0,0.027522935779816515
OLD80_CONTAMINATED,Q033,table,A,hybrid,0.5,0,0.0,0.0,1,1,0,0,0,0.027522935779816515
OLD80_CONTAMINATED,Q033,table,A,hybrid,0.6,0,0.0,0.0,1,1,0,0,0,0.027522935779816515
OLD80_CONTAMINATED,Q033,table,A,hybrid,0.7,0,0.0,0.0,1,1,0,0,0,0.027522935779816515
OLD80_CONTAMINATED,Q033,table,A,hybrid,0.8,0,0.0,0.0,1,1,0,0,0,0.027522935779816515
OLD80_CONTAMINATED,Q033,table,A,dense,0.4,0,0.0,0.0,2,1,0,0,0,0.027522935779816515
OLD80_CONTAMINATED,Q033,table,A,dense,0.5,0,0.0,0.0,1,1,0,0,0,0.027522935779816515
OLD80_CONTAMINATED,Q033,table,A,dense,0.6,0,0.0,0.0,1,1,0,0,0,0.027522935779816515
OLD80_CONTAMINATED,Q033,table,A,dense,0.7,0,0.0,0.0,1,1,0,0,0,0.027522935779816515
OLD80_CONTAMINATED,Q033,table,A,dense,0.8,0,0.0,0.0,1,1,0,0,0,0.027522935779816515
OLD80_CONTAMINATED,Q033,table,A,sparse,0.4,0,0.0,0.0,2,1,0,0,0,0.30504587155963303
OLD80_CONTAMINATED,Q033,table,A,sparse,0.5,0,0.0,0.0,1,1,0,0,0,0.30504587155963303
OLD80_CONTAMINATED,Q033,table,A,sparse,0.6,0,0.0,0.0,1,1,0,0,0,0.30504587155963303
OLD80_CONTAMINATED,Q033,table,A,sparse,0.7,0,0.0,0.0,1,1,0,0,0,0.30504587155963303
OLD80_CONTAMINATED,Q033,table,A,sparse,0.8,0,0.0,0.0,1,1,0,0,0,0.30504587155963303
OLD80_CONTAMINATED,Q033,table,B,hybrid,0.4,0,0.0,0.0,1,1,0,0,0,0.30504587155963303
OLD80_CONTAMINATED,Q033,table,B,hybrid,0.5,0,0.0,0.0,1,1,0,0,0,0.30504587155963303
OLD80_CONTAMINATED,Q033,table,B,hybrid,0.6,0,0.0,0.0,0,0,0,0,0,0.30504587155963303
OLD80_CONTAMINATED,Q033,table,B,hybrid,0.7,0,0.0,0.0,0,0,0,0,0,0.30504587155963303
OLD80_CONTAMINATED,Q033,table,B,hybrid,0.8,0,0.0,0.0,0,0,0,0,0,0.30504587155963303
OLD80_CONTAMINATED,Q033,table,B,dense,0.4,0,0.0,0.0,1,1,0,0,0,0.02981651376146789
OLD80_CONTAMINATED,Q033,table,B,dense,0.5,0,0.0,0.0,1,1,0,0,0,0.02981651376146789
OLD80_CONTAMINATED,Q033,table,B,dense,0.6,0,0.0,0.0,0,0,0,0,0,0.02981651376146789
OLD80_CONTAMINATED,Q033,table,B,dense,0.7,0,0.0,0.0,0,0,0,0,0,0.02981651376146789
OLD80_CONTAMINATED,Q033,table,B,dense,0.8,0,0.0,0.0,0,0,0,0,0,0.02981651376146789
OLD80_CONTAMINATED,Q033,table,B,sparse,0.4,0,0.0,0.0,1,1,0,0,0,0.30504587155963303
OLD80_CONTAMINATED,Q033,table,B,sparse,0.5,0,0.0,0.0,1,1,0,0,0,0.30504587155963303
OLD80_CONTAMINATED,Q033,table,B,sparse,0.6,0,0.0,0.0,0,0,0,0,0,0.30504587155963303
OLD80_CONTAMINATED,Q033,table,B,sparse,0.7,0,0.0,0.0,0,0,0,0,0,0.30504587155963303
OLD80_CONTAMINATED,Q033,table,B,sparse,0.8,0,0.0,0.0,0,0,0,0,0,0.30504587155963303
OLD80_CONTAMINATED,Q034,table,A,hybrid,0.4,1,1.0,1.0,1,1,1,1,1,1.0
OLD80_CONTAMINATED,Q034,table,A,hybrid,0.5,1,1.0,1.0,1,1,1,1,1,1.0
OLD80_CONTAMINATED,Q034,table,A,hybrid,0.6,1,1.0,1.0,1,1,1,1,1,1.0
OLD80_CONTAMINATED,Q034,table,A,hybrid,0.7,1,1.0,1.0,1,1,1,1,1,1.0
OLD80_CONTAMINATED,Q034,table,A,hybrid,0.8,1,1.0,1.0,1,1,1,1,1,1.0
OLD80_CONTAMINATED,Q034,table,A,dense,0.4,1,1.0,1.0,1,1,1,1,1,1.0
OLD80_CONTAMINATED,Q034,table,A,dense,0.5,1,1.0,1.0,1,1,1,1,1,1.0
OLD80_CONTAMINATED,Q034,table,A,dense,0.6,1,1.0,1.0,1,1,1,1,1,1.0
OLD80_CONTAMINATED,Q034,table,A,dense,0.7,1,1.0,1.0,1,1,1,1,1,1.0
OLD80_CONTAMINATED,Q034,table,A,dense,0.8,1,1.0,1.0,1,1,1,1,1,1.0
OLD80_CONTAMINATED,Q034,table,A,sparse,0.4,1,1.0,1.0,1,1,1,1,1,1.0
OLD80_CONTAMINATED,Q034,table,A,sparse,0.5,1,1.0,1.0,1,1,1,1,1,1.0
OLD80_CONTAMINATED,Q034,table,A,sparse,0.6,1,1.0,1.0,1,1,1,1,1,1.0
OLD80_CONTAMINATED,Q034,table,A,sparse,0.7,1,1.0,1.0,1,1,1,1,1,1.0
OLD80_CONTAMINATED,Q034,table,A,sparse,0.8,1,1.0,1.0,1,1,1,1,1,1.0
OLD80_CONTAMINATED,Q034,table,B,hybrid,0.4,0,0.0,0.0,0,0,1,1,0,0.24010554089709762
OLD80_CONTAMINATED,Q034,table,B,hybrid,0.5,0,0.0,0.0,0,0,1,1,0,0.24010554089709762
OLD80_CONTAMINATED,Q034,table,B,hybrid,0.6,0,0.0,0.0,0,0,0,1,0,0.24010554089709762
OLD80_CONTAMINATED,Q034,table,B,hybrid,0.7,0,0.0,0.0,0,0,0,1,0,0.24010554089709762
OLD80_CONTAMINATED,Q034,table,B,hybrid,0.8,0,0.0,0.0,0,0,0,1,0,0.24010554089709762
OLD80_CONTAMINATED,Q034,table,B,dense,0.4,0,0.0,0.0,0,0,0,0,0,0.12401055408970976
OLD80_CONTAMINATED,Q034,table,B,dense,0.5,0,0.0,0.0,0,0,0,0,0,0.12401055408970976
OLD80_CONTAMINATED,Q034,table,B,dense,0.6,0,0.0,0.0,0,0,0,0,0,0.12401055408970976
OLD80_CONTAMINATED,Q034,table,B,dense,0.7,0,0.0,0.0,0,0,0,0,0,0.12401055408970976
OLD80_CONTAMINATED,Q034,table,B,dense,0.8,0,0.0,0.0,0,0,0,0,0,0.12401055408970976
OLD80_CONTAMINATED,Q034,table,B,sparse,0.4,0,0.0,0.0,0,0,1,1,0,0.24010554089709762
OLD80_CONTAMINATED,Q034,table,B,sparse,0.5,0,0.0,0.0,0,0,1,1,0,0.24010554089709762
OLD80_CONTAMINATED,Q034,table,B,sparse,0.6,0,0.0,0.0,0,0,0,1,0,0.24010554089709762
OLD80_CONTAMINATED,Q034,table,B,sparse,0.7,0,0.0,0.0,0,0,0,1,0,0.24010554089709762
OLD80_CONTAMINATED,Q034,table,B,sparse,0.8,0,0.0,0.0,0,0,0,1,0,0.24010554089709762
OLD80_CONTAMINATED,Q035,table,A,hybrid,0.4,1,0.5,0.6309297535714575,1,1,1,1,2,1.0
OLD80_CONTAMINATED,Q035,table,A,hybrid,0.5,1,0.5,0.6309297535714575,1,1,1,1,2,1.0
OLD80_CONTAMINATED,Q035,table,A,hybrid,0.6,1,0.5,0.6309297535714575,1,1,1,1,2,1.0
OLD80_CONTAMINATED,Q035,table,A,hybrid,0.7,1,0.5,0.6309297535714575,1,1,1,1,2,1.0
OLD80_CONTAMINATED,Q035,table,A,hybrid,0.8,1,0.5,0.6309297535714575,1,1,1,1,2,1.0
OLD80_CONTAMINATED,Q035,table,A,dense,0.4,0,0.0,0.0,1,1,0,0,0,0.16260162601626016
OLD80_CONTAMINATED,Q035,table,A,dense,0.5,0,0.0,0.0,1,1,0,0,0,0.16260162601626016
OLD80_CONTAMINATED,Q035,table,A,dense,0.6,0,0.0,0.0,1,1,0,0,0,0.16260162601626016
OLD80_CONTAMINATED,Q035,table,A,dense,0.7,0,0.0,0.0,1,1,0,0,0,0.16260162601626016
OLD80_CONTAMINATED,Q035,table,A,dense,0.8,0,0.0,0.0,1,1,0,0,0,0.16260162601626016
OLD80_CONTAMINATED,Q035,table,A,sparse,0.4,1,0.5,0.6309297535714575,1,1,1,1,2,1.0
OLD80_CONTAMINATED,Q035,table,A,sparse,0.5,1,0.5,0.6309297535714575,1,1,1,1,2,1.0
OLD80_CONTAMINATED,Q035,table,A,sparse,0.6,1,0.5,0.6309297535714575,1,1,1,1,2,1.0
OLD80_CONTAMINATED,Q035,table,A,sparse,0.7,1,0.5,0.6309297535714575,1,1,1,1,2,1.0
OLD80_CONTAMINATED,Q035,table,A,sparse,0.8,1,0.5,0.6309297535714575,1,1,1,1,2,1.0
OLD80_CONTAMINATED,Q035,table,B,hybrid,0.4,1,1.0,1.0,1,1,1,1,1,0.8265582655826558
OLD80_CONTAMINATED,Q035,table,B,hybrid,0.5,1,1.0,1.0,1,1,1,1,1,0.8265582655826558
OLD80_CONTAMINATED,Q035,table,B,hybrid,0.6,1,1.0,1.0,1,1,1,1,1,0.8265582655826558
OLD80_CONTAMINATED,Q035,table,B,hybrid,0.7,1,1.0,1.0,1,1,1,1,1,0.8265582655826558
OLD80_CONTAMINATED,Q035,table,B,hybrid,0.8,1,1.0,1.0,1,1,1,1,1,0.8265582655826558
OLD80_CONTAMINATED,Q035,table,B,dense,0.4,0,0.0,0.0,1,1,0,0,0,0.16260162601626016
OLD80_CONTAMINATED,Q035,table,B,dense,0.5,0,0.0,0.0,1,1,0,0,0,0.16260162601626016
OLD80_CONTAMINATED,Q035,table,B,dense,0.6,0,0.0,0.0,1,1,0,0,0,0.16260162601626016
OLD80_CONTAMINATED,Q035,table,B,dense,0.7,0,0.0,0.0,1,1,0,0,0,0.16260162601626016
OLD80_CONTAMINATED,Q035,table,B,dense,0.8,0,0.0,0.0,1,1,0,0,0,0.16260162601626016
OLD80_CONTAMINATED,Q035,table,B,sparse,0.4,1,1.0,1.0,1,1,1,1,1,0.8265582655826558
OLD80_CONTAMINATED,Q035,table,B,sparse,0.5,1,1.0,1.0,1,1,1,1,1,0.8265582655826558
OLD80_CONTAMINATED,Q035,table,B,sparse,0.6,1,1.0,1.0,1,1,1,1,1,0.8265582655826558
OLD80_CONTAMINATED,Q035,table,B,sparse,0.7,1,1.0,1.0,1,1,1,1,1,0.8265582655826558
OLD80_CONTAMINATED,Q035,table,B,sparse,0.8,1,1.0,1.0,1,1,1,1,1,0.8265582655826558
OLD80_CONTAMINATED,Q036,table,A,hybrid,0.4,1,1.0,1.0,1,1,1,1,1,1.0
OLD80_CONTAMINATED,Q036,table,A,hybrid,0.5,1,1.0,1.0,1,1,1,1,1,1.0
OLD80_CONTAMINATED,Q036,table,A,hybrid,0.6,1,1.0,1.0,1,1,1,1,1,1.0
OLD80_CONTAMINATED,Q036,table,A,hybrid,0.7,1,1.0,1.0,1,1,1,1,1,1.0
OLD80_CONTAMINATED,Q036,table,A,hybrid,0.8,1,1.0,1.0,1,1,1,1,1,1.0
OLD80_CONTAMINATED,Q036,table,A,dense,0.4,1,1.0,1.0,1,1,1,1,1,1.0
OLD80_CONTAMINATED,Q036,table,A,dense,0.5,1,1.0,1.0,1,1,1,1,1,1.0
OLD80_CONTAMINATED,Q036,table,A,dense,0.6,1,1.0,1.0,1,1,1,1,1,1.0
OLD80_CONTAMINATED,Q036,table,A,dense,0.7,1,1.0,1.0,1,1,1,1,1,1.0
OLD80_CONTAMINATED,Q036,table,A,dense,0.8,1,1.0,1.0,1,1,1,1,1,1.0
OLD80_CONTAMINATED,Q036,table,A,sparse,0.4,1,1.0,1.0,1,1,1,1,1,1.0
OLD80_CONTAMINATED,Q036,table,A,sparse,0.5,1,1.0,1.0,1,1,1,1,1,1.0
OLD80_CONTAMINATED,Q036,table,A,sparse,0.6,1,1.0,1.0,1,1,1,1,1,1.0
OLD80_CONTAMINATED,Q036,table,A,sparse,0.7,1,1.0,1.0,1,1,1,1,1,1.0
OLD80_CONTAMINATED,Q036,table,A,sparse,0.8,1,1.0,1.0,1,1,1,1,1,1.0
OLD80_CONTAMINATED,Q036,table,B,hybrid,0.4,1,0.3333333333333333,0.5,1,1,1,1,3,0.9
OLD80_CONTAMINATED,Q036,table,B,hybrid,0.5,1,0.3333333333333333,0.5,1,1,1,1,3,0.9
OLD80_CONTAMINATED,Q036,table,B,hybrid,0.6,1,0.3333333333333333,0.5,1,1,1,1,3,0.9
OLD80_CONTAMINATED,Q036,table,B,hybrid,0.7,1,0.3333333333333333,0.5,1,1,1,1,3,0.9
OLD80_CONTAMINATED,Q036,table,B,hybrid,0.8,1,0.3333333333333333,0.5,1,1,1,1,3,0.9
OLD80_CONTAMINATED,Q036,table,B,dense,0.4,0,0.0,0.0,1,1,1,0,0,0.24166666666666667
OLD80_CONTAMINATED,Q036,table,B,dense,0.5,0,0.0,0.0,1,1,1,0,0,0.24166666666666667
OLD80_CONTAMINATED,Q036,table,B,dense,0.6,0,0.0,0.0,1,1,0,0,0,0.24166666666666667
OLD80_CONTAMINATED,Q036,table,B,dense,0.7,0,0.0,0.0,1,1,0,0,0,0.24166666666666667
OLD80_CONTAMINATED,Q036,table,B,dense,0.8,0,0.0,0.0,1,1,0,0,0,0.24166666666666667
OLD80_CONTAMINATED,Q036,table,B,sparse,0.4,1,0.5,0.6309297535714575,1,1,1,1,2,0.9
OLD80_CONTAMINATED,Q036,table,B,sparse,0.5,1,0.5,0.6309297535714575,1,1,1,1,2,0.9
OLD80_CONTAMINATED,Q036,table,B,sparse,0.6,1,0.5,0.6309297535714575,1,1,1,1,2,0.9
OLD80_CONTAMINATED,Q036,table,B,sparse,0.7,1,0.5,0.6309297535714575,1,1,1,1,2,0.9
OLD80_CONTAMINATED,Q036,table,B,sparse,0.8,1,0.5,0.6309297535714575,1,1,1,1,2,0.9
OLD80_CONTAMINATED,Q037,table,A,hybrid,0.4,1,1.0,1.0,1,1,1,1,1,1.0
OLD80_CONTAMINATED,Q037,table,A,hybrid,0.5,1,1.0,1.0,1,1,1,1,1,1.0
OLD80_CONTAMINATED,Q037,table,A,hybrid,0.6,1,1.0,1.0,1,1,1,1,1,1.0
OLD80_CONTAMINATED,Q037,table,A,hybrid,0.7,1,1.0,1.0,1,1,1,1,1,1.0
OLD80_CONTAMINATED,Q037,table,A,hybrid,0.8,1,1.0,1.0,1,1,1,1,1,1.0
OLD80_CONTAMINATED,Q037,table,A,dense,0.4,1,1.0,1.0,1,1,1,1,1,1.0
OLD80_CONTAMINATED,Q037,table,A,dense,0.5,1,1.0,1.0,1,1,1,1,1,1.0
OLD80_CONTAMINATED,Q037,table,A,dense,0.6,1,1.0,1.0,1,1,1,1,1,1.0
OLD80_CONTAMINATED,Q037,table,A,dense,0.7,1,1.0,1.0,1,1,1,1,1,1.0
OLD80_CONTAMINATED,Q037,table,A,dense,0.8,1,1.0,1.0,1,1,1,1,1,1.0
OLD80_CONTAMINATED,Q037,table,A,sparse,0.4,1,1.0,1.0,1,1,1,1,1,1.0
OLD80_CONTAMINATED,Q037,table,A,sparse,0.5,1,1.0,1.0,1,1,1,1,1,1.0
OLD80_CONTAMINATED,Q037,table,A,sparse,0.6,1,1.0,1.0,1,1,1,1,1,1.0
OLD80_CONTAMINATED,Q037,table,A,sparse,0.7,1,1.0,1.0,1,1,1,1,1,1.0
OLD80_CONTAMINATED,Q037,table,A,sparse,0.8,1,1.0,1.0,1,1,1,1,1,1.0
OLD80_CONTAMINATED,Q037,table,B,hybrid,0.4,1,1.0,1.0,1,1,1,1,1,1.0
OLD80_CONTAMINATED,Q037,table,B,hybrid,0.5,1,1.0,1.0,1,1,1,1,1,1.0
OLD80_CONTAMINATED,Q037,table,B,hybrid,0.6,1,1.0,1.0,1,1,1,1,1,1.0
OLD80_CONTAMINATED,Q037,table,B,hybrid,0.7,1,1.0,1.0,1,1,1,1,1,1.0
OLD80_CONTAMINATED,Q037,table,B,hybrid,0.8,1,1.0,1.0,1,1,1,1,1,1.0
OLD80_CONTAMINATED,Q037,table,B,dense,0.4,1,1.0,1.0,1,1,1,1,1,1.0
OLD80_CONTAMINATED,Q037,table,B,dense,0.5,1,1.0,1.0,1,1,1,1,1,1.0
OLD80_CONTAMINATED,Q037,table,B,dense,0.6,1,1.0,1.0,1,1,1,1,1,1.0
OLD80_CONTAMINATED,Q037,table,B,dense,0.7,1,1.0,1.0,1,1,1,1,1,1.0
OLD80_CONTAMINATED,Q037,table,B,dense,0.8,1,1.0,1.0,1,1,1,1,1,1.0
OLD80_CONTAMINATED,Q037,table,B,sparse,0.4,1,1.0,1.0,1,1,1,1,1,1.0
OLD80_CONTAMINATED,Q037,table,B,sparse,0.5,1,1.0,1.0,1,1,1,1,1,1.0
OLD80_CONTAMINATED,Q037,table,B,sparse,0.6,1,1.0,1.0,1,1,1,1,1,1.0
OLD80_CONTAMINATED,Q037,table,B,sparse,0.7,1,1.0,1.0,1,1,1,1,1,1.0
OLD80_CONTAMINATED,Q037,table,B,sparse,0.8,1,1.0,1.0,1,1,1,1,1,1.0
OLD80_CONTAMINATED,Q038,table,A,hybrid,0.4,1,0.16666666666666666,0.3562071871080222,1,1,1,1,6,1.0
OLD80_CONTAMINATED,Q038,table,A,hybrid,0.5,1,0.16666666666666666,0.3562071871080222,1,1,1,1,6,1.0
OLD80_CONTAMINATED,Q038,table,A,hybrid,0.6,1,0.16666666666666666,0.3562071871080222,1,1,1,1,6,1.0
OLD80_CONTAMINATED,Q038,table,A,hybrid,0.7,1,0.16666666666666666,0.3562071871080222,1,1,1,1,6,1.0
OLD80_CONTAMINATED,Q038,table,A,hybrid,0.8,1,0.16666666666666666,0.3562071871080222,1,1,1,1,6,1.0
OLD80_CONTAMINATED,Q038,table,A,dense,0.4,0,0.0,0.0,1,1,0,1,0,0.07050359712230216
OLD80_CONTAMINATED,Q038,table,A,dense,0.5,0,0.0,0.0,1,1,0,1,0,0.07050359712230216
OLD80_CONTAMINATED,Q038,table,A,dense,0.6,0,0.0,0.0,1,1,0,1,0,0.07050359712230216
OLD80_CONTAMINATED,Q038,table,A,dense,0.7,0,0.0,0.0,1,1,0,1,0,0.07050359712230216
OLD80_CONTAMINATED,Q038,table,A,dense,0.8,0,0.0,0.0,1,1,0,1,0,0.07050359712230216
OLD80_CONTAMINATED,Q038,table,A,sparse,0.4,1,0.16666666666666666,0.3562071871080222,1,1,1,1,6,1.0
OLD80_CONTAMINATED,Q038,table,A,sparse,0.5,1,0.16666666666666666,0.3562071871080222,1,1,1,1,6,1.0
OLD80_CONTAMINATED,Q038,table,A,sparse,0.6,1,0.16666666666666666,0.3562071871080222,1,1,1,1,6,1.0
OLD80_CONTAMINATED,Q038,table,A,sparse,0.7,1,0.16666666666666666,0.3562071871080222,1,1,1,1,6,1.0
OLD80_CONTAMINATED,Q038,table,A,sparse,0.8,1,0.16666666666666666,0.3562071871080222,1,1,1,1,6,1.0
OLD80_CONTAMINATED,Q038,table,B,hybrid,0.4,1,0.14285714285714285,0.3333333333333333,1,1,1,1,7,0.4460431654676259
OLD80_CONTAMINATED,Q038,table,B,hybrid,0.5,0,0.0,0.0,0,0,1,1,0,0.4460431654676259
OLD80_CONTAMINATED,Q038,table,B,hybrid,0.6,0,0.0,0.0,0,0,1,1,0,0.4460431654676259
OLD80_CONTAMINATED,Q038,table,B,hybrid,0.7,0,0.0,0.0,0,0,1,1,0,0.4460431654676259
OLD80_CONTAMINATED,Q038,table,B,hybrid,0.8,0,0.0,0.0,0,0,0,1,0,0.4460431654676259
OLD80_CONTAMINATED,Q038,table,B,dense,0.4,0,0.0,0.0,1,1,1,1,0,0.33525179856115106
OLD80_CONTAMINATED,Q038,table,B,dense,0.5,0,0.0,0.0,0,0,0,1,0,0.33525179856115106
OLD80_CONTAMINATED,Q038,table,B,dense,0.6,0,0.0,0.0,0,0,0,1,0,0.33525179856115106
OLD80_CONTAMINATED,Q038,table,B,dense,0.7,0,0.0,0.0,0,0,0,1,0,0.33525179856115106
OLD80_CONTAMINATED,Q038,table,B,dense,0.8,0,0.0,0.0,0,0,0,1,0,0.33525179856115106
OLD80_CONTAMINATED,Q038,table,B,sparse,0.4,1,0.14285714285714285,0.3333333333333333,1,1,1,1,7,0.4460431654676259
OLD80_CONTAMINATED,Q038,table,B,sparse,0.5,0,0.0,0.0,0,0,1,1,0,0.4460431654676259
OLD80_CONTAMINATED,Q038,table,B,sparse,0.6,0,0.0,0.0,0,0,1,1,0,0.4460431654676259
OLD80_CONTAMINATED,Q038,table,B,sparse,0.7,0,0.0,0.0,0,0,1,1,0,0.4460431654676259
OLD80_CONTAMINATED,Q038,table,B,sparse,0.8,0,0.0,0.0,0,0,0,1,0,0.4460431654676259
OLD80_CONTAMINATED,Q039,table,A,hybrid,0.4,0,0.0,0.0,1,1,0,0,0,0.03067484662576687
OLD80_CONTAMINATED,Q039,table,A,hybrid,0.5,0,0.0,0.0,1,1,0,0,0,0.03067484662576687
OLD80_CONTAMINATED,Q039,table,A,hybrid,0.6,0,0.0,0.0,1,1,0,0,0,0.03067484662576687
OLD80_CONTAMINATED,Q039,table,A,hybrid,0.7,0,0.0,0.0,1,1,0,0,0,0.03067484662576687
OLD80_CONTAMINATED,Q039,table,A,hybrid,0.8,0,0.0,0.0,1,1,0,0,0,0.03067484662576687
OLD80_CONTAMINATED,Q039,table,A,dense,0.4,0,0.0,0.0,1,1,0,0,0,0.03067484662576687
OLD80_CONTAMINATED,Q039,table,A,dense,0.5,0,0.0,0.0,1,1,0,0,0,0.03067484662576687
OLD80_CONTAMINATED,Q039,table,A,dense,0.6,0,0.0,0.0,1,1,0,0,0,0.03067484662576687
OLD80_CONTAMINATED,Q039,table,A,dense,0.7,0,0.0,0.0,1,1,0,0,0,0.03067484662576687
OLD80_CONTAMINATED,Q039,table,A,dense,0.8,0,0.0,0.0,1,1,0,0,0,0.03067484662576687
OLD80_CONTAMINATED,Q039,table,A,sparse,0.4,0,0.0,0.0,1,1,0,0,0,0.03374233128834356
OLD80_CONTAMINATED,Q039,table,A,sparse,0.5,0,0.0,0.0,1,1,0,0,0,0.03374233128834356
OLD80_CONTAMINATED,Q039,table,A,sparse,0.6,0,0.0,0.0,1,1,0,0,0,0.03374233128834356
OLD80_CONTAMINATED,Q039,table,A,sparse,0.7,0,0.0,0.0,1,1,0,0,0,0.03374233128834356
OLD80_CONTAMINATED,Q039,table,A,sparse,0.8,0,0.0,0.0,1,1,0,0,0,0.03374233128834356
OLD80_CONTAMINATED,Q039,table,B,hybrid,0.4,0,0.0,0.0,1,1,0,0,0,0.02147239263803681
OLD80_CONTAMINATED,Q039,table,B,hybrid,0.5,0,0.0,0.0,1,1,0,0,0,0.02147239263803681
OLD80_CONTAMINATED,Q039,table,B,hybrid,0.6,0,0.0,0.0,0,0,0,0,0,0.02147239263803681
OLD80_CONTAMINATED,Q039,table,B,hybrid,0.7,0,0.0,0.0,0,0,0,0,0,0.02147239263803681
OLD80_CONTAMINATED,Q039,table,B,hybrid,0.8,0,0.0,0.0,0,0,0,0,0,0.02147239263803681
OLD80_CONTAMINATED,Q039,table,B,dense,0.4,0,0.0,0.0,1,1,0,0,0,0.02147239263803681
OLD80_CONTAMINATED,Q039,table,B,dense,0.5,0,0.0,0.0,1,1,0,0,0,0.02147239263803681
OLD80_CONTAMINATED,Q039,table,B,dense,0.6,0,0.0,0.0,0,0,0,0,0,0.02147239263803681
OLD80_CONTAMINATED,Q039,table,B,dense,0.7,0,0.0,0.0,0,0,0,0,0,0.02147239263803681
OLD80_CONTAMINATED,Q039,table,B,dense,0.8,0,0.0,0.0,0,0,0,0,0,0.02147239263803681
OLD80_CONTAMINATED,Q039,table,B,sparse,0.4,0,0.0,0.0,1,1,0,0,0,0.03374233128834356
OLD80_CONTAMINATED,Q039,table,B,sparse,0.5,0,0.0,0.0,1,1,0,0,0,0.03374233128834356
OLD80_CONTAMINATED,Q039,table,B,sparse,0.6,0,0.0,0.0,0,0,0,0,0,0.03374233128834356
OLD80_CONTAMINATED,Q039,table,B,sparse,0.7,0,0.0,0.0,0,0,0,0,0,0.03374233128834356
OLD80_CONTAMINATED,Q039,table,B,sparse,0.8,0,0.0,0.0,0,0,0,0,0,0.03374233128834356
OLD80_CONTAMINATED,Q040,table,A,hybrid,0.4,1,0.25,0.43067655807339306,1,1,1,1,4,1.0
OLD80_CONTAMINATED,Q040,table,A,hybrid,0.5,1,0.25,0.43067655807339306,1,1,1,1,4,1.0
OLD80_CONTAMINATED,Q040,table,A,hybrid,0.6,1,0.25,0.43067655807339306,1,1,1,1,4,1.0
OLD80_CONTAMINATED,Q040,table,A,hybrid,0.7,1,0.25,0.43067655807339306,1,1,1,1,4,1.0
OLD80_CONTAMINATED,Q040,table,A,hybrid,0.8,1,0.25,0.43067655807339306,1,1,1,1,4,1.0
OLD80_CONTAMINATED,Q040,table,A,dense,0.4,0,0.0,0.0,1,1,0,0,0,0.26413345690454126
OLD80_CONTAMINATED,Q040,table,A,dense,0.5,0,0.0,0.0,1,1,0,0,0,0.26413345690454126
OLD80_CONTAMINATED,Q040,table,A,dense,0.6,0,0.0,0.0,1,1,0,0,0,0.26413345690454126
OLD80_CONTAMINATED,Q040,table,A,dense,0.7,0,0.0,0.0,1,1,0,0,0,0.26413345690454126
OLD80_CONTAMINATED,Q040,table,A,dense,0.8,0,0.0,0.0,1,1,0,0,0,0.26413345690454126
OLD80_CONTAMINATED,Q040,table,A,sparse,0.4,1,0.25,0.43067655807339306,1,1,1,1,4,1.0
OLD80_CONTAMINATED,Q040,table,A,sparse,0.5,1,0.25,0.43067655807339306,1,1,1,1,4,1.0
OLD80_CONTAMINATED,Q040,table,A,sparse,0.6,1,0.25,0.43067655807339306,1,1,1,1,4,1.0
OLD80_CONTAMINATED,Q040,table,A,sparse,0.7,1,0.25,0.43067655807339306,1,1,1,1,4,1.0
OLD80_CONTAMINATED,Q040,table,A,sparse,0.8,1,0.25,0.43067655807339306,1,1,1,1,4,1.0
OLD80_CONTAMINATED,Q040,table,B,hybrid,0.4,0,0.0,0.0,0,0,0,1,0,0.26413345690454126
OLD80_CONTAMINATED,Q040,table,B,hybrid,0.5,0,0.0,0.0,0,0,0,1,0,0.26413345690454126
OLD80_CONTAMINATED,Q040,table,B,hybrid,0.6,0,0.0,0.0,0,0,0,1,0,0.26413345690454126
OLD80_CONTAMINATED,Q040,table,B,hybrid,0.7,0,0.0,0.0,0,0,0,1,0,0.26413345690454126
OLD80_CONTAMINATED,Q040,table,B,hybrid,0.8,0,0.0,0.0,0,0,0,1,0,0.26413345690454126
OLD80_CONTAMINATED,Q040,table,B,dense,0.4,0,0.0,0.0,0,0,0,1,0,0.26413345690454126
OLD80_CONTAMINATED,Q040,table,B,dense,0.5,0,0.0,0.0,0,0,0,1,0,0.26413345690454126
OLD80_CONTAMINATED,Q040,table,B,dense,0.6,0,0.0,0.0,0,0,0,1,0,0.26413345690454126
OLD80_CONTAMINATED,Q040,table,B,dense,0.7,0,0.0,0.0,0,0,0,1,0,0.26413345690454126
OLD80_CONTAMINATED,Q040,table,B,dense,0.8,0,0.0,0.0,0,0,0,1,0,0.26413345690454126
OLD80_CONTAMINATED,Q040,table,B,sparse,0.4,0,0.0,0.0,0,0,0,1,0,0.26413345690454126
OLD80_CONTAMINATED,Q040,table,B,sparse,0.5,0,0.0,0.0,0,0,0,1,0,0.26413345690454126
OLD80_CONTAMINATED,Q040,table,B,sparse,0.6,0,0.0,0.0,0,0,0,1,0,0.26413345690454126
OLD80_CONTAMINATED,Q040,table,B,sparse,0.7,0,0.0,0.0,0,0,0,1,0,0.26413345690454126
OLD80_CONTAMINATED,Q040,table,B,sparse,0.8,0,0.0,0.0,0,0,0,1,0,0.26413345690454126
OLD80_CONTAMINATED,Q041,prose,A,hybrid,0.4,1,1.0,1.0,1,1,1,1,1,1.0
OLD80_CONTAMINATED,Q041,prose,A,hybrid,0.5,1,1.0,1.0,1,1,1,1,1,1.0
OLD80_CONTAMINATED,Q041,prose,A,hybrid,0.6,1,1.0,1.0,1,1,1,1,1,1.0
OLD80_CONTAMINATED,Q041,prose,A,hybrid,0.7,1,1.0,1.0,1,1,1,1,1,1.0
OLD80_CONTAMINATED,Q041,prose,A,hybrid,0.8,1,1.0,1.0,1,1,1,1,1,1.0
OLD80_CONTAMINATED,Q041,prose,A,dense,0.4,1,1.0,1.0,1,1,1,1,1,1.0
OLD80_CONTAMINATED,Q041,prose,A,dense,0.5,1,1.0,1.0,1,1,1,1,1,1.0
OLD80_CONTAMINATED,Q041,prose,A,dense,0.6,1,1.0,1.0,1,1,1,1,1,1.0
OLD80_CONTAMINATED,Q041,prose,A,dense,0.7,1,1.0,1.0,1,1,1,1,1,1.0
OLD80_CONTAMINATED,Q041,prose,A,dense,0.8,1,1.0,1.0,1,1,1,1,1,1.0
OLD80_CONTAMINATED,Q041,prose,A,sparse,0.4,1,1.0,1.0,1,1,1,1,1,1.0
OLD80_CONTAMINATED,Q041,prose,A,sparse,0.5,1,1.0,1.0,1,1,1,1,1,1.0
OLD80_CONTAMINATED,Q041,prose,A,sparse,0.6,1,1.0,1.0,1,1,1,1,1,1.0
OLD80_CONTAMINATED,Q041,prose,A,sparse,0.7,1,1.0,1.0,1,1,1,1,1,1.0
OLD80_CONTAMINATED,Q041,prose,A,sparse,0.8,1,1.0,1.0,1,1,1,1,1,1.0
OLD80_CONTAMINATED,Q041,prose,B,hybrid,0.4,1,1.0,1.0,1,1,1,1,1,0.7447306791569087
OLD80_CONTAMINATED,Q041,prose,B,hybrid,0.5,1,1.0,1.0,1,1,1,1,1,0.7447306791569087
OLD80_CONTAMINATED,Q041,prose,B,hybrid,0.6,1,1.0,1.0,1,1,1,1,1,0.7447306791569087
OLD80_CONTAMINATED,Q041,prose,B,hybrid,0.7,1,1.0,1.0,1,1,1,1,1,0.7447306791569087
OLD80_CONTAMINATED,Q041,prose,B,hybrid,0.8,0,0.0,0.0,0,0,0,1,0,0.7447306791569087
OLD80_CONTAMINATED,Q041,prose,B,dense,0.4,1,1.0,1.0,1,1,1,1,1,0.7447306791569087
OLD80_CONTAMINATED,Q041,prose,B,dense,0.5,1,1.0,1.0,1,1,1,1,1,0.7447306791569087
OLD80_CONTAMINATED,Q041,prose,B,dense,0.6,1,1.0,1.0,1,1,1,1,1,0.7447306791569087
OLD80_CONTAMINATED,Q041,prose,B,dense,0.7,1,1.0,1.0,1,1,1,1,1,0.7447306791569087
OLD80_CONTAMINATED,Q041,prose,B,dense,0.8,0,0.0,0.0,0,0,0,1,0,0.7447306791569087
OLD80_CONTAMINATED,Q041,prose,B,sparse,0.4,1,1.0,1.0,1,1,1,1,1,0.7447306791569087
OLD80_CONTAMINATED,Q041,prose,B,sparse,0.5,1,1.0,1.0,1,1,1,1,1,0.7447306791569087
OLD80_CONTAMINATED,Q041,prose,B,sparse,0.6,1,1.0,1.0,1,1,1,1,1,0.7447306791569087
OLD80_CONTAMINATED,Q041,prose,B,sparse,0.7,1,1.0,1.0,1,1,1,1,1,0.7447306791569087
OLD80_CONTAMINATED,Q041,prose,B,sparse,0.8,0,0.0,0.0,0,0,0,1,0,0.7447306791569087
OLD80_CONTAMINATED,Q042,prose,A,hybrid,0.4,1,1.0,1.0,1,1,1,1,1,1.0
OLD80_CONTAMINATED,Q042,prose,A,hybrid,0.5,1,1.0,1.0,1,1,1,1,1,1.0
OLD80_CONTAMINATED,Q042,prose,A,hybrid,0.6,1,1.0,1.0,1,1,1,1,1,1.0
OLD80_CONTAMINATED,Q042,prose,A,hybrid,0.7,1,1.0,1.0,1,1,1,1,1,1.0
OLD80_CONTAMINATED,Q042,prose,A,hybrid,0.8,1,1.0,1.0,1,1,1,1,1,1.0
OLD80_CONTAMINATED,Q042,prose,A,dense,0.4,1,1.0,1.0,1,1,1,1,1,1.0
OLD80_CONTAMINATED,Q042,prose,A,dense,0.5,1,1.0,1.0,1,1,1,1,1,1.0
OLD80_CONTAMINATED,Q042,prose,A,dense,0.6,1,1.0,1.0,1,1,1,1,1,1.0
OLD80_CONTAMINATED,Q042,prose,A,dense,0.7,1,1.0,1.0,1,1,1,1,1,1.0
OLD80_CONTAMINATED,Q042,prose,A,dense,0.8,1,1.0,1.0,1,1,1,1,1,1.0
OLD80_CONTAMINATED,Q042,prose,A,sparse,0.4,1,1.0,1.0,1,1,1,1,1,1.0
OLD80_CONTAMINATED,Q042,prose,A,sparse,0.5,1,1.0,1.0,1,1,1,1,1,1.0
OLD80_CONTAMINATED,Q042,prose,A,sparse,0.6,1,1.0,1.0,1,1,1,1,1,1.0
OLD80_CONTAMINATED,Q042,prose,A,sparse,0.7,1,1.0,1.0,1,1,1,1,1,1.0
OLD80_CONTAMINATED,Q042,prose,A,sparse,0.8,1,1.0,1.0,1,1,1,1,1,1.0
OLD80_CONTAMINATED,Q042,prose,B,hybrid,0.4,1,1.0,0.6131471927654584,2,1,1,1,1,0.744578313253012
OLD80_CONTAMINATED,Q042,prose,B,hybrid,0.5,1,1.0,1.0,1,1,1,1,1,0.744578313253012
OLD80_CONTAMINATED,Q042,prose,B,hybrid,0.6,1,1.0,1.0,1,1,1,1,1,0.744578313253012
OLD80_CONTAMINATED,Q042,prose,B,hybrid,0.7,1,1.0,1.0,1,1,1,1,1,0.744578313253012
OLD80_CONTAMINATED,Q042,prose,B,hybrid,0.8,0,0.0,0.0,0,0,1,1,0,0.744578313253012
OLD80_CONTAMINATED,Q042,prose,B,dense,0.4,1,1.0,0.7903864795495061,2,1,1,1,1,0.744578313253012
OLD80_CONTAMINATED,Q042,prose,B,dense,0.5,1,1.0,1.0,1,1,1,1,1,0.744578313253012
OLD80_CONTAMINATED,Q042,prose,B,dense,0.6,1,1.0,1.0,1,1,1,1,1,0.744578313253012
OLD80_CONTAMINATED,Q042,prose,B,dense,0.7,1,1.0,1.0,1,1,1,1,1,0.744578313253012
OLD80_CONTAMINATED,Q042,prose,B,dense,0.8,0,0.0,0.0,0,0,1,1,0,0.744578313253012
OLD80_CONTAMINATED,Q042,prose,B,sparse,0.4,1,1.0,0.6131471927654584,2,1,1,1,1,0.744578313253012
OLD80_CONTAMINATED,Q042,prose,B,sparse,0.5,1,1.0,1.0,1,1,1,1,1,0.744578313253012
OLD80_CONTAMINATED,Q042,prose,B,sparse,0.6,1,1.0,1.0,1,1,1,1,1,0.744578313253012
OLD80_CONTAMINATED,Q042,prose,B,sparse,0.7,1,1.0,1.0,1,1,1,1,1,0.744578313253012
OLD80_CONTAMINATED,Q042,prose,B,sparse,0.8,0,0.0,0.0,0,0,1,1,0,0.744578313253012
OLD80_CONTAMINATED,Q043,prose,A,hybrid,0.4,1,1.0,1.0,1,1,1,1,1,1.0
OLD80_CONTAMINATED,Q043,prose,A,hybrid,0.5,1,1.0,1.0,1,1,1,1,1,1.0
OLD80_CONTAMINATED,Q043,prose,A,hybrid,0.6,1,1.0,1.0,1,1,1,1,1,1.0
OLD80_CONTAMINATED,Q043,prose,A,hybrid,0.7,1,1.0,1.0,1,1,1,1,1,1.0
OLD80_CONTAMINATED,Q043,prose,A,hybrid,0.8,1,1.0,1.0,1,1,1,1,1,1.0
OLD80_CONTAMINATED,Q043,prose,A,dense,0.4,1,1.0,1.0,1,1,1,1,1,1.0
OLD80_CONTAMINATED,Q043,prose,A,dense,0.5,1,1.0,1.0,1,1,1,1,1,1.0
OLD80_CONTAMINATED,Q043,prose,A,dense,0.6,1,1.0,1.0,1,1,1,1,1,1.0
OLD80_CONTAMINATED,Q043,prose,A,dense,0.7,1,1.0,1.0,1,1,1,1,1,1.0
OLD80_CONTAMINATED,Q043,prose,A,dense,0.8,1,1.0,1.0,1,1,1,1,1,1.0
OLD80_CONTAMINATED,Q043,prose,A,sparse,0.4,1,1.0,1.0,1,1,1,1,1,1.0
OLD80_CONTAMINATED,Q043,prose,A,sparse,0.5,1,1.0,1.0,1,1,1,1,1,1.0
OLD80_CONTAMINATED,Q043,prose,A,sparse,0.6,1,1.0,1.0,1,1,1,1,1,1.0
OLD80_CONTAMINATED,Q043,prose,A,sparse,0.7,1,1.0,1.0,1,1,1,1,1,1.0
OLD80_CONTAMINATED,Q043,prose,A,sparse,0.8,1,1.0,1.0,1,1,1,1,1,1.0
OLD80_CONTAMINATED,Q043,prose,B,hybrid,0.4,1,1.0,1.0,2,1,1,1,1,0.6901408450704225
OLD80_CONTAMINATED,Q043,prose,B,hybrid,0.5,1,0.5,0.6309297535714575,1,1,1,1,2,0.6901408450704225
OLD80_CONTAMINATED,Q043,prose,B,hybrid,0.6,1,0.5,0.6309297535714575,1,1,1,1,2,0.6901408450704225
OLD80_CONTAMINATED,Q043,prose,B,hybrid,0.7,0,0.0,0.0,0,0,1,1,0,0.6901408450704225
OLD80_CONTAMINATED,Q043,prose,B,hybrid,0.8,0,0.0,0.0,0,0,1,1,0,0.6901408450704225
OLD80_CONTAMINATED,Q043,prose,B,dense,0.4,1,1.0,0.6131471927654584,2,1,1,1,1,0.6901408450704225
OLD80_CONTAMINATED,Q043,prose,B,dense,0.5,1,1.0,1.0,1,1,1,1,1,0.6901408450704225
OLD80_CONTAMINATED,Q043,prose,B,dense,0.6,1,1.0,1.0,1,1,1,1,1,0.6901408450704225
OLD80_CONTAMINATED,Q043,prose,B,dense,0.7,0,0.0,0.0,0,0,1,1,0,0.6901408450704225
OLD80_CONTAMINATED,Q043,prose,B,dense,0.8,0,0.0,0.0,0,0,0,1,0,0.6901408450704225
OLD80_CONTAMINATED,Q043,prose,B,sparse,0.4,1,1.0,1.0,2,1,1,1,1,0.6901408450704225
OLD80_CONTAMINATED,Q043,prose,B,sparse,0.5,1,0.5,0.6309297535714575,1,1,1,1,2,0.6901408450704225
OLD80_CONTAMINATED,Q043,prose,B,sparse,0.6,1,0.5,0.6309297535714575,1,1,1,1,2,0.6901408450704225
OLD80_CONTAMINATED,Q043,prose,B,sparse,0.7,0,0.0,0.0,0,0,1,1,0,0.6901408450704225
OLD80_CONTAMINATED,Q043,prose,B,sparse,0.8,0,0.0,0.0,0,0,1,1,0,0.6901408450704225
OLD80_CONTAMINATED,Q044,prose,A,hybrid,0.4,1,1.0,1.0,1,1,1,1,1,1.0
OLD80_CONTAMINATED,Q044,prose,A,hybrid,0.5,1,1.0,1.0,1,1,1,1,1,1.0
OLD80_CONTAMINATED,Q044,prose,A,hybrid,0.6,1,1.0,1.0,1,1,1,1,1,1.0
OLD80_CONTAMINATED,Q044,prose,A,hybrid,0.7,1,1.0,1.0,1,1,1,1,1,1.0
OLD80_CONTAMINATED,Q044,prose,A,hybrid,0.8,1,1.0,1.0,1,1,1,1,1,1.0
OLD80_CONTAMINATED,Q044,prose,A,dense,0.4,1,1.0,1.0,1,1,1,1,1,1.0
OLD80_CONTAMINATED,Q044,prose,A,dense,0.5,1,1.0,1.0,1,1,1,1,1,1.0
OLD80_CONTAMINATED,Q044,prose,A,dense,0.6,1,1.0,1.0,1,1,1,1,1,1.0
OLD80_CONTAMINATED,Q044,prose,A,dense,0.7,1,1.0,1.0,1,1,1,1,1,1.0
OLD80_CONTAMINATED,Q044,prose,A,dense,0.8,1,1.0,1.0,1,1,1,1,1,1.0
OLD80_CONTAMINATED,Q044,prose,A,sparse,0.4,1,1.0,1.0,1,1,1,1,1,1.0
OLD80_CONTAMINATED,Q044,prose,A,sparse,0.5,1,1.0,1.0,1,1,1,1,1,1.0
OLD80_CONTAMINATED,Q044,prose,A,sparse,0.6,1,1.0,1.0,1,1,1,1,1,1.0
OLD80_CONTAMINATED,Q044,prose,A,sparse,0.7,1,1.0,1.0,1,1,1,1,1,1.0
OLD80_CONTAMINATED,Q044,prose,A,sparse,0.8,1,1.0,1.0,1,1,1,1,1,1.0
OLD80_CONTAMINATED,Q044,prose,B,hybrid,0.4,1,1.0,0.6131471927654584,2,1,1,1,1,0.6380208333333334
OLD80_CONTAMINATED,Q044,prose,B,hybrid,0.5,1,1.0,1.0,1,1,1,1,1,0.6380208333333334
OLD80_CONTAMINATED,Q044,prose,B,hybrid,0.6,1,1.0,1.0,1,1,1,1,1,0.6380208333333334
OLD80_CONTAMINATED,Q044,prose,B,hybrid,0.7,0,0.0,0.0,0,0,0,1,0,0.6380208333333334
OLD80_CONTAMINATED,Q044,prose,B,hybrid,0.8,0,0.0,0.0,0,0,0,1,0,0.6380208333333334
OLD80_CONTAMINATED,Q044,prose,B,dense,0.4,1,1.0,0.6131471927654584,2,1,1,1,1,0.6380208333333334
OLD80_CONTAMINATED,Q044,prose,B,dense,0.5,1,1.0,1.0,1,1,1,1,1,0.6380208333333334
OLD80_CONTAMINATED,Q044,prose,B,dense,0.6,1,1.0,1.0,1,1,1,1,1,0.6380208333333334
OLD80_CONTAMINATED,Q044,prose,B,dense,0.7,0,0.0,0.0,0,0,0,1,0,0.6380208333333334
OLD80_CONTAMINATED,Q044,prose,B,dense,0.8,0,0.0,0.0,0,0,0,1,0,0.6380208333333334
OLD80_CONTAMINATED,Q044,prose,B,sparse,0.4,1,1.0,0.6131471927654584,2,1,1,1,1,0.6380208333333334
OLD80_CONTAMINATED,Q044,prose,B,sparse,0.5,1,1.0,1.0,1,1,1,1,1,0.6380208333333334
OLD80_CONTAMINATED,Q044,prose,B,sparse,0.6,1,1.0,1.0,1,1,1,1,1,0.6380208333333334
OLD80_CONTAMINATED,Q044,prose,B,sparse,0.7,0,0.0,0.0,0,0,0,1,0,0.6380208333333334
OLD80_CONTAMINATED,Q044,prose,B,sparse,0.8,0,0.0,0.0,0,0,0,1,0,0.6380208333333334
OLD80_CONTAMINATED,Q045,prose,A,hybrid,0.4,1,1.0,1.0,1,1,1,1,1,1.0
OLD80_CONTAMINATED,Q045,prose,A,hybrid,0.5,1,1.0,1.0,1,1,1,1,1,1.0
OLD80_CONTAMINATED,Q045,prose,A,hybrid,0.6,1,1.0,1.0,1,1,1,1,1,1.0
OLD80_CONTAMINATED,Q045,prose,A,hybrid,0.7,1,1.0,1.0,1,1,1,1,1,1.0
OLD80_CONTAMINATED,Q045,prose,A,hybrid,0.8,1,1.0,1.0,1,1,1,1,1,1.0
OLD80_CONTAMINATED,Q045,prose,A,dense,0.4,1,1.0,1.0,1,1,1,1,1,1.0
OLD80_CONTAMINATED,Q045,prose,A,dense,0.5,1,1.0,1.0,1,1,1,1,1,1.0
OLD80_CONTAMINATED,Q045,prose,A,dense,0.6,1,1.0,1.0,1,1,1,1,1,1.0
OLD80_CONTAMINATED,Q045,prose,A,dense,0.7,1,1.0,1.0,1,1,1,1,1,1.0
OLD80_CONTAMINATED,Q045,prose,A,dense,0.8,1,1.0,1.0,1,1,1,1,1,1.0
OLD80_CONTAMINATED,Q045,prose,A,sparse,0.4,1,1.0,1.0,1,1,1,1,1,1.0
OLD80_CONTAMINATED,Q045,prose,A,sparse,0.5,1,1.0,1.0,1,1,1,1,1,1.0
OLD80_CONTAMINATED,Q045,prose,A,sparse,0.6,1,1.0,1.0,1,1,1,1,1,1.0
OLD80_CONTAMINATED,Q045,prose,A,sparse,0.7,1,1.0,1.0,1,1,1,1,1,1.0
OLD80_CONTAMINATED,Q045,prose,A,sparse,0.8,1,1.0,1.0,1,1,1,1,1,1.0
OLD80_CONTAMINATED,Q045,prose,B,hybrid,0.4,1,1.0,0.6131471927654584,2,1,1,1,1,0.4601990049751244
OLD80_CONTAMINATED,Q045,prose,B,hybrid,0.5,0,0.0,0.0,1,1,1,1,0,0.4601990049751244
OLD80_CONTAMINATED,Q045,prose,B,hybrid,0.6,0,0.0,0.0,0,0,0,1,0,0.4601990049751244
OLD80_CONTAMINATED,Q045,prose,B,hybrid,0.7,0,0.0,0.0,0,0,0,1,0,0.4601990049751244
OLD80_CONTAMINATED,Q045,prose,B,hybrid,0.8,0,0.0,0.0,0,0,0,1,0,0.4601990049751244
OLD80_CONTAMINATED,Q045,prose,B,dense,0.4,1,1.0,0.6131471927654584,2,1,1,1,1,0.4601990049751244
OLD80_CONTAMINATED,Q045,prose,B,dense,0.5,0,0.0,0.0,1,1,1,1,0,0.4601990049751244
OLD80_CONTAMINATED,Q045,prose,B,dense,0.6,0,0.0,0.0,0,0,0,1,0,0.4601990049751244
OLD80_CONTAMINATED,Q045,prose,B,dense,0.7,0,0.0,0.0,0,0,0,1,0,0.4601990049751244
OLD80_CONTAMINATED,Q045,prose,B,dense,0.8,0,0.0,0.0,0,0,0,1,0,0.4601990049751244
OLD80_CONTAMINATED,Q045,prose,B,sparse,0.4,1,1.0,0.6131471927654584,2,1,1,1,1,0.4601990049751244
OLD80_CONTAMINATED,Q045,prose,B,sparse,0.5,0,0.0,0.0,1,1,1,1,0,0.4601990049751244
OLD80_CONTAMINATED,Q045,prose,B,sparse,0.6,0,0.0,0.0,0,0,0,1,0,0.4601990049751244
OLD80_CONTAMINATED,Q045,prose,B,sparse,0.7,0,0.0,0.0,0,0,0,1,0,0.4601990049751244
OLD80_CONTAMINATED,Q045,prose,B,sparse,0.8,0,0.0,0.0,0,0,0,1,0,0.4601990049751244
OLD80_CONTAMINATED,Q046,prose,A,hybrid,0.4,1,1.0,1.0,2,1,1,1,1,1.0
OLD80_CONTAMINATED,Q046,prose,A,hybrid,0.5,1,0.5,0.6309297535714575,1,1,1,1,2,1.0
OLD80_CONTAMINATED,Q046,prose,A,hybrid,0.6,1,0.5,0.6309297535714575,1,1,1,1,2,1.0
OLD80_CONTAMINATED,Q046,prose,A,hybrid,0.7,1,0.5,0.6309297535714575,1,1,1,1,2,1.0
OLD80_CONTAMINATED,Q046,prose,A,hybrid,0.8,1,0.5,0.6309297535714575,1,1,1,1,2,1.0
OLD80_CONTAMINATED,Q046,prose,A,dense,0.4,1,1.0,1.0,2,1,1,1,1,1.0
OLD80_CONTAMINATED,Q046,prose,A,dense,0.5,1,0.5,0.6309297535714575,1,1,1,1,2,1.0
OLD80_CONTAMINATED,Q046,prose,A,dense,0.6,1,0.5,0.6309297535714575,1,1,1,1,2,1.0
OLD80_CONTAMINATED,Q046,prose,A,dense,0.7,1,0.5,0.6309297535714575,1,1,1,1,2,1.0
OLD80_CONTAMINATED,Q046,prose,A,dense,0.8,1,0.5,0.6309297535714575,1,1,1,1,2,1.0
OLD80_CONTAMINATED,Q046,prose,A,sparse,0.4,1,1.0,0.6131471927654584,2,1,1,1,1,1.0
OLD80_CONTAMINATED,Q046,prose,A,sparse,0.5,1,1.0,1.0,1,1,1,1,1,1.0
OLD80_CONTAMINATED,Q046,prose,A,sparse,0.6,1,1.0,1.0,1,1,1,1,1,1.0
OLD80_CONTAMINATED,Q046,prose,A,sparse,0.7,1,1.0,1.0,1,1,1,1,1,1.0
OLD80_CONTAMINATED,Q046,prose,A,sparse,0.8,1,1.0,1.0,1,1,1,1,1,1.0
OLD80_CONTAMINATED,Q046,prose,B,hybrid,0.4,1,1.0,0.6131471927654584,2,1,1,1,1,0.8109090909090909
OLD80_CONTAMINATED,Q046,prose,B,hybrid,0.5,1,1.0,1.0,1,1,1,1,1,0.8109090909090909
OLD80_CONTAMINATED,Q046,prose,B,hybrid,0.6,1,1.0,1.0,1,1,1,1,1,0.8109090909090909
OLD80_CONTAMINATED,Q046,prose,B,hybrid,0.7,1,1.0,1.0,1,1,1,1,1,0.8109090909090909
OLD80_CONTAMINATED,Q046,prose,B,hybrid,0.8,1,1.0,1.0,1,1,1,1,1,0.8109090909090909
OLD80_CONTAMINATED,Q046,prose,B,dense,0.4,1,1.0,0.6131471927654584,2,1,1,1,1,0.8109090909090909
OLD80_CONTAMINATED,Q046,prose,B,dense,0.5,1,1.0,1.0,1,1,1,1,1,0.8109090909090909
OLD80_CONTAMINATED,Q046,prose,B,dense,0.6,1,1.0,1.0,1,1,1,1,1,0.8109090909090909
OLD80_CONTAMINATED,Q046,prose,B,dense,0.7,1,1.0,1.0,1,1,1,1,1,0.8109090909090909
OLD80_CONTAMINATED,Q046,prose,B,dense,0.8,1,1.0,1.0,1,1,1,1,1,0.8109090909090909
OLD80_CONTAMINATED,Q046,prose,B,sparse,0.4,1,1.0,0.6131471927654584,2,1,1,1,1,0.8109090909090909
OLD80_CONTAMINATED,Q046,prose,B,sparse,0.5,1,1.0,1.0,1,1,1,1,1,0.8109090909090909
OLD80_CONTAMINATED,Q046,prose,B,sparse,0.6,1,1.0,1.0,1,1,1,1,1,0.8109090909090909
OLD80_CONTAMINATED,Q046,prose,B,sparse,0.7,1,1.0,1.0,1,1,1,1,1,0.8109090909090909
OLD80_CONTAMINATED,Q046,prose,B,sparse,0.8,1,1.0,1.0,1,1,1,1,1,0.8109090909090909
OLD80_CONTAMINATED,Q047,prose,A,hybrid,0.4,1,1.0,1.0,1,1,1,1,1,1.0
OLD80_CONTAMINATED,Q047,prose,A,hybrid,0.5,1,1.0,1.0,1,1,1,1,1,1.0
OLD80_CONTAMINATED,Q047,prose,A,hybrid,0.6,1,1.0,1.0,1,1,1,1,1,1.0
OLD80_CONTAMINATED,Q047,prose,A,hybrid,0.7,1,1.0,1.0,1,1,1,1,1,1.0
OLD80_CONTAMINATED,Q047,prose,A,hybrid,0.8,1,1.0,1.0,1,1,1,1,1,1.0
OLD80_CONTAMINATED,Q047,prose,A,dense,0.4,1,1.0,1.0,1,1,1,1,1,1.0
OLD80_CONTAMINATED,Q047,prose,A,dense,0.5,1,1.0,1.0,1,1,1,1,1,1.0
OLD80_CONTAMINATED,Q047,prose,A,dense,0.6,1,1.0,1.0,1,1,1,1,1,1.0
OLD80_CONTAMINATED,Q047,prose,A,dense,0.7,1,1.0,1.0,1,1,1,1,1,1.0
OLD80_CONTAMINATED,Q047,prose,A,dense,0.8,1,1.0,1.0,1,1,1,1,1,1.0
OLD80_CONTAMINATED,Q047,prose,A,sparse,0.4,1,1.0,1.0,1,1,1,1,1,1.0
OLD80_CONTAMINATED,Q047,prose,A,sparse,0.5,1,1.0,1.0,1,1,1,1,1,1.0
OLD80_CONTAMINATED,Q047,prose,A,sparse,0.6,1,1.0,1.0,1,1,1,1,1,1.0
OLD80_CONTAMINATED,Q047,prose,A,sparse,0.7,1,1.0,1.0,1,1,1,1,1,1.0
OLD80_CONTAMINATED,Q047,prose,A,sparse,0.8,1,1.0,1.0,1,1,1,1,1,1.0
OLD80_CONTAMINATED,Q047,prose,B,hybrid,0.4,1,1.0,1.0,1,1,1,1,1,0.7793594306049823
OLD80_CONTAMINATED,Q047,prose,B,hybrid,0.5,1,1.0,1.0,1,1,1,1,1,0.7793594306049823
OLD80_CONTAMINATED,Q047,prose,B,hybrid,0.6,1,1.0,1.0,1,1,1,1,1,0.7793594306049823
OLD80_CONTAMINATED,Q047,prose,B,hybrid,0.7,1,1.0,1.0,1,1,1,1,1,0.7793594306049823
OLD80_CONTAMINATED,Q047,prose,B,hybrid,0.8,0,0.0,0.0,0,0,1,1,0,0.7793594306049823
OLD80_CONTAMINATED,Q047,prose,B,dense,0.4,1,1.0,1.0,1,1,1,1,1,0.7793594306049823
OLD80_CONTAMINATED,Q047,prose,B,dense,0.5,1,1.0,1.0,1,1,1,1,1,0.7793594306049823
OLD80_CONTAMINATED,Q047,prose,B,dense,0.6,1,1.0,1.0,1,1,1,1,1,0.7793594306049823
OLD80_CONTAMINATED,Q047,prose,B,dense,0.7,1,1.0,1.0,1,1,1,1,1,0.7793594306049823
OLD80_CONTAMINATED,Q047,prose,B,dense,0.8,0,0.0,0.0,0,0,1,1,0,0.7793594306049823
OLD80_CONTAMINATED,Q047,prose,B,sparse,0.4,1,1.0,1.0,1,1,1,1,1,0.7793594306049823
OLD80_CONTAMINATED,Q047,prose,B,sparse,0.5,1,1.0,1.0,1,1,1,1,1,0.7793594306049823
OLD80_CONTAMINATED,Q047,prose,B,sparse,0.6,1,1.0,1.0,1,1,1,1,1,0.7793594306049823
OLD80_CONTAMINATED,Q047,prose,B,sparse,0.7,1,1.0,1.0,1,1,1,1,1,0.7793594306049823
OLD80_CONTAMINATED,Q047,prose,B,sparse,0.8,0,0.0,0.0,0,0,1,1,0,0.7793594306049823
OLD80_CONTAMINATED,Q048,prose,A,hybrid,0.4,1,1.0,1.0,2,1,1,1,1,1.0
OLD80_CONTAMINATED,Q048,prose,A,hybrid,0.5,1,1.0,1.0,2,1,1,1,1,1.0
OLD80_CONTAMINATED,Q048,prose,A,hybrid,0.6,1,1.0,1.0,2,1,1,1,1,1.0
OLD80_CONTAMINATED,Q048,prose,A,hybrid,0.7,1,1.0,1.0,2,1,1,1,1,1.0
OLD80_CONTAMINATED,Q048,prose,A,hybrid,0.8,1,1.0,1.0,1,1,1,1,1,1.0
OLD80_CONTAMINATED,Q048,prose,A,dense,0.4,1,1.0,1.0,2,1,1,1,1,1.0
OLD80_CONTAMINATED,Q048,prose,A,dense,0.5,1,1.0,1.0,2,1,1,1,1,1.0
OLD80_CONTAMINATED,Q048,prose,A,dense,0.6,1,1.0,1.0,2,1,1,1,1,1.0
OLD80_CONTAMINATED,Q048,prose,A,dense,0.7,1,1.0,1.0,2,1,1,1,1,1.0
OLD80_CONTAMINATED,Q048,prose,A,dense,0.8,1,1.0,1.0,1,1,1,1,1,1.0
OLD80_CONTAMINATED,Q048,prose,A,sparse,0.4,1,1.0,1.0,2,1,1,1,1,1.0
OLD80_CONTAMINATED,Q048,prose,A,sparse,0.5,1,1.0,1.0,2,1,1,1,1,1.0
OLD80_CONTAMINATED,Q048,prose,A,sparse,0.6,1,1.0,1.0,2,1,1,1,1,1.0
OLD80_CONTAMINATED,Q048,prose,A,sparse,0.7,1,1.0,1.0,2,1,1,1,1,1.0
OLD80_CONTAMINATED,Q048,prose,A,sparse,0.8,1,1.0,1.0,1,1,1,1,1,1.0
OLD80_CONTAMINATED,Q048,prose,B,hybrid,0.4,1,1.0,0.9674679834891693,3,1,1,1,1,0.9976415094339622
OLD80_CONTAMINATED,Q048,prose,B,hybrid,0.5,1,1.0,0.8772153153380493,2,1,1,1,1,0.9976415094339622
OLD80_CONTAMINATED,Q048,prose,B,hybrid,0.6,1,1.0,1.0,1,1,1,1,1,0.9976415094339622
OLD80_CONTAMINATED,Q048,prose,B,hybrid,0.7,1,1.0,1.0,1,1,1,1,1,0.9976415094339622
OLD80_CONTAMINATED,Q048,prose,B,hybrid,0.8,1,1.0,1.0,1,1,1,1,1,0.9976415094339622
OLD80_CONTAMINATED,Q048,prose,B,dense,0.4,1,1.0,1.0,3,1,1,1,1,0.9976415094339622
OLD80_CONTAMINATED,Q048,prose,B,dense,0.5,1,1.0,0.9197207891481876,2,1,1,1,1,0.9976415094339622
OLD80_CONTAMINATED,Q048,prose,B,dense,0.6,1,1.0,1.0,1,1,1,1,1,0.9976415094339622
OLD80_CONTAMINATED,Q048,prose,B,dense,0.7,1,1.0,1.0,1,1,1,1,1,0.9976415094339622
OLD80_CONTAMINATED,Q048,prose,B,dense,0.8,1,1.0,1.0,1,1,1,1,1,0.9976415094339622
OLD80_CONTAMINATED,Q048,prose,B,sparse,0.4,1,1.0,0.7653606369886217,3,1,1,1,1,0.9976415094339622
OLD80_CONTAMINATED,Q048,prose,B,sparse,0.5,1,1.0,0.6131471927654584,2,1,1,1,1,0.9976415094339622
OLD80_CONTAMINATED,Q048,prose,B,sparse,0.6,1,1.0,1.0,1,1,1,1,1,0.9976415094339622
OLD80_CONTAMINATED,Q048,prose,B,sparse,0.7,1,1.0,1.0,1,1,1,1,1,0.9976415094339622
OLD80_CONTAMINATED,Q048,prose,B,sparse,0.8,1,1.0,1.0,1,1,1,1,1,0.9976415094339622
OLD80_CONTAMINATED,Q049,prose,A,hybrid,0.4,1,1.0,1.0,1,1,1,1,1,1.0
OLD80_CONTAMINATED,Q049,prose,A,hybrid,0.5,1,1.0,1.0,1,1,1,1,1,1.0
OLD80_CONTAMINATED,Q049,prose,A,hybrid,0.6,1,1.0,1.0,1,1,1,1,1,1.0
OLD80_CONTAMINATED,Q049,prose,A,hybrid,0.7,1,1.0,1.0,1,1,1,1,1,1.0
OLD80_CONTAMINATED,Q049,prose,A,hybrid,0.8,1,1.0,1.0,1,1,1,1,1,1.0
OLD80_CONTAMINATED,Q049,prose,A,dense,0.4,1,1.0,1.0,1,1,1,1,1,1.0
OLD80_CONTAMINATED,Q049,prose,A,dense,0.5,1,1.0,1.0,1,1,1,1,1,1.0
OLD80_CONTAMINATED,Q049,prose,A,dense,0.6,1,1.0,1.0,1,1,1,1,1,1.0
OLD80_CONTAMINATED,Q049,prose,A,dense,0.7,1,1.0,1.0,1,1,1,1,1,1.0
OLD80_CONTAMINATED,Q049,prose,A,dense,0.8,1,1.0,1.0,1,1,1,1,1,1.0
OLD80_CONTAMINATED,Q049,prose,A,sparse,0.4,1,1.0,1.0,1,1,1,1,1,1.0
OLD80_CONTAMINATED,Q049,prose,A,sparse,0.5,1,1.0,1.0,1,1,1,1,1,1.0
OLD80_CONTAMINATED,Q049,prose,A,sparse,0.6,1,1.0,1.0,1,1,1,1,1,1.0
OLD80_CONTAMINATED,Q049,prose,A,sparse,0.7,1,1.0,1.0,1,1,1,1,1,1.0
OLD80_CONTAMINATED,Q049,prose,A,sparse,0.8,1,1.0,1.0,1,1,1,1,1,1.0
OLD80_CONTAMINATED,Q049,prose,B,hybrid,0.4,1,1.0,0.6131471927654584,2,1,1,1,1,0.4397905759162304
OLD80_CONTAMINATED,Q049,prose,B,hybrid,0.5,0,0.0,0.0,1,1,1,1,0,0.4397905759162304
OLD80_CONTAMINATED,Q049,prose,B,hybrid,0.6,0,0.0,0.0,1,1,1,1,0,0.4397905759162304
OLD80_CONTAMINATED,Q049,prose,B,hybrid,0.7,0,0.0,0.0,0,0,1,1,0,0.4397905759162304
OLD80_CONTAMINATED,Q049,prose,B,hybrid,0.8,0,0.0,0.0,0,0,0,1,0,0.4397905759162304
OLD80_CONTAMINATED,Q049,prose,B,dense,0.4,1,1.0,0.6131471927654584,2,1,1,1,1,0.4397905759162304
OLD80_CONTAMINATED,Q049,prose,B,dense,0.5,0,0.0,0.0,1,1,1,1,0,0.4397905759162304
OLD80_CONTAMINATED,Q049,prose,B,dense,0.6,0,0.0,0.0,1,1,1,1,0,0.4397905759162304
OLD80_CONTAMINATED,Q049,prose,B,dense,0.7,0,0.0,0.0,0,0,1,1,0,0.4397905759162304
OLD80_CONTAMINATED,Q049,prose,B,dense,0.8,0,0.0,0.0,0,0,0,1,0,0.4397905759162304
OLD80_CONTAMINATED,Q049,prose,B,sparse,0.4,1,1.0,0.6131471927654584,2,1,1,1,1,0.4397905759162304
OLD80_CONTAMINATED,Q049,prose,B,sparse,0.5,0,0.0,0.0,1,1,1,1,0,0.4397905759162304
OLD80_CONTAMINATED,Q049,prose,B,sparse,0.6,0,0.0,0.0,1,1,1,1,0,0.4397905759162304
OLD80_CONTAMINATED,Q049,prose,B,sparse,0.7,0,0.0,0.0,0,0,1,1,0,0.4397905759162304
OLD80_CONTAMINATED,Q049,prose,B,sparse,0.8,0,0.0,0.0,0,0,0,1,0,0.4397905759162304
OLD80_CONTAMINATED,Q050,prose,A,hybrid,0.4,1,1.0,1.0,1,1,1,1,1,1.0
OLD80_CONTAMINATED,Q050,prose,A,hybrid,0.5,1,1.0,1.0,1,1,1,1,1,1.0
OLD80_CONTAMINATED,Q050,prose,A,hybrid,0.6,1,1.0,1.0,1,1,1,1,1,1.0
OLD80_CONTAMINATED,Q050,prose,A,hybrid,0.7,1,1.0,1.0,1,1,1,1,1,1.0
OLD80_CONTAMINATED,Q050,prose,A,hybrid,0.8,1,1.0,1.0,1,1,1,1,1,1.0
OLD80_CONTAMINATED,Q050,prose,A,dense,0.4,1,1.0,1.0,1,1,1,1,1,1.0
OLD80_CONTAMINATED,Q050,prose,A,dense,0.5,1,1.0,1.0,1,1,1,1,1,1.0
OLD80_CONTAMINATED,Q050,prose,A,dense,0.6,1,1.0,1.0,1,1,1,1,1,1.0
OLD80_CONTAMINATED,Q050,prose,A,dense,0.7,1,1.0,1.0,1,1,1,1,1,1.0
OLD80_CONTAMINATED,Q050,prose,A,dense,0.8,1,1.0,1.0,1,1,1,1,1,1.0
OLD80_CONTAMINATED,Q050,prose,A,sparse,0.4,1,1.0,1.0,1,1,1,1,1,1.0
OLD80_CONTAMINATED,Q050,prose,A,sparse,0.5,1,1.0,1.0,1,1,1,1,1,1.0
OLD80_CONTAMINATED,Q050,prose,A,sparse,0.6,1,1.0,1.0,1,1,1,1,1,1.0
OLD80_CONTAMINATED,Q050,prose,A,sparse,0.7,1,1.0,1.0,1,1,1,1,1,1.0
OLD80_CONTAMINATED,Q050,prose,A,sparse,0.8,1,1.0,1.0,1,1,1,1,1,1.0
OLD80_CONTAMINATED,Q050,prose,B,hybrid,0.4,1,1.0,1.0,1,1,1,1,1,1.0
OLD80_CONTAMINATED,Q050,prose,B,hybrid,0.5,1,1.0,1.0,1,1,1,1,1,1.0
OLD80_CONTAMINATED,Q050,prose,B,hybrid,0.6,1,1.0,1.0,1,1,1,1,1,1.0
OLD80_CONTAMINATED,Q050,prose,B,hybrid,0.7,1,1.0,1.0,1,1,1,1,1,1.0
OLD80_CONTAMINATED,Q050,prose,B,hybrid,0.8,1,1.0,1.0,1,1,1,1,1,1.0
OLD80_CONTAMINATED,Q050,prose,B,dense,0.4,1,1.0,1.0,1,1,1,1,1,1.0
OLD80_CONTAMINATED,Q050,prose,B,dense,0.5,1,1.0,1.0,1,1,1,1,1,1.0
OLD80_CONTAMINATED,Q050,prose,B,dense,0.6,1,1.0,1.0,1,1,1,1,1,1.0
OLD80_CONTAMINATED,Q050,prose,B,dense,0.7,1,1.0,1.0,1,1,1,1,1,1.0
OLD80_CONTAMINATED,Q050,prose,B,dense,0.8,1,1.0,1.0,1,1,1,1,1,1.0
OLD80_CONTAMINATED,Q050,prose,B,sparse,0.4,1,1.0,1.0,1,1,1,1,1,1.0
OLD80_CONTAMINATED,Q050,prose,B,sparse,0.5,1,1.0,1.0,1,1,1,1,1,1.0
OLD80_CONTAMINATED,Q050,prose,B,sparse,0.6,1,1.0,1.0,1,1,1,1,1,1.0
OLD80_CONTAMINATED,Q050,prose,B,sparse,0.7,1,1.0,1.0,1,1,1,1,1,1.0
OLD80_CONTAMINATED,Q050,prose,B,sparse,0.8,1,1.0,1.0,1,1,1,1,1,1.0
OLD80_CONTAMINATED,Q051,prose,A,hybrid,0.4,1,1.0,0.7653606369886217,3,1,1,1,1,1.0
OLD80_CONTAMINATED,Q051,prose,A,hybrid,0.5,1,1.0,1.0,2,1,1,1,1,1.0
OLD80_CONTAMINATED,Q051,prose,A,hybrid,0.6,1,1.0,1.0,2,1,1,1,1,1.0
OLD80_CONTAMINATED,Q051,prose,A,hybrid,0.7,1,1.0,1.0,2,1,1,1,1,1.0
OLD80_CONTAMINATED,Q051,prose,A,hybrid,0.8,1,1.0,1.0,1,1,1,1,1,1.0
OLD80_CONTAMINATED,Q051,prose,A,dense,0.4,1,1.0,0.7653606369886217,3,1,1,1,1,1.0
OLD80_CONTAMINATED,Q051,prose,A,dense,0.5,1,1.0,1.0,2,1,1,1,1,1.0
OLD80_CONTAMINATED,Q051,prose,A,dense,0.6,1,1.0,1.0,2,1,1,1,1,1.0
OLD80_CONTAMINATED,Q051,prose,A,dense,0.7,1,1.0,1.0,2,1,1,1,1,1.0
OLD80_CONTAMINATED,Q051,prose,A,dense,0.8,1,1.0,1.0,1,1,1,1,1,1.0
OLD80_CONTAMINATED,Q051,prose,A,sparse,0.4,1,1.0,0.46927872602275644,3,1,1,1,1,1.0
OLD80_CONTAMINATED,Q051,prose,A,sparse,0.5,1,1.0,0.6131471927654584,2,1,1,1,1,1.0
OLD80_CONTAMINATED,Q051,prose,A,sparse,0.6,1,1.0,0.6131471927654584,2,1,1,1,1,1.0
OLD80_CONTAMINATED,Q051,prose,A,sparse,0.7,1,1.0,0.6131471927654584,2,1,1,1,1,1.0
OLD80_CONTAMINATED,Q051,prose,A,sparse,0.8,1,1.0,1.0,1,1,1,1,1,1.0
OLD80_CONTAMINATED,Q051,prose,B,hybrid,0.4,1,1.0,1.0,2,1,1,1,1,0.903448275862069
OLD80_CONTAMINATED,Q051,prose,B,hybrid,0.5,1,1.0,1.0,2,1,1,1,1,0.903448275862069
OLD80_CONTAMINATED,Q051,prose,B,hybrid,0.6,1,1.0,1.0,2,1,1,1,1,0.903448275862069
OLD80_CONTAMINATED,Q051,prose,B,hybrid,0.7,1,1.0,1.0,2,1,1,1,1,0.903448275862069
OLD80_CONTAMINATED,Q051,prose,B,hybrid,0.8,1,1.0,1.0,2,1,1,1,1,0.903448275862069
OLD80_CONTAMINATED,Q051,prose,B,dense,0.4,1,1.0,1.0,2,1,1,1,1,0.903448275862069
OLD80_CONTAMINATED,Q051,prose,B,dense,0.5,1,1.0,1.0,2,1,1,1,1,0.903448275862069
OLD80_CONTAMINATED,Q051,prose,B,dense,0.6,1,1.0,1.0,2,1,1,1,1,0.903448275862069
OLD80_CONTAMINATED,Q051,prose,B,dense,0.7,1,1.0,1.0,2,1,1,1,1,0.903448275862069
OLD80_CONTAMINATED,Q051,prose,B,dense,0.8,1,1.0,1.0,2,1,1,1,1,0.903448275862069
OLD80_CONTAMINATED,Q051,prose,B,sparse,0.4,1,1.0,1.0,2,1,1,1,1,0.903448275862069
OLD80_CONTAMINATED,Q051,prose,B,sparse,0.5,1,1.0,1.0,2,1,1,1,1,0.903448275862069
OLD80_CONTAMINATED,Q051,prose,B,sparse,0.6,1,1.0,1.0,2,1,1,1,1,0.903448275862069
OLD80_CONTAMINATED,Q051,prose,B,sparse,0.7,1,1.0,1.0,2,1,1,1,1,0.903448275862069
OLD80_CONTAMINATED,Q051,prose,B,sparse,0.8,1,1.0,1.0,2,1,1,1,1,0.903448275862069
OLD80_CONTAMINATED,Q052,prose,A,hybrid,0.4,1,1.0,1.0,2,1,1,1,1,1.0
OLD80_CONTAMINATED,Q052,prose,A,hybrid,0.5,1,1.0,1.0,2,1,1,1,1,1.0
OLD80_CONTAMINATED,Q052,prose,A,hybrid,0.6,1,1.0,1.0,1,1,1,1,1,1.0
OLD80_CONTAMINATED,Q052,prose,A,hybrid,0.7,1,1.0,1.0,1,1,1,1,1,1.0
OLD80_CONTAMINATED,Q052,prose,A,hybrid,0.8,1,1.0,1.0,1,1,1,1,1,1.0
OLD80_CONTAMINATED,Q052,prose,A,dense,0.4,1,1.0,1.0,2,1,1,1,1,1.0
OLD80_CONTAMINATED,Q052,prose,A,dense,0.5,1,1.0,1.0,2,1,1,1,1,1.0
OLD80_CONTAMINATED,Q052,prose,A,dense,0.6,1,1.0,1.0,1,1,1,1,1,1.0
OLD80_CONTAMINATED,Q052,prose,A,dense,0.7,1,1.0,1.0,1,1,1,1,1,1.0
OLD80_CONTAMINATED,Q052,prose,A,dense,0.8,1,1.0,1.0,1,1,1,1,1,1.0
OLD80_CONTAMINATED,Q052,prose,A,sparse,0.4,1,1.0,1.0,2,1,1,1,1,1.0
OLD80_CONTAMINATED,Q052,prose,A,sparse,0.5,1,1.0,1.0,2,1,1,1,1,1.0
OLD80_CONTAMINATED,Q052,prose,A,sparse,0.6,1,1.0,1.0,1,1,1,1,1,1.0
OLD80_CONTAMINATED,Q052,prose,A,sparse,0.7,1,1.0,1.0,1,1,1,1,1,1.0
OLD80_CONTAMINATED,Q052,prose,A,sparse,0.8,1,1.0,1.0,1,1,1,1,1,1.0
OLD80_CONTAMINATED,Q052,prose,B,hybrid,0.4,1,1.0,1.0,2,1,1,1,1,0.863080684596577
OLD80_CONTAMINATED,Q052,prose,B,hybrid,0.5,1,1.0,1.0,2,1,1,1,1,0.863080684596577
OLD80_CONTAMINATED,Q052,prose,B,hybrid,0.6,1,1.0,1.0,1,1,1,1,1,0.863080684596577
OLD80_CONTAMINATED,Q052,prose,B,hybrid,0.7,1,1.0,1.0,1,1,1,1,1,0.863080684596577
OLD80_CONTAMINATED,Q052,prose,B,hybrid,0.8,1,1.0,1.0,1,1,1,1,1,0.863080684596577
OLD80_CONTAMINATED,Q052,prose,B,dense,0.4,1,1.0,1.0,2,1,1,1,1,0.863080684596577
OLD80_CONTAMINATED,Q052,prose,B,dense,0.5,1,1.0,1.0,2,1,1,1,1,0.863080684596577
OLD80_CONTAMINATED,Q052,prose,B,dense,0.6,1,1.0,1.0,1,1,1,1,1,0.863080684596577
OLD80_CONTAMINATED,Q052,prose,B,dense,0.7,1,1.0,1.0,1,1,1,1,1,0.863080684596577
OLD80_CONTAMINATED,Q052,prose,B,dense,0.8,1,1.0,1.0,1,1,1,1,1,0.863080684596577
OLD80_CONTAMINATED,Q052,prose,B,sparse,0.4,1,1.0,1.0,2,1,1,1,1,0.863080684596577
OLD80_CONTAMINATED,Q052,prose,B,sparse,0.5,1,1.0,1.0,2,1,1,1,1,0.863080684596577
OLD80_CONTAMINATED,Q052,prose,B,sparse,0.6,1,1.0,1.0,1,1,1,1,1,0.863080684596577
OLD80_CONTAMINATED,Q052,prose,B,sparse,0.7,1,1.0,1.0,1,1,1,1,1,0.863080684596577
OLD80_CONTAMINATED,Q052,prose,B,sparse,0.8,1,1.0,1.0,1,1,1,1,1,0.863080684596577
OLD80_CONTAMINATED,Q053,prose,A,hybrid,0.4,1,1.0,1.0,1,1,1,1,1,1.0
OLD80_CONTAMINATED,Q053,prose,A,hybrid,0.5,1,1.0,1.0,1,1,1,1,1,1.0
OLD80_CONTAMINATED,Q053,prose,A,hybrid,0.6,1,1.0,1.0,1,1,1,1,1,1.0
OLD80_CONTAMINATED,Q053,prose,A,hybrid,0.7,1,1.0,1.0,1,1,1,1,1,1.0
OLD80_CONTAMINATED,Q053,prose,A,hybrid,0.8,1,1.0,1.0,1,1,1,1,1,1.0
OLD80_CONTAMINATED,Q053,prose,A,dense,0.4,1,1.0,1.0,1,1,1,1,1,1.0
OLD80_CONTAMINATED,Q053,prose,A,dense,0.5,1,1.0,1.0,1,1,1,1,1,1.0
OLD80_CONTAMINATED,Q053,prose,A,dense,0.6,1,1.0,1.0,1,1,1,1,1,1.0
OLD80_CONTAMINATED,Q053,prose,A,dense,0.7,1,1.0,1.0,1,1,1,1,1,1.0
OLD80_CONTAMINATED,Q053,prose,A,dense,0.8,1,1.0,1.0,1,1,1,1,1,1.0
OLD80_CONTAMINATED,Q053,prose,A,sparse,0.4,1,1.0,1.0,1,1,1,1,1,1.0
OLD80_CONTAMINATED,Q053,prose,A,sparse,0.5,1,1.0,1.0,1,1,1,1,1,1.0
OLD80_CONTAMINATED,Q053,prose,A,sparse,0.6,1,1.0,1.0,1,1,1,1,1,1.0
OLD80_CONTAMINATED,Q053,prose,A,sparse,0.7,1,1.0,1.0,1,1,1,1,1,1.0
OLD80_CONTAMINATED,Q053,prose,A,sparse,0.8,1,1.0,1.0,1,1,1,1,1,1.0
OLD80_CONTAMINATED,Q053,prose,B,hybrid,0.4,1,0.5,0.6309297535714575,1,1,1,1,2,0.8419811320754716
OLD80_CONTAMINATED,Q053,prose,B,hybrid,0.5,1,0.5,0.6309297535714575,1,1,1,1,2,0.8419811320754716
OLD80_CONTAMINATED,Q053,prose,B,hybrid,0.6,1,0.5,0.6309297535714575,1,1,1,1,2,0.8419811320754716
OLD80_CONTAMINATED,Q053,prose,B,hybrid,0.7,1,0.5,0.6309297535714575,1,1,1,1,2,0.8419811320754716
OLD80_CONTAMINATED,Q053,prose,B,hybrid,0.8,1,0.5,0.6309297535714575,1,1,1,1,2,0.8419811320754716
OLD80_CONTAMINATED,Q053,prose,B,dense,0.4,1,0.5,0.6309297535714575,1,1,1,1,2,0.8419811320754716
OLD80_CONTAMINATED,Q053,prose,B,dense,0.5,1,0.5,0.6309297535714575,1,1,1,1,2,0.8419811320754716
OLD80_CONTAMINATED,Q053,prose,B,dense,0.6,1,0.5,0.6309297535714575,1,1,1,1,2,0.8419811320754716
OLD80_CONTAMINATED,Q053,prose,B,dense,0.7,1,0.5,0.6309297535714575,1,1,1,1,2,0.8419811320754716
OLD80_CONTAMINATED,Q053,prose,B,dense,0.8,1,0.5,0.6309297535714575,1,1,1,1,2,0.8419811320754716
OLD80_CONTAMINATED,Q053,prose,B,sparse,0.4,1,0.5,0.6309297535714575,1,1,1,1,2,0.8419811320754716
OLD80_CONTAMINATED,Q053,prose,B,sparse,0.5,1,0.5,0.6309297535714575,1,1,1,1,2,0.8419811320754716
OLD80_CONTAMINATED,Q053,prose,B,sparse,0.6,1,0.5,0.6309297535714575,1,1,1,1,2,0.8419811320754716
OLD80_CONTAMINATED,Q053,prose,B,sparse,0.7,1,0.5,0.6309297535714575,1,1,1,1,2,0.8419811320754716
OLD80_CONTAMINATED,Q053,prose,B,sparse,0.8,1,0.5,0.6309297535714575,1,1,1,1,2,0.8419811320754716
OLD80_CONTAMINATED,Q054,prose,A,hybrid,0.4,1,1.0,1.0,1,1,1,1,1,1.0
OLD80_CONTAMINATED,Q054,prose,A,hybrid,0.5,1,1.0,1.0,1,1,1,1,1,1.0
OLD80_CONTAMINATED,Q054,prose,A,hybrid,0.6,1,1.0,1.0,1,1,1,1,1,1.0
OLD80_CONTAMINATED,Q054,prose,A,hybrid,0.7,1,1.0,1.0,1,1,1,1,1,1.0
OLD80_CONTAMINATED,Q054,prose,A,hybrid,0.8,1,1.0,1.0,1,1,1,1,1,1.0
OLD80_CONTAMINATED,Q054,prose,A,dense,0.4,1,1.0,1.0,1,1,1,1,1,1.0
OLD80_CONTAMINATED,Q054,prose,A,dense,0.5,1,1.0,1.0,1,1,1,1,1,1.0
OLD80_CONTAMINATED,Q054,prose,A,dense,0.6,1,1.0,1.0,1,1,1,1,1,1.0
OLD80_CONTAMINATED,Q054,prose,A,dense,0.7,1,1.0,1.0,1,1,1,1,1,1.0
OLD80_CONTAMINATED,Q054,prose,A,dense,0.8,1,1.0,1.0,1,1,1,1,1,1.0
OLD80_CONTAMINATED,Q054,prose,A,sparse,0.4,1,1.0,1.0,1,1,1,1,1,1.0
OLD80_CONTAMINATED,Q054,prose,A,sparse,0.5,1,1.0,1.0,1,1,1,1,1,1.0
OLD80_CONTAMINATED,Q054,prose,A,sparse,0.6,1,1.0,1.0,1,1,1,1,1,1.0
OLD80_CONTAMINATED,Q054,prose,A,sparse,0.7,1,1.0,1.0,1,1,1,1,1,1.0
OLD80_CONTAMINATED,Q054,prose,A,sparse,0.8,1,1.0,1.0,1,1,1,1,1,1.0
OLD80_CONTAMINATED,Q054,prose,B,hybrid,0.4,0,0.0,0.0,1,1,1,1,0,0.3626373626373626
OLD80_CONTAMINATED,Q054,prose,B,hybrid,0.5,0,0.0,0.0,1,1,0,1,0,0.3626373626373626
OLD80_CONTAMINATED,Q054,prose,B,hybrid,0.6,0,0.0,0.0,1,1,0,1,0,0.3626373626373626
OLD80_CONTAMINATED,Q054,prose,B,hybrid,0.7,0,0.0,0.0,1,1,0,1,0,0.3626373626373626
OLD80_CONTAMINATED,Q054,prose,B,hybrid,0.8,0,0.0,0.0,0,0,0,1,0,0.3626373626373626
OLD80_CONTAMINATED,Q054,prose,B,dense,0.4,0,0.0,0.0,1,1,1,1,0,0.3626373626373626
OLD80_CONTAMINATED,Q054,prose,B,dense,0.5,0,0.0,0.0,1,1,0,1,0,0.3626373626373626
OLD80_CONTAMINATED,Q054,prose,B,dense,0.6,0,0.0,0.0,1,1,0,1,0,0.3626373626373626
OLD80_CONTAMINATED,Q054,prose,B,dense,0.7,0,0.0,0.0,1,1,0,1,0,0.3626373626373626
OLD80_CONTAMINATED,Q054,prose,B,dense,0.8,0,0.0,0.0,0,0,0,1,0,0.3626373626373626
OLD80_CONTAMINATED,Q054,prose,B,sparse,0.4,0,0.0,0.0,1,1,1,1,0,0.3626373626373626
OLD80_CONTAMINATED,Q054,prose,B,sparse,0.5,0,0.0,0.0,1,1,0,1,0,0.3626373626373626
OLD80_CONTAMINATED,Q054,prose,B,sparse,0.6,0,0.0,0.0,1,1,0,1,0,0.3626373626373626
OLD80_CONTAMINATED,Q054,prose,B,sparse,0.7,0,0.0,0.0,1,1,0,1,0,0.3626373626373626
OLD80_CONTAMINATED,Q054,prose,B,sparse,0.8,0,0.0,0.0,0,0,0,1,0,0.3626373626373626
OLD80_CONTAMINATED,Q055,prose,A,hybrid,0.4,1,1.0,1.0,1,1,1,1,1,1.0
OLD80_CONTAMINATED,Q055,prose,A,hybrid,0.5,1,1.0,1.0,1,1,1,1,1,1.0
OLD80_CONTAMINATED,Q055,prose,A,hybrid,0.6,1,1.0,1.0,1,1,1,1,1,1.0
OLD80_CONTAMINATED,Q055,prose,A,hybrid,0.7,1,1.0,1.0,1,1,1,1,1,1.0
OLD80_CONTAMINATED,Q055,prose,A,hybrid,0.8,1,1.0,1.0,1,1,1,1,1,1.0
OLD80_CONTAMINATED,Q055,prose,A,dense,0.4,1,1.0,1.0,1,1,1,1,1,1.0
OLD80_CONTAMINATED,Q055,prose,A,dense,0.5,1,1.0,1.0,1,1,1,1,1,1.0
OLD80_CONTAMINATED,Q055,prose,A,dense,0.6,1,1.0,1.0,1,1,1,1,1,1.0
OLD80_CONTAMINATED,Q055,prose,A,dense,0.7,1,1.0,1.0,1,1,1,1,1,1.0
OLD80_CONTAMINATED,Q055,prose,A,dense,0.8,1,1.0,1.0,1,1,1,1,1,1.0
OLD80_CONTAMINATED,Q055,prose,A,sparse,0.4,1,1.0,1.0,1,1,1,1,1,1.0
OLD80_CONTAMINATED,Q055,prose,A,sparse,0.5,1,1.0,1.0,1,1,1,1,1,1.0
OLD80_CONTAMINATED,Q055,prose,A,sparse,0.6,1,1.0,1.0,1,1,1,1,1,1.0
OLD80_CONTAMINATED,Q055,prose,A,sparse,0.7,1,1.0,1.0,1,1,1,1,1,1.0
OLD80_CONTAMINATED,Q055,prose,A,sparse,0.8,1,1.0,1.0,1,1,1,1,1,1.0
OLD80_CONTAMINATED,Q055,prose,B,hybrid,0.4,1,1.0,1.0,1,1,1,1,1,0.8592592592592593
OLD80_CONTAMINATED,Q055,prose,B,hybrid,0.5,1,1.0,1.0,1,1,1,1,1,0.8592592592592593
OLD80_CONTAMINATED,Q055,prose,B,hybrid,0.6,1,1.0,1.0,1,1,1,1,1,0.8592592592592593
OLD80_CONTAMINATED,Q055,prose,B,hybrid,0.7,1,1.0,1.0,1,1,1,1,1,0.8592592592592593
OLD80_CONTAMINATED,Q055,prose,B,hybrid,0.8,1,1.0,1.0,1,1,1,1,1,0.8592592592592593
OLD80_CONTAMINATED,Q055,prose,B,dense,0.4,1,1.0,1.0,1,1,1,1,1,0.8592592592592593
OLD80_CONTAMINATED,Q055,prose,B,dense,0.5,1,1.0,1.0,1,1,1,1,1,0.8592592592592593
OLD80_CONTAMINATED,Q055,prose,B,dense,0.6,1,1.0,1.0,1,1,1,1,1,0.8592592592592593
OLD80_CONTAMINATED,Q055,prose,B,dense,0.7,1,1.0,1.0,1,1,1,1,1,0.8592592592592593
OLD80_CONTAMINATED,Q055,prose,B,dense,0.8,1,1.0,1.0,1,1,1,1,1,0.8592592592592593
OLD80_CONTAMINATED,Q055,prose,B,sparse,0.4,1,1.0,1.0,1,1,1,1,1,0.8592592592592593
OLD80_CONTAMINATED,Q055,prose,B,sparse,0.5,1,1.0,1.0,1,1,1,1,1,0.8592592592592593
OLD80_CONTAMINATED,Q055,prose,B,sparse,0.6,1,1.0,1.0,1,1,1,1,1,0.8592592592592593
OLD80_CONTAMINATED,Q055,prose,B,sparse,0.7,1,1.0,1.0,1,1,1,1,1,0.8592592592592593
OLD80_CONTAMINATED,Q055,prose,B,sparse,0.8,1,1.0,1.0,1,1,1,1,1,0.8592592592592593
OLD80_CONTAMINATED,Q056,prose,A,hybrid,0.4,1,1.0,1.0,1,1,1,1,1,1.0
OLD80_CONTAMINATED,Q056,prose,A,hybrid,0.5,1,1.0,1.0,1,1,1,1,1,1.0
OLD80_CONTAMINATED,Q056,prose,A,hybrid,0.6,1,1.0,1.0,1,1,1,1,1,1.0
OLD80_CONTAMINATED,Q056,prose,A,hybrid,0.7,1,1.0,1.0,1,1,1,1,1,1.0
OLD80_CONTAMINATED,Q056,prose,A,hybrid,0.8,1,1.0,1.0,1,1,1,1,1,1.0
OLD80_CONTAMINATED,Q056,prose,A,dense,0.4,1,1.0,1.0,1,1,1,1,1,1.0
OLD80_CONTAMINATED,Q056,prose,A,dense,0.5,1,1.0,1.0,1,1,1,1,1,1.0
OLD80_CONTAMINATED,Q056,prose,A,dense,0.6,1,1.0,1.0,1,1,1,1,1,1.0
OLD80_CONTAMINATED,Q056,prose,A,dense,0.7,1,1.0,1.0,1,1,1,1,1,1.0
OLD80_CONTAMINATED,Q056,prose,A,dense,0.8,1,1.0,1.0,1,1,1,1,1,1.0
OLD80_CONTAMINATED,Q056,prose,A,sparse,0.4,1,1.0,1.0,1,1,1,1,1,1.0
OLD80_CONTAMINATED,Q056,prose,A,sparse,0.5,1,1.0,1.0,1,1,1,1,1,1.0
OLD80_CONTAMINATED,Q056,prose,A,sparse,0.6,1,1.0,1.0,1,1,1,1,1,1.0
OLD80_CONTAMINATED,Q056,prose,A,sparse,0.7,1,1.0,1.0,1,1,1,1,1,1.0
OLD80_CONTAMINATED,Q056,prose,A,sparse,0.8,1,1.0,1.0,1,1,1,1,1,1.0
OLD80_CONTAMINATED,Q056,prose,B,hybrid,0.4,1,1.0,1.0,1,1,1,1,1,0.7684964200477327
OLD80_CONTAMINATED,Q056,prose,B,hybrid,0.5,1,1.0,1.0,1,1,1,1,1,0.7684964200477327
OLD80_CONTAMINATED,Q056,prose,B,hybrid,0.6,1,1.0,1.0,1,1,1,1,1,0.7684964200477327
OLD80_CONTAMINATED,Q056,prose,B,hybrid,0.7,1,1.0,1.0,1,1,1,1,1,0.7684964200477327
OLD80_CONTAMINATED,Q056,prose,B,hybrid,0.8,0,0.0,0.0,0,0,1,1,0,0.7684964200477327
OLD80_CONTAMINATED,Q056,prose,B,dense,0.4,1,1.0,1.0,1,1,1,1,1,0.7684964200477327
OLD80_CONTAMINATED,Q056,prose,B,dense,0.5,1,1.0,1.0,1,1,1,1,1,0.7684964200477327
OLD80_CONTAMINATED,Q056,prose,B,dense,0.6,1,1.0,1.0,1,1,1,1,1,0.7684964200477327
OLD80_CONTAMINATED,Q056,prose,B,dense,0.7,1,1.0,1.0,1,1,1,1,1,0.7684964200477327
OLD80_CONTAMINATED,Q056,prose,B,dense,0.8,0,0.0,0.0,0,0,1,1,0,0.7684964200477327
OLD80_CONTAMINATED,Q056,prose,B,sparse,0.4,1,1.0,1.0,1,1,1,1,1,0.7684964200477327
OLD80_CONTAMINATED,Q056,prose,B,sparse,0.5,1,1.0,1.0,1,1,1,1,1,0.7684964200477327
OLD80_CONTAMINATED,Q056,prose,B,sparse,0.6,1,1.0,1.0,1,1,1,1,1,0.7684964200477327
OLD80_CONTAMINATED,Q056,prose,B,sparse,0.7,1,1.0,1.0,1,1,1,1,1,0.7684964200477327
OLD80_CONTAMINATED,Q056,prose,B,sparse,0.8,0,0.0,0.0,0,0,1,1,0,0.7684964200477327
OLD80_CONTAMINATED,Q057,prose,A,hybrid,0.4,1,1.0,1.0,1,1,1,1,1,1.0
OLD80_CONTAMINATED,Q057,prose,A,hybrid,0.5,1,1.0,1.0,1,1,1,1,1,1.0
OLD80_CONTAMINATED,Q057,prose,A,hybrid,0.6,1,1.0,1.0,1,1,1,1,1,1.0
OLD80_CONTAMINATED,Q057,prose,A,hybrid,0.7,1,1.0,1.0,1,1,1,1,1,1.0
OLD80_CONTAMINATED,Q057,prose,A,hybrid,0.8,1,1.0,1.0,1,1,1,1,1,1.0
OLD80_CONTAMINATED,Q057,prose,A,dense,0.4,1,1.0,1.0,1,1,1,1,1,1.0
OLD80_CONTAMINATED,Q057,prose,A,dense,0.5,1,1.0,1.0,1,1,1,1,1,1.0
OLD80_CONTAMINATED,Q057,prose,A,dense,0.6,1,1.0,1.0,1,1,1,1,1,1.0
OLD80_CONTAMINATED,Q057,prose,A,dense,0.7,1,1.0,1.0,1,1,1,1,1,1.0
OLD80_CONTAMINATED,Q057,prose,A,dense,0.8,1,1.0,1.0,1,1,1,1,1,1.0
OLD80_CONTAMINATED,Q057,prose,A,sparse,0.4,1,1.0,1.0,1,1,1,1,1,1.0
OLD80_CONTAMINATED,Q057,prose,A,sparse,0.5,1,1.0,1.0,1,1,1,1,1,1.0
OLD80_CONTAMINATED,Q057,prose,A,sparse,0.6,1,1.0,1.0,1,1,1,1,1,1.0
OLD80_CONTAMINATED,Q057,prose,A,sparse,0.7,1,1.0,1.0,1,1,1,1,1,1.0
OLD80_CONTAMINATED,Q057,prose,A,sparse,0.8,1,1.0,1.0,1,1,1,1,1,1.0
OLD80_CONTAMINATED,Q057,prose,B,hybrid,0.4,1,1.0,1.0,1,1,1,1,1,0.9880952380952381
OLD80_CONTAMINATED,Q057,prose,B,hybrid,0.5,1,1.0,1.0,1,1,1,1,1,0.9880952380952381
OLD80_CONTAMINATED,Q057,prose,B,hybrid,0.6,1,1.0,1.0,1,1,1,1,1,0.9880952380952381
OLD80_CONTAMINATED,Q057,prose,B,hybrid,0.7,1,1.0,1.0,1,1,1,1,1,0.9880952380952381
OLD80_CONTAMINATED,Q057,prose,B,hybrid,0.8,1,1.0,1.0,1,1,1,1,1,0.9880952380952381
OLD80_CONTAMINATED,Q057,prose,B,dense,0.4,1,1.0,1.0,1,1,1,1,1,0.9880952380952381
OLD80_CONTAMINATED,Q057,prose,B,dense,0.5,1,1.0,1.0,1,1,1,1,1,0.9880952380952381
OLD80_CONTAMINATED,Q057,prose,B,dense,0.6,1,1.0,1.0,1,1,1,1,1,0.9880952380952381
OLD80_CONTAMINATED,Q057,prose,B,dense,0.7,1,1.0,1.0,1,1,1,1,1,0.9880952380952381
OLD80_CONTAMINATED,Q057,prose,B,dense,0.8,1,1.0,1.0,1,1,1,1,1,0.9880952380952381
OLD80_CONTAMINATED,Q057,prose,B,sparse,0.4,1,1.0,1.0,1,1,1,1,1,0.9880952380952381
OLD80_CONTAMINATED,Q057,prose,B,sparse,0.5,1,1.0,1.0,1,1,1,1,1,0.9880952380952381
OLD80_CONTAMINATED,Q057,prose,B,sparse,0.6,1,1.0,1.0,1,1,1,1,1,0.9880952380952381
OLD80_CONTAMINATED,Q057,prose,B,sparse,0.7,1,1.0,1.0,1,1,1,1,1,0.9880952380952381
OLD80_CONTAMINATED,Q057,prose,B,sparse,0.8,1,1.0,1.0,1,1,1,1,1,0.9880952380952381
OLD80_CONTAMINATED,Q058,prose,A,hybrid,0.4,0,0.0,0.0,6,1,0,0,0,0.3314917127071823
OLD80_CONTAMINATED,Q058,prose,A,hybrid,0.5,0,0.0,0.0,6,1,0,0,0,0.3314917127071823
OLD80_CONTAMINATED,Q058,prose,A,hybrid,0.6,0,0.0,0.0,6,1,0,0,0,0.3314917127071823
OLD80_CONTAMINATED,Q058,prose,A,hybrid,0.7,0,0.0,0.0,1,1,0,0,0,0.3314917127071823
OLD80_CONTAMINATED,Q058,prose,A,hybrid,0.8,0,0.0,0.0,1,1,0,0,0,0.3314917127071823
OLD80_CONTAMINATED,Q058,prose,A,dense,0.4,0,0.0,0.0,6,1,0,0,0,0.3314917127071823
OLD80_CONTAMINATED,Q058,prose,A,dense,0.5,0,0.0,0.0,6,1,0,0,0,0.3314917127071823
OLD80_CONTAMINATED,Q058,prose,A,dense,0.6,0,0.0,0.0,6,1,0,0,0,0.3314917127071823
OLD80_CONTAMINATED,Q058,prose,A,dense,0.7,0,0.0,0.0,1,1,0,0,0,0.3314917127071823
OLD80_CONTAMINATED,Q058,prose,A,dense,0.8,0,0.0,0.0,1,1,0,0,0,0.3314917127071823
OLD80_CONTAMINATED,Q058,prose,A,sparse,0.4,0,0.0,0.0,6,1,0,0,0,0.3314917127071823
OLD80_CONTAMINATED,Q058,prose,A,sparse,0.5,0,0.0,0.0,6,1,0,0,0,0.3314917127071823
OLD80_CONTAMINATED,Q058,prose,A,sparse,0.6,0,0.0,0.0,6,1,0,0,0,0.3314917127071823
OLD80_CONTAMINATED,Q058,prose,A,sparse,0.7,0,0.0,0.0,1,1,0,0,0,0.3314917127071823
OLD80_CONTAMINATED,Q058,prose,A,sparse,0.8,0,0.0,0.0,1,1,0,0,0,0.3314917127071823
OLD80_CONTAMINATED,Q058,prose,B,hybrid,0.4,0,0.0,0.0,6,1,0,0,0,0.3259668508287293
OLD80_CONTAMINATED,Q058,prose,B,hybrid,0.5,0,0.0,0.0,6,1,0,0,0,0.3259668508287293
OLD80_CONTAMINATED,Q058,prose,B,hybrid,0.6,0,0.0,0.0,6,1,0,0,0,0.3259668508287293
OLD80_CONTAMINATED,Q058,prose,B,hybrid,0.7,0,0.0,0.0,1,1,0,0,0,0.3259668508287293
OLD80_CONTAMINATED,Q058,prose,B,hybrid,0.8,0,0.0,0.0,1,1,0,0,0,0.3259668508287293
OLD80_CONTAMINATED,Q058,prose,B,dense,0.4,0,0.0,0.0,6,1,0,0,0,0.3259668508287293
OLD80_CONTAMINATED,Q058,prose,B,dense,0.5,0,0.0,0.0,6,1,0,0,0,0.3259668508287293
OLD80_CONTAMINATED,Q058,prose,B,dense,0.6,0,0.0,0.0,6,1,0,0,0,0.3259668508287293
OLD80_CONTAMINATED,Q058,prose,B,dense,0.7,0,0.0,0.0,1,1,0,0,0,0.3259668508287293
OLD80_CONTAMINATED,Q058,prose,B,dense,0.8,0,0.0,0.0,1,1,0,0,0,0.3259668508287293
OLD80_CONTAMINATED,Q058,prose,B,sparse,0.4,0,0.0,0.0,6,1,0,0,0,0.3259668508287293
OLD80_CONTAMINATED,Q058,prose,B,sparse,0.5,0,0.0,0.0,6,1,0,0,0,0.3259668508287293
OLD80_CONTAMINATED,Q058,prose,B,sparse,0.6,0,0.0,0.0,6,1,0,0,0,0.3259668508287293
OLD80_CONTAMINATED,Q058,prose,B,sparse,0.7,0,0.0,0.0,1,1,0,0,0,0.3259668508287293
OLD80_CONTAMINATED,Q058,prose,B,sparse,0.8,0,0.0,0.0,1,1,0,0,0,0.3259668508287293
OLD80_CONTAMINATED,Q059,prose,A,hybrid,0.4,1,1.0,1.0,1,1,1,1,1,1.0
OLD80_CONTAMINATED,Q059,prose,A,hybrid,0.5,1,1.0,1.0,1,1,1,1,1,1.0
OLD80_CONTAMINATED,Q059,prose,A,hybrid,0.6,1,1.0,1.0,1,1,1,1,1,1.0
OLD80_CONTAMINATED,Q059,prose,A,hybrid,0.7,1,1.0,1.0,1,1,1,1,1,1.0
OLD80_CONTAMINATED,Q059,prose,A,hybrid,0.8,1,1.0,1.0,1,1,1,1,1,1.0
OLD80_CONTAMINATED,Q059,prose,A,dense,0.4,1,1.0,1.0,1,1,1,1,1,1.0
OLD80_CONTAMINATED,Q059,prose,A,dense,0.5,1,1.0,1.0,1,1,1,1,1,1.0
OLD80_CONTAMINATED,Q059,prose,A,dense,0.6,1,1.0,1.0,1,1,1,1,1,1.0
OLD80_CONTAMINATED,Q059,prose,A,dense,0.7,1,1.0,1.0,1,1,1,1,1,1.0
OLD80_CONTAMINATED,Q059,prose,A,dense,0.8,1,1.0,1.0,1,1,1,1,1,1.0
OLD80_CONTAMINATED,Q059,prose,A,sparse,0.4,1,1.0,1.0,1,1,1,1,1,1.0
OLD80_CONTAMINATED,Q059,prose,A,sparse,0.5,1,1.0,1.0,1,1,1,1,1,1.0
OLD80_CONTAMINATED,Q059,prose,A,sparse,0.6,1,1.0,1.0,1,1,1,1,1,1.0
OLD80_CONTAMINATED,Q059,prose,A,sparse,0.7,1,1.0,1.0,1,1,1,1,1,1.0
OLD80_CONTAMINATED,Q059,prose,A,sparse,0.8,1,1.0,1.0,1,1,1,1,1,1.0
OLD80_CONTAMINATED,Q059,prose,B,hybrid,0.4,1,1.0,1.0,1,1,1,1,1,0.8613861386138614
OLD80_CONTAMINATED,Q059,prose,B,hybrid,0.5,1,1.0,1.0,1,1,1,1,1,0.8613861386138614
OLD80_CONTAMINATED,Q059,prose,B,hybrid,0.6,1,1.0,1.0,1,1,1,1,1,0.8613861386138614
OLD80_CONTAMINATED,Q059,prose,B,hybrid,0.7,1,1.0,1.0,1,1,1,1,1,0.8613861386138614
OLD80_CONTAMINATED,Q059,prose,B,hybrid,0.8,1,1.0,1.0,1,1,1,1,1,0.8613861386138614
OLD80_CONTAMINATED,Q059,prose,B,dense,0.4,1,1.0,1.0,1,1,1,1,1,0.8613861386138614
OLD80_CONTAMINATED,Q059,prose,B,dense,0.5,1,1.0,1.0,1,1,1,1,1,0.8613861386138614
OLD80_CONTAMINATED,Q059,prose,B,dense,0.6,1,1.0,1.0,1,1,1,1,1,0.8613861386138614
OLD80_CONTAMINATED,Q059,prose,B,dense,0.7,1,1.0,1.0,1,1,1,1,1,0.8613861386138614
OLD80_CONTAMINATED,Q059,prose,B,dense,0.8,1,1.0,1.0,1,1,1,1,1,0.8613861386138614
OLD80_CONTAMINATED,Q059,prose,B,sparse,0.4,1,1.0,1.0,1,1,1,1,1,0.8613861386138614
OLD80_CONTAMINATED,Q059,prose,B,sparse,0.5,1,1.0,1.0,1,1,1,1,1,0.8613861386138614
OLD80_CONTAMINATED,Q059,prose,B,sparse,0.6,1,1.0,1.0,1,1,1,1,1,0.8613861386138614
OLD80_CONTAMINATED,Q059,prose,B,sparse,0.7,1,1.0,1.0,1,1,1,1,1,0.8613861386138614
OLD80_CONTAMINATED,Q059,prose,B,sparse,0.8,1,1.0,1.0,1,1,1,1,1,0.8613861386138614
OLD80_CONTAMINATED,Q060,prose,A,hybrid,0.4,1,1.0,1.0,1,1,1,1,1,1.0
OLD80_CONTAMINATED,Q060,prose,A,hybrid,0.5,1,1.0,1.0,1,1,1,1,1,1.0
OLD80_CONTAMINATED,Q060,prose,A,hybrid,0.6,1,1.0,1.0,1,1,1,1,1,1.0
OLD80_CONTAMINATED,Q060,prose,A,hybrid,0.7,1,1.0,1.0,1,1,1,1,1,1.0
OLD80_CONTAMINATED,Q060,prose,A,hybrid,0.8,1,1.0,1.0,1,1,1,1,1,1.0
OLD80_CONTAMINATED,Q060,prose,A,dense,0.4,1,1.0,1.0,1,1,1,1,1,1.0
OLD80_CONTAMINATED,Q060,prose,A,dense,0.5,1,1.0,1.0,1,1,1,1,1,1.0
OLD80_CONTAMINATED,Q060,prose,A,dense,0.6,1,1.0,1.0,1,1,1,1,1,1.0
OLD80_CONTAMINATED,Q060,prose,A,dense,0.7,1,1.0,1.0,1,1,1,1,1,1.0
OLD80_CONTAMINATED,Q060,prose,A,dense,0.8,1,1.0,1.0,1,1,1,1,1,1.0
OLD80_CONTAMINATED,Q060,prose,A,sparse,0.4,1,1.0,1.0,1,1,1,1,1,1.0
OLD80_CONTAMINATED,Q060,prose,A,sparse,0.5,1,1.0,1.0,1,1,1,1,1,1.0
OLD80_CONTAMINATED,Q060,prose,A,sparse,0.6,1,1.0,1.0,1,1,1,1,1,1.0
OLD80_CONTAMINATED,Q060,prose,A,sparse,0.7,1,1.0,1.0,1,1,1,1,1,1.0
OLD80_CONTAMINATED,Q060,prose,A,sparse,0.8,1,1.0,1.0,1,1,1,1,1,1.0
OLD80_CONTAMINATED,Q060,prose,B,hybrid,0.4,1,1.0,1.0,1,1,1,1,1,1.0
OLD80_CONTAMINATED,Q060,prose,B,hybrid,0.5,1,1.0,1.0,1,1,1,1,1,1.0
OLD80_CONTAMINATED,Q060,prose,B,hybrid,0.6,1,1.0,1.0,1,1,1,1,1,1.0
OLD80_CONTAMINATED,Q060,prose,B,hybrid,0.7,1,1.0,1.0,1,1,1,1,1,1.0
OLD80_CONTAMINATED,Q060,prose,B,hybrid,0.8,1,1.0,1.0,1,1,1,1,1,1.0
OLD80_CONTAMINATED,Q060,prose,B,dense,0.4,1,1.0,1.0,1,1,1,1,1,1.0
OLD80_CONTAMINATED,Q060,prose,B,dense,0.5,1,1.0,1.0,1,1,1,1,1,1.0
OLD80_CONTAMINATED,Q060,prose,B,dense,0.6,1,1.0,1.0,1,1,1,1,1,1.0
OLD80_CONTAMINATED,Q060,prose,B,dense,0.7,1,1.0,1.0,1,1,1,1,1,1.0
OLD80_CONTAMINATED,Q060,prose,B,dense,0.8,1,1.0,1.0,1,1,1,1,1,1.0
OLD80_CONTAMINATED,Q060,prose,B,sparse,0.4,1,1.0,1.0,1,1,1,1,1,1.0
OLD80_CONTAMINATED,Q060,prose,B,sparse,0.5,1,1.0,1.0,1,1,1,1,1,1.0
OLD80_CONTAMINATED,Q060,prose,B,sparse,0.6,1,1.0,1.0,1,1,1,1,1,1.0
OLD80_CONTAMINATED,Q060,prose,B,sparse,0.7,1,1.0,1.0,1,1,1,1,1,1.0
OLD80_CONTAMINATED,Q060,prose,B,sparse,0.8,1,1.0,1.0,1,1,1,1,1,1.0
OLD80_CONTAMINATED,Q061,prose,A,hybrid,0.4,1,1.0,1.0,1,1,1,1,1,1.0
OLD80_CONTAMINATED,Q061,prose,A,hybrid,0.5,1,1.0,1.0,1,1,1,1,1,1.0
OLD80_CONTAMINATED,Q061,prose,A,hybrid,0.6,1,1.0,1.0,1,1,1,1,1,1.0
OLD80_CONTAMINATED,Q061,prose,A,hybrid,0.7,1,1.0,1.0,1,1,1,1,1,1.0
OLD80_CONTAMINATED,Q061,prose,A,hybrid,0.8,1,1.0,1.0,1,1,1,1,1,1.0
OLD80_CONTAMINATED,Q061,prose,A,dense,0.4,1,1.0,1.0,1,1,1,1,1,1.0
OLD80_CONTAMINATED,Q061,prose,A,dense,0.5,1,1.0,1.0,1,1,1,1,1,1.0
OLD80_CONTAMINATED,Q061,prose,A,dense,0.6,1,1.0,1.0,1,1,1,1,1,1.0
OLD80_CONTAMINATED,Q061,prose,A,dense,0.7,1,1.0,1.0,1,1,1,1,1,1.0
OLD80_CONTAMINATED,Q061,prose,A,dense,0.8,1,1.0,1.0,1,1,1,1,1,1.0
OLD80_CONTAMINATED,Q061,prose,A,sparse,0.4,1,1.0,1.0,1,1,1,1,1,1.0
OLD80_CONTAMINATED,Q061,prose,A,sparse,0.5,1,1.0,1.0,1,1,1,1,1,1.0
OLD80_CONTAMINATED,Q061,prose,A,sparse,0.6,1,1.0,1.0,1,1,1,1,1,1.0
OLD80_CONTAMINATED,Q061,prose,A,sparse,0.7,1,1.0,1.0,1,1,1,1,1,1.0
OLD80_CONTAMINATED,Q061,prose,A,sparse,0.8,1,1.0,1.0,1,1,1,1,1,1.0
OLD80_CONTAMINATED,Q061,prose,B,hybrid,0.4,1,1.0,1.0,1,1,1,1,1,1.0
OLD80_CONTAMINATED,Q061,prose,B,hybrid,0.5,1,1.0,1.0,1,1,1,1,1,1.0
OLD80_CONTAMINATED,Q061,prose,B,hybrid,0.6,1,1.0,1.0,1,1,1,1,1,1.0
OLD80_CONTAMINATED,Q061,prose,B,hybrid,0.7,1,1.0,1.0,1,1,1,1,1,1.0
OLD80_CONTAMINATED,Q061,prose,B,hybrid,0.8,1,1.0,1.0,1,1,1,1,1,1.0
OLD80_CONTAMINATED,Q061,prose,B,dense,0.4,1,1.0,1.0,1,1,1,1,1,1.0
OLD80_CONTAMINATED,Q061,prose,B,dense,0.5,1,1.0,1.0,1,1,1,1,1,1.0
OLD80_CONTAMINATED,Q061,prose,B,dense,0.6,1,1.0,1.0,1,1,1,1,1,1.0
OLD80_CONTAMINATED,Q061,prose,B,dense,0.7,1,1.0,1.0,1,1,1,1,1,1.0
OLD80_CONTAMINATED,Q061,prose,B,dense,0.8,1,1.0,1.0,1,1,1,1,1,1.0
OLD80_CONTAMINATED,Q061,prose,B,sparse,0.4,1,1.0,1.0,1,1,1,1,1,1.0
OLD80_CONTAMINATED,Q061,prose,B,sparse,0.5,1,1.0,1.0,1,1,1,1,1,1.0
OLD80_CONTAMINATED,Q061,prose,B,sparse,0.6,1,1.0,1.0,1,1,1,1,1,1.0
OLD80_CONTAMINATED,Q061,prose,B,sparse,0.7,1,1.0,1.0,1,1,1,1,1,1.0
OLD80_CONTAMINATED,Q061,prose,B,sparse,0.8,1,1.0,1.0,1,1,1,1,1,1.0
OLD80_CONTAMINATED,Q062,prose,A,hybrid,0.4,1,1.0,1.0,1,1,1,1,1,1.0
OLD80_CONTAMINATED,Q062,prose,A,hybrid,0.5,1,1.0,1.0,1,1,1,1,1,1.0
OLD80_CONTAMINATED,Q062,prose,A,hybrid,0.6,1,1.0,1.0,1,1,1,1,1,1.0
OLD80_CONTAMINATED,Q062,prose,A,hybrid,0.7,1,1.0,1.0,1,1,1,1,1,1.0
OLD80_CONTAMINATED,Q062,prose,A,hybrid,0.8,1,1.0,1.0,1,1,1,1,1,1.0
OLD80_CONTAMINATED,Q062,prose,A,dense,0.4,1,1.0,1.0,1,1,1,1,1,1.0
OLD80_CONTAMINATED,Q062,prose,A,dense,0.5,1,1.0,1.0,1,1,1,1,1,1.0
OLD80_CONTAMINATED,Q062,prose,A,dense,0.6,1,1.0,1.0,1,1,1,1,1,1.0
OLD80_CONTAMINATED,Q062,prose,A,dense,0.7,1,1.0,1.0,1,1,1,1,1,1.0
OLD80_CONTAMINATED,Q062,prose,A,dense,0.8,1,1.0,1.0,1,1,1,1,1,1.0
OLD80_CONTAMINATED,Q062,prose,A,sparse,0.4,1,1.0,1.0,1,1,1,1,1,1.0
OLD80_CONTAMINATED,Q062,prose,A,sparse,0.5,1,1.0,1.0,1,1,1,1,1,1.0
OLD80_CONTAMINATED,Q062,prose,A,sparse,0.6,1,1.0,1.0,1,1,1,1,1,1.0
OLD80_CONTAMINATED,Q062,prose,A,sparse,0.7,1,1.0,1.0,1,1,1,1,1,1.0
OLD80_CONTAMINATED,Q062,prose,A,sparse,0.8,1,1.0,1.0,1,1,1,1,1,1.0
OLD80_CONTAMINATED,Q062,prose,B,hybrid,0.4,1,1.0,1.0,1,1,1,1,1,0.7987220447284346
OLD80_CONTAMINATED,Q062,prose,B,hybrid,0.5,1,1.0,1.0,1,1,1,1,1,0.7987220447284346
OLD80_CONTAMINATED,Q062,prose,B,hybrid,0.6,1,1.0,1.0,1,1,1,1,1,0.7987220447284346
OLD80_CONTAMINATED,Q062,prose,B,hybrid,0.7,1,1.0,1.0,1,1,1,1,1,0.7987220447284346
OLD80_CONTAMINATED,Q062,prose,B,hybrid,0.8,0,0.0,0.0,0,0,0,1,0,0.7987220447284346
OLD80_CONTAMINATED,Q062,prose,B,dense,0.4,1,1.0,1.0,1,1,1,1,1,0.7987220447284346
OLD80_CONTAMINATED,Q062,prose,B,dense,0.5,1,1.0,1.0,1,1,1,1,1,0.7987220447284346
OLD80_CONTAMINATED,Q062,prose,B,dense,0.6,1,1.0,1.0,1,1,1,1,1,0.7987220447284346
OLD80_CONTAMINATED,Q062,prose,B,dense,0.7,1,1.0,1.0,1,1,1,1,1,0.7987220447284346
OLD80_CONTAMINATED,Q062,prose,B,dense,0.8,0,0.0,0.0,0,0,0,1,0,0.7987220447284346
OLD80_CONTAMINATED,Q062,prose,B,sparse,0.4,1,1.0,1.0,1,1,1,1,1,0.7987220447284346
OLD80_CONTAMINATED,Q062,prose,B,sparse,0.5,1,1.0,1.0,1,1,1,1,1,0.7987220447284346
OLD80_CONTAMINATED,Q062,prose,B,sparse,0.6,1,1.0,1.0,1,1,1,1,1,0.7987220447284346
OLD80_CONTAMINATED,Q062,prose,B,sparse,0.7,1,1.0,1.0,1,1,1,1,1,0.7987220447284346
OLD80_CONTAMINATED,Q062,prose,B,sparse,0.8,0,0.0,0.0,0,0,0,1,0,0.7987220447284346
OLD80_CONTAMINATED,Q063,prose,A,hybrid,0.4,1,1.0,1.0,1,1,1,1,1,1.0
OLD80_CONTAMINATED,Q063,prose,A,hybrid,0.5,1,1.0,1.0,1,1,1,1,1,1.0
OLD80_CONTAMINATED,Q063,prose,A,hybrid,0.6,1,1.0,1.0,1,1,1,1,1,1.0
OLD80_CONTAMINATED,Q063,prose,A,hybrid,0.7,1,1.0,1.0,1,1,1,1,1,1.0
OLD80_CONTAMINATED,Q063,prose,A,hybrid,0.8,1,1.0,1.0,1,1,1,1,1,1.0
OLD80_CONTAMINATED,Q063,prose,A,dense,0.4,1,1.0,1.0,1,1,1,1,1,1.0
OLD80_CONTAMINATED,Q063,prose,A,dense,0.5,1,1.0,1.0,1,1,1,1,1,1.0
OLD80_CONTAMINATED,Q063,prose,A,dense,0.6,1,1.0,1.0,1,1,1,1,1,1.0
OLD80_CONTAMINATED,Q063,prose,A,dense,0.7,1,1.0,1.0,1,1,1,1,1,1.0
OLD80_CONTAMINATED,Q063,prose,A,dense,0.8,1,1.0,1.0,1,1,1,1,1,1.0
OLD80_CONTAMINATED,Q063,prose,A,sparse,0.4,1,1.0,1.0,1,1,1,1,1,1.0
OLD80_CONTAMINATED,Q063,prose,A,sparse,0.5,1,1.0,1.0,1,1,1,1,1,1.0
OLD80_CONTAMINATED,Q063,prose,A,sparse,0.6,1,1.0,1.0,1,1,1,1,1,1.0
OLD80_CONTAMINATED,Q063,prose,A,sparse,0.7,1,1.0,1.0,1,1,1,1,1,1.0
OLD80_CONTAMINATED,Q063,prose,A,sparse,0.8,1,1.0,1.0,1,1,1,1,1,1.0
OLD80_CONTAMINATED,Q063,prose,B,hybrid,0.4,1,1.0,1.0,1,1,1,1,1,0.916267942583732
OLD80_CONTAMINATED,Q063,prose,B,hybrid,0.5,1,1.0,1.0,1,1,1,1,1,0.916267942583732
OLD80_CONTAMINATED,Q063,prose,B,hybrid,0.6,1,1.0,1.0,1,1,1,1,1,0.916267942583732
OLD80_CONTAMINATED,Q063,prose,B,hybrid,0.7,1,1.0,1.0,1,1,1,1,1,0.916267942583732
OLD80_CONTAMINATED,Q063,prose,B,hybrid,0.8,1,1.0,1.0,1,1,1,1,1,0.916267942583732
OLD80_CONTAMINATED,Q063,prose,B,dense,0.4,1,1.0,1.0,1,1,1,1,1,0.916267942583732
OLD80_CONTAMINATED,Q063,prose,B,dense,0.5,1,1.0,1.0,1,1,1,1,1,0.916267942583732
OLD80_CONTAMINATED,Q063,prose,B,dense,0.6,1,1.0,1.0,1,1,1,1,1,0.916267942583732
OLD80_CONTAMINATED,Q063,prose,B,dense,0.7,1,1.0,1.0,1,1,1,1,1,0.916267942583732
OLD80_CONTAMINATED,Q063,prose,B,dense,0.8,1,1.0,1.0,1,1,1,1,1,0.916267942583732
OLD80_CONTAMINATED,Q063,prose,B,sparse,0.4,1,1.0,1.0,1,1,1,1,1,0.916267942583732
OLD80_CONTAMINATED,Q063,prose,B,sparse,0.5,1,1.0,1.0,1,1,1,1,1,0.916267942583732
OLD80_CONTAMINATED,Q063,prose,B,sparse,0.6,1,1.0,1.0,1,1,1,1,1,0.916267942583732
OLD80_CONTAMINATED,Q063,prose,B,sparse,0.7,1,1.0,1.0,1,1,1,1,1,0.916267942583732
OLD80_CONTAMINATED,Q063,prose,B,sparse,0.8,1,1.0,1.0,1,1,1,1,1,0.916267942583732
OLD80_CONTAMINATED,Q064,prose,A,hybrid,0.4,1,1.0,1.0,1,1,1,1,1,1.0
OLD80_CONTAMINATED,Q064,prose,A,hybrid,0.5,1,1.0,1.0,1,1,1,1,1,1.0
OLD80_CONTAMINATED,Q064,prose,A,hybrid,0.6,1,1.0,1.0,1,1,1,1,1,1.0
OLD80_CONTAMINATED,Q064,prose,A,hybrid,0.7,1,1.0,1.0,1,1,1,1,1,1.0
OLD80_CONTAMINATED,Q064,prose,A,hybrid,0.8,1,1.0,1.0,1,1,1,1,1,1.0
OLD80_CONTAMINATED,Q064,prose,A,dense,0.4,1,1.0,1.0,1,1,1,1,1,1.0
OLD80_CONTAMINATED,Q064,prose,A,dense,0.5,1,1.0,1.0,1,1,1,1,1,1.0
OLD80_CONTAMINATED,Q064,prose,A,dense,0.6,1,1.0,1.0,1,1,1,1,1,1.0
OLD80_CONTAMINATED,Q064,prose,A,dense,0.7,1,1.0,1.0,1,1,1,1,1,1.0
OLD80_CONTAMINATED,Q064,prose,A,dense,0.8,1,1.0,1.0,1,1,1,1,1,1.0
OLD80_CONTAMINATED,Q064,prose,A,sparse,0.4,1,1.0,1.0,1,1,1,1,1,1.0
OLD80_CONTAMINATED,Q064,prose,A,sparse,0.5,1,1.0,1.0,1,1,1,1,1,1.0
OLD80_CONTAMINATED,Q064,prose,A,sparse,0.6,1,1.0,1.0,1,1,1,1,1,1.0
OLD80_CONTAMINATED,Q064,prose,A,sparse,0.7,1,1.0,1.0,1,1,1,1,1,1.0
OLD80_CONTAMINATED,Q064,prose,A,sparse,0.8,1,1.0,1.0,1,1,1,1,1,1.0
OLD80_CONTAMINATED,Q064,prose,B,hybrid,0.4,1,1.0,0.9197207891481876,2,1,1,1,1,0.6161369193154034
OLD80_CONTAMINATED,Q064,prose,B,hybrid,0.5,1,1.0,1.0,1,1,1,1,1,0.6161369193154034
OLD80_CONTAMINATED,Q064,prose,B,hybrid,0.6,1,1.0,1.0,1,1,1,1,1,0.6161369193154034
OLD80_CONTAMINATED,Q064,prose,B,hybrid,0.7,0,0.0,0.0,0,0,1,1,0,0.6161369193154034
OLD80_CONTAMINATED,Q064,prose,B,hybrid,0.8,0,0.0,0.0,0,0,1,1,0,0.6161369193154034
OLD80_CONTAMINATED,Q064,prose,B,dense,0.4,1,1.0,0.6131471927654584,2,1,1,1,1,0.6161369193154034
OLD80_CONTAMINATED,Q064,prose,B,dense,0.5,1,1.0,1.0,1,1,1,1,1,0.6161369193154034
OLD80_CONTAMINATED,Q064,prose,B,dense,0.6,1,1.0,1.0,1,1,1,1,1,0.6161369193154034
OLD80_CONTAMINATED,Q064,prose,B,dense,0.7,0,0.0,0.0,0,0,0,1,0,0.6161369193154034
OLD80_CONTAMINATED,Q064,prose,B,dense,0.8,0,0.0,0.0,0,0,0,1,0,0.6161369193154034
OLD80_CONTAMINATED,Q064,prose,B,sparse,0.4,1,1.0,0.9197207891481876,2,1,1,1,1,0.6161369193154034
OLD80_CONTAMINATED,Q064,prose,B,sparse,0.5,1,1.0,1.0,1,1,1,1,1,0.6161369193154034
OLD80_CONTAMINATED,Q064,prose,B,sparse,0.6,1,1.0,1.0,1,1,1,1,1,0.6161369193154034
OLD80_CONTAMINATED,Q064,prose,B,sparse,0.7,0,0.0,0.0,0,0,1,1,0,0.6161369193154034
OLD80_CONTAMINATED,Q064,prose,B,sparse,0.8,0,0.0,0.0,0,0,1,1,0,0.6161369193154034
OLD80_CONTAMINATED,Q065,prose,A,hybrid,0.4,1,1.0,1.0,1,1,1,1,1,1.0
OLD80_CONTAMINATED,Q065,prose,A,hybrid,0.5,1,1.0,1.0,1,1,1,1,1,1.0
OLD80_CONTAMINATED,Q065,prose,A,hybrid,0.6,1,1.0,1.0,1,1,1,1,1,1.0
OLD80_CONTAMINATED,Q065,prose,A,hybrid,0.7,1,1.0,1.0,1,1,1,1,1,1.0
OLD80_CONTAMINATED,Q065,prose,A,hybrid,0.8,1,1.0,1.0,1,1,1,1,1,1.0
OLD80_CONTAMINATED,Q065,prose,A,dense,0.4,1,1.0,1.0,1,1,1,1,1,1.0
OLD80_CONTAMINATED,Q065,prose,A,dense,0.5,1,1.0,1.0,1,1,1,1,1,1.0
OLD80_CONTAMINATED,Q065,prose,A,dense,0.6,1,1.0,1.0,1,1,1,1,1,1.0
OLD80_CONTAMINATED,Q065,prose,A,dense,0.7,1,1.0,1.0,1,1,1,1,1,1.0
OLD80_CONTAMINATED,Q065,prose,A,dense,0.8,1,1.0,1.0,1,1,1,1,1,1.0
OLD80_CONTAMINATED,Q065,prose,A,sparse,0.4,1,1.0,1.0,1,1,1,1,1,1.0
OLD80_CONTAMINATED,Q065,prose,A,sparse,0.5,1,1.0,1.0,1,1,1,1,1,1.0
OLD80_CONTAMINATED,Q065,prose,A,sparse,0.6,1,1.0,1.0,1,1,1,1,1,1.0
OLD80_CONTAMINATED,Q065,prose,A,sparse,0.7,1,1.0,1.0,1,1,1,1,1,1.0
OLD80_CONTAMINATED,Q065,prose,A,sparse,0.8,1,1.0,1.0,1,1,1,1,1,1.0
OLD80_CONTAMINATED,Q065,prose,B,hybrid,0.4,1,1.0,0.8772153153380493,2,1,1,1,1,0.7215496368038741
OLD80_CONTAMINATED,Q065,prose,B,hybrid,0.5,1,1.0,1.0,1,1,1,1,1,0.7215496368038741
OLD80_CONTAMINATED,Q065,prose,B,hybrid,0.6,1,1.0,1.0,1,1,1,1,1,0.7215496368038741
OLD80_CONTAMINATED,Q065,prose,B,hybrid,0.7,1,1.0,1.0,1,1,1,1,1,0.7215496368038741
OLD80_CONTAMINATED,Q065,prose,B,hybrid,0.8,0,0.0,0.0,0,0,1,1,0,0.7215496368038741
OLD80_CONTAMINATED,Q065,prose,B,dense,0.4,1,1.0,0.8772153153380493,2,1,1,1,1,0.7215496368038741
OLD80_CONTAMINATED,Q065,prose,B,dense,0.5,1,1.0,1.0,1,1,1,1,1,0.7215496368038741
OLD80_CONTAMINATED,Q065,prose,B,dense,0.6,1,1.0,1.0,1,1,1,1,1,0.7215496368038741
OLD80_CONTAMINATED,Q065,prose,B,dense,0.7,1,1.0,1.0,1,1,1,1,1,0.7215496368038741
OLD80_CONTAMINATED,Q065,prose,B,dense,0.8,0,0.0,0.0,0,0,1,1,0,0.7215496368038741
OLD80_CONTAMINATED,Q065,prose,B,sparse,0.4,1,1.0,0.8772153153380493,2,1,1,1,1,0.7215496368038741
OLD80_CONTAMINATED,Q065,prose,B,sparse,0.5,1,1.0,1.0,1,1,1,1,1,0.7215496368038741
OLD80_CONTAMINATED,Q065,prose,B,sparse,0.6,1,1.0,1.0,1,1,1,1,1,0.7215496368038741
OLD80_CONTAMINATED,Q065,prose,B,sparse,0.7,1,1.0,1.0,1,1,1,1,1,0.7215496368038741
OLD80_CONTAMINATED,Q065,prose,B,sparse,0.8,0,0.0,0.0,0,0,1,1,0,0.7215496368038741
OLD80_CONTAMINATED,Q066,prose,A,hybrid,0.4,0,0.0,0.0,1,1,0,1,0,0.14447592067988668
OLD80_CONTAMINATED,Q066,prose,A,hybrid,0.5,0,0.0,0.0,1,1,0,1,0,0.14447592067988668
OLD80_CONTAMINATED,Q066,prose,A,hybrid,0.6,0,0.0,0.0,1,1,0,1,0,0.14447592067988668
OLD80_CONTAMINATED,Q066,prose,A,hybrid,0.7,0,0.0,0.0,1,1,0,1,0,0.14447592067988668
OLD80_CONTAMINATED,Q066,prose,A,hybrid,0.8,0,0.0,0.0,1,1,0,1,0,0.14447592067988668
OLD80_CONTAMINATED,Q066,prose,A,dense,0.4,0,0.0,0.0,1,1,0,1,0,0.14447592067988668
OLD80_CONTAMINATED,Q066,prose,A,dense,0.5,0,0.0,0.0,1,1,0,1,0,0.14447592067988668
OLD80_CONTAMINATED,Q066,prose,A,dense,0.6,0,0.0,0.0,1,1,0,1,0,0.14447592067988668
OLD80_CONTAMINATED,Q066,prose,A,dense,0.7,0,0.0,0.0,1,1,0,1,0,0.14447592067988668
OLD80_CONTAMINATED,Q066,prose,A,dense,0.8,0,0.0,0.0,1,1,0,1,0,0.14447592067988668
OLD80_CONTAMINATED,Q066,prose,A,sparse,0.4,0,0.0,0.0,1,1,0,1,0,0.14447592067988668
OLD80_CONTAMINATED,Q066,prose,A,sparse,0.5,0,0.0,0.0,1,1,0,1,0,0.14447592067988668
OLD80_CONTAMINATED,Q066,prose,A,sparse,0.6,0,0.0,0.0,1,1,0,1,0,0.14447592067988668
OLD80_CONTAMINATED,Q066,prose,A,sparse,0.7,0,0.0,0.0,1,1,0,1,0,0.14447592067988668
OLD80_CONTAMINATED,Q066,prose,A,sparse,0.8,0,0.0,0.0,1,1,0,1,0,0.14447592067988668
OLD80_CONTAMINATED,Q066,prose,B,hybrid,0.4,1,1.0,0.6131471927654584,2,1,1,1,1,0.7053824362606232
OLD80_CONTAMINATED,Q066,prose,B,hybrid,0.5,1,1.0,1.0,1,1,1,1,1,0.7053824362606232
OLD80_CONTAMINATED,Q066,prose,B,hybrid,0.6,1,1.0,1.0,1,1,1,1,1,0.7053824362606232
OLD80_CONTAMINATED,Q066,prose,B,hybrid,0.7,1,1.0,1.0,1,1,1,1,1,0.7053824362606232
OLD80_CONTAMINATED,Q066,prose,B,hybrid,0.8,0,0.0,0.0,0,0,0,1,0,0.7053824362606232
OLD80_CONTAMINATED,Q066,prose,B,dense,0.4,1,1.0,0.6131471927654584,2,1,1,1,1,0.7053824362606232
OLD80_CONTAMINATED,Q066,prose,B,dense,0.5,1,1.0,1.0,1,1,1,1,1,0.7053824362606232
OLD80_CONTAMINATED,Q066,prose,B,dense,0.6,1,1.0,1.0,1,1,1,1,1,0.7053824362606232
OLD80_CONTAMINATED,Q066,prose,B,dense,0.7,1,1.0,1.0,1,1,1,1,1,0.7053824362606232
OLD80_CONTAMINATED,Q066,prose,B,dense,0.8,0,0.0,0.0,0,0,0,1,0,0.7053824362606232
OLD80_CONTAMINATED,Q066,prose,B,sparse,0.4,1,1.0,0.6131471927654584,2,1,1,1,1,0.7053824362606232
OLD80_CONTAMINATED,Q066,prose,B,sparse,0.5,1,1.0,1.0,1,1,1,1,1,0.7053824362606232
OLD80_CONTAMINATED,Q066,prose,B,sparse,0.6,1,1.0,1.0,1,1,1,1,1,0.7053824362606232
OLD80_CONTAMINATED,Q066,prose,B,sparse,0.7,1,1.0,1.0,1,1,1,1,1,0.7053824362606232
OLD80_CONTAMINATED,Q066,prose,B,sparse,0.8,0,0.0,0.0,0,0,0,1,0,0.7053824362606232
OLD80_CONTAMINATED,Q067,prose,A,hybrid,0.4,1,0.5,0.6797310500037655,3,1,1,1,2,1.0
OLD80_CONTAMINATED,Q067,prose,A,hybrid,0.5,1,0.25,0.43067655807339306,1,1,1,1,4,1.0
OLD80_CONTAMINATED,Q067,prose,A,hybrid,0.6,1,0.25,0.43067655807339306,1,1,1,1,4,1.0
OLD80_CONTAMINATED,Q067,prose,A,hybrid,0.7,1,0.25,0.43067655807339306,1,1,1,1,4,1.0
OLD80_CONTAMINATED,Q067,prose,A,hybrid,0.8,1,0.25,0.43067655807339306,1,1,1,1,4,1.0
OLD80_CONTAMINATED,Q067,prose,A,dense,0.4,1,0.5,0.5307212739772434,3,1,1,1,2,0.4103896103896104
OLD80_CONTAMINATED,Q067,prose,A,dense,0.5,0,0.0,0.0,1,1,1,1,0,0.4103896103896104
OLD80_CONTAMINATED,Q067,prose,A,dense,0.6,0,0.0,0.0,1,1,1,1,0,0.4103896103896104
OLD80_CONTAMINATED,Q067,prose,A,dense,0.7,0,0.0,0.0,1,1,1,1,0,0.4103896103896104
OLD80_CONTAMINATED,Q067,prose,A,dense,0.8,0,0.0,0.0,1,1,1,1,0,0.4103896103896104
OLD80_CONTAMINATED,Q067,prose,A,sparse,0.4,1,0.3333333333333333,0.4367467095119258,3,1,1,1,3,1.0
OLD80_CONTAMINATED,Q067,prose,A,sparse,0.5,1,0.3333333333333333,0.5,1,1,1,1,3,1.0
OLD80_CONTAMINATED,Q067,prose,A,sparse,0.6,1,0.3333333333333333,0.5,1,1,1,1,3,1.0
OLD80_CONTAMINATED,Q067,prose,A,sparse,0.7,1,0.3333333333333333,0.5,1,1,1,1,3,1.0
OLD80_CONTAMINATED,Q067,prose,A,sparse,0.8,1,0.3333333333333333,0.5,1,1,1,1,3,1.0
OLD80_CONTAMINATED,Q067,prose,B,hybrid,0.4,1,1.0,0.8529278650606567,3,1,1,1,1,0.7922077922077922
OLD80_CONTAMINATED,Q067,prose,B,hybrid,0.5,1,1.0,1.0,1,1,1,1,1,0.7922077922077922
OLD80_CONTAMINATED,Q067,prose,B,hybrid,0.6,1,1.0,1.0,1,1,1,1,1,0.7922077922077922
OLD80_CONTAMINATED,Q067,prose,B,hybrid,0.7,1,1.0,1.0,1,1,1,1,1,0.7922077922077922
OLD80_CONTAMINATED,Q067,prose,B,hybrid,0.8,0,0.0,0.0,0,0,1,1,0,0.7922077922077922
OLD80_CONTAMINATED,Q067,prose,B,dense,0.4,1,1.0,0.9060254355346823,3,1,1,1,1,0.7922077922077922
OLD80_CONTAMINATED,Q067,prose,B,dense,0.5,1,1.0,1.0,1,1,1,1,1,0.7922077922077922
OLD80_CONTAMINATED,Q067,prose,B,dense,0.6,1,1.0,1.0,1,1,1,1,1,0.7922077922077922
OLD80_CONTAMINATED,Q067,prose,B,dense,0.7,1,1.0,1.0,1,1,1,1,1,0.7922077922077922
OLD80_CONTAMINATED,Q067,prose,B,dense,0.8,0,0.0,0.0,0,0,1,1,0,0.7922077922077922
OLD80_CONTAMINATED,Q067,prose,B,sparse,0.4,1,1.0,0.8529278650606567,3,1,1,1,1,0.7922077922077922
OLD80_CONTAMINATED,Q067,prose,B,sparse,0.5,1,1.0,1.0,1,1,1,1,1,0.7922077922077922
OLD80_CONTAMINATED,Q067,prose,B,sparse,0.6,1,1.0,1.0,1,1,1,1,1,0.7922077922077922
OLD80_CONTAMINATED,Q067,prose,B,sparse,0.7,1,1.0,1.0,1,1,1,1,1,0.7922077922077922
OLD80_CONTAMINATED,Q067,prose,B,sparse,0.8,0,0.0,0.0,0,0,1,1,0,0.7922077922077922
OLD80_CONTAMINATED,Q068,prose,A,hybrid,0.4,1,1.0,1.0,1,1,1,1,1,1.0
OLD80_CONTAMINATED,Q068,prose,A,hybrid,0.5,1,1.0,1.0,1,1,1,1,1,1.0
OLD80_CONTAMINATED,Q068,prose,A,hybrid,0.6,1,1.0,1.0,1,1,1,1,1,1.0
OLD80_CONTAMINATED,Q068,prose,A,hybrid,0.7,1,1.0,1.0,1,1,1,1,1,1.0
OLD80_CONTAMINATED,Q068,prose,A,hybrid,0.8,1,1.0,1.0,1,1,1,1,1,1.0
OLD80_CONTAMINATED,Q068,prose,A,dense,0.4,1,1.0,1.0,1,1,1,1,1,1.0
OLD80_CONTAMINATED,Q068,prose,A,dense,0.5,1,1.0,1.0,1,1,1,1,1,1.0
OLD80_CONTAMINATED,Q068,prose,A,dense,0.6,1,1.0,1.0,1,1,1,1,1,1.0
OLD80_CONTAMINATED,Q068,prose,A,dense,0.7,1,1.0,1.0,1,1,1,1,1,1.0
OLD80_CONTAMINATED,Q068,prose,A,dense,0.8,1,1.0,1.0,1,1,1,1,1,1.0
OLD80_CONTAMINATED,Q068,prose,A,sparse,0.4,1,1.0,1.0,1,1,1,1,1,1.0
OLD80_CONTAMINATED,Q068,prose,A,sparse,0.5,1,1.0,1.0,1,1,1,1,1,1.0
OLD80_CONTAMINATED,Q068,prose,A,sparse,0.6,1,1.0,1.0,1,1,1,1,1,1.0
OLD80_CONTAMINATED,Q068,prose,A,sparse,0.7,1,1.0,1.0,1,1,1,1,1,1.0
OLD80_CONTAMINATED,Q068,prose,A,sparse,0.8,1,1.0,1.0,1,1,1,1,1,1.0
OLD80_CONTAMINATED,Q068,prose,B,hybrid,0.4,1,1.0,1.0,2,1,1,1,1,0.6508728179551122
OLD80_CONTAMINATED,Q068,prose,B,hybrid,0.5,1,1.0,1.0,2,1,1,1,1,0.6508728179551122
OLD80_CONTAMINATED,Q068,prose,B,hybrid,0.6,1,0.5,0.6309297535714575,1,1,1,1,2,0.6508728179551122
OLD80_CONTAMINATED,Q068,prose,B,hybrid,0.7,0,0.0,0.0,0,0,1,1,0,0.6508728179551122
OLD80_CONTAMINATED,Q068,prose,B,hybrid,0.8,0,0.0,0.0,0,0,1,1,0,0.6508728179551122
OLD80_CONTAMINATED,Q068,prose,B,dense,0.4,1,1.0,1.0,2,1,1,1,1,0.6508728179551122
OLD80_CONTAMINATED,Q068,prose,B,dense,0.5,1,1.0,1.0,2,1,1,1,1,0.6508728179551122
OLD80_CONTAMINATED,Q068,prose,B,dense,0.6,1,0.5,0.6309297535714575,1,1,1,1,2,0.6508728179551122
OLD80_CONTAMINATED,Q068,prose,B,dense,0.7,0,0.0,0.0,0,0,1,1,0,0.6508728179551122
OLD80_CONTAMINATED,Q068,prose,B,dense,0.8,0,0.0,0.0,0,0,1,1,0,0.6508728179551122
OLD80_CONTAMINATED,Q068,prose,B,sparse,0.4,1,1.0,1.0,2,1,1,1,1,0.6508728179551122
OLD80_CONTAMINATED,Q068,prose,B,sparse,0.5,1,1.0,1.0,2,1,1,1,1,0.6508728179551122
OLD80_CONTAMINATED,Q068,prose,B,sparse,0.6,1,0.5,0.6309297535714575,1,1,1,1,2,0.6508728179551122
OLD80_CONTAMINATED,Q068,prose,B,sparse,0.7,0,0.0,0.0,0,0,1,1,0,0.6508728179551122
OLD80_CONTAMINATED,Q068,prose,B,sparse,0.8,0,0.0,0.0,0,0,1,1,0,0.6508728179551122
OLD80_CONTAMINATED,Q069,prose,A,hybrid,0.4,1,1.0,0.3903800499921017,4,1,1,1,1,1.0
OLD80_CONTAMINATED,Q069,prose,A,hybrid,0.5,1,1.0,1.0,1,1,1,1,1,1.0
OLD80_CONTAMINATED,Q069,prose,A,hybrid,0.6,1,1.0,1.0,1,1,1,1,1,1.0
OLD80_CONTAMINATED,Q069,prose,A,hybrid,0.7,1,1.0,1.0,1,1,1,1,1,1.0
OLD80_CONTAMINATED,Q069,prose,A,hybrid,0.8,1,1.0,1.0,1,1,1,1,1,1.0
OLD80_CONTAMINATED,Q069,prose,A,dense,0.4,0,0.0,0.0,4,1,0,1,0,0.11053984575835475
OLD80_CONTAMINATED,Q069,prose,A,dense,0.5,0,0.0,0.0,1,1,0,1,0,0.11053984575835475
OLD80_CONTAMINATED,Q069,prose,A,dense,0.6,0,0.0,0.0,1,1,0,1,0,0.11053984575835475
OLD80_CONTAMINATED,Q069,prose,A,dense,0.7,0,0.0,0.0,1,1,0,1,0,0.11053984575835475
OLD80_CONTAMINATED,Q069,prose,A,dense,0.8,0,0.0,0.0,1,1,0,1,0,0.11053984575835475
OLD80_CONTAMINATED,Q069,prose,A,sparse,0.4,1,1.0,0.3903800499921017,4,1,1,1,1,1.0
OLD80_CONTAMINATED,Q069,prose,A,sparse,0.5,1,1.0,1.0,1,1,1,1,1,1.0
OLD80_CONTAMINATED,Q069,prose,A,sparse,0.6,1,1.0,1.0,1,1,1,1,1,1.0
OLD80_CONTAMINATED,Q069,prose,A,sparse,0.7,1,1.0,1.0,1,1,1,1,1,1.0
OLD80_CONTAMINATED,Q069,prose,A,sparse,0.8,1,1.0,1.0,1,1,1,1,1,1.0
OLD80_CONTAMINATED,Q069,prose,B,hybrid,0.4,1,0.5,0.24630238874073,4,1,1,1,2,0.9125964010282777
OLD80_CONTAMINATED,Q069,prose,B,hybrid,0.5,1,0.5,0.6309297535714575,1,1,1,1,2,0.9125964010282777
OLD80_CONTAMINATED,Q069,prose,B,hybrid,0.6,1,0.5,0.6309297535714575,1,1,1,1,2,0.9125964010282777
OLD80_CONTAMINATED,Q069,prose,B,hybrid,0.7,1,0.5,0.6309297535714575,1,1,1,1,2,0.9125964010282777
OLD80_CONTAMINATED,Q069,prose,B,hybrid,0.8,1,0.5,0.6309297535714575,1,1,1,1,2,0.9125964010282777
OLD80_CONTAMINATED,Q069,prose,B,dense,0.4,0,0.0,0.0,4,1,0,0,0,0.07712082262210797
OLD80_CONTAMINATED,Q069,prose,B,dense,0.5,0,0.0,0.0,1,1,0,0,0,0.07712082262210797
OLD80_CONTAMINATED,Q069,prose,B,dense,0.6,0,0.0,0.0,1,1,0,0,0,0.07712082262210797
OLD80_CONTAMINATED,Q069,prose,B,dense,0.7,0,0.0,0.0,1,1,0,0,0,0.07712082262210797
OLD80_CONTAMINATED,Q069,prose,B,dense,0.8,0,0.0,0.0,1,1,0,0,0,0.07712082262210797
OLD80_CONTAMINATED,Q069,prose,B,sparse,0.4,1,0.5,0.24630238874073,4,1,1,1,2,0.9125964010282777
OLD80_CONTAMINATED,Q069,prose,B,sparse,0.5,1,0.5,0.6309297535714575,1,1,1,1,2,0.9125964010282777
OLD80_CONTAMINATED,Q069,prose,B,sparse,0.6,1,0.5,0.6309297535714575,1,1,1,1,2,0.9125964010282777
OLD80_CONTAMINATED,Q069,prose,B,sparse,0.7,1,0.5,0.6309297535714575,1,1,1,1,2,0.9125964010282777
OLD80_CONTAMINATED,Q069,prose,B,sparse,0.8,1,0.5,0.6309297535714575,1,1,1,1,2,0.9125964010282777
OLD80_CONTAMINATED,Q070,prose,A,hybrid,0.4,1,1.0,1.0,1,1,1,1,1,1.0
OLD80_CONTAMINATED,Q070,prose,A,hybrid,0.5,1,1.0,1.0,1,1,1,1,1,1.0
OLD80_CONTAMINATED,Q070,prose,A,hybrid,0.6,1,1.0,1.0,1,1,1,1,1,1.0
OLD80_CONTAMINATED,Q070,prose,A,hybrid,0.7,1,1.0,1.0,1,1,1,1,1,1.0
OLD80_CONTAMINATED,Q070,prose,A,hybrid,0.8,1,1.0,1.0,1,1,1,1,1,1.0
OLD80_CONTAMINATED,Q070,prose,A,dense,0.4,1,1.0,1.0,1,1,1,1,1,1.0
OLD80_CONTAMINATED,Q070,prose,A,dense,0.5,1,1.0,1.0,1,1,1,1,1,1.0
OLD80_CONTAMINATED,Q070,prose,A,dense,0.6,1,1.0,1.0,1,1,1,1,1,1.0
OLD80_CONTAMINATED,Q070,prose,A,dense,0.7,1,1.0,1.0,1,1,1,1,1,1.0
OLD80_CONTAMINATED,Q070,prose,A,dense,0.8,1,1.0,1.0,1,1,1,1,1,1.0
OLD80_CONTAMINATED,Q070,prose,A,sparse,0.4,1,1.0,1.0,1,1,1,1,1,1.0
OLD80_CONTAMINATED,Q070,prose,A,sparse,0.5,1,1.0,1.0,1,1,1,1,1,1.0
OLD80_CONTAMINATED,Q070,prose,A,sparse,0.6,1,1.0,1.0,1,1,1,1,1,1.0
OLD80_CONTAMINATED,Q070,prose,A,sparse,0.7,1,1.0,1.0,1,1,1,1,1,1.0
OLD80_CONTAMINATED,Q070,prose,A,sparse,0.8,1,1.0,1.0,1,1,1,1,1,1.0
OLD80_CONTAMINATED,Q070,prose,B,hybrid,0.4,1,1.0,1.0,1,1,1,1,1,0.8722891566265061
OLD80_CONTAMINATED,Q070,prose,B,hybrid,0.5,1,1.0,1.0,1,1,1,1,1,0.8722891566265061
OLD80_CONTAMINATED,Q070,prose,B,hybrid,0.6,1,1.0,1.0,1,1,1,1,1,0.8722891566265061
OLD80_CONTAMINATED,Q070,prose,B,hybrid,0.7,1,1.0,1.0,1,1,1,1,1,0.8722891566265061
OLD80_CONTAMINATED,Q070,prose,B,hybrid,0.8,1,1.0,1.0,1,1,1,1,1,0.8722891566265061
OLD80_CONTAMINATED,Q070,prose,B,dense,0.4,1,1.0,1.0,1,1,1,1,1,0.8722891566265061
OLD80_CONTAMINATED,Q070,prose,B,dense,0.5,1,1.0,1.0,1,1,1,1,1,0.8722891566265061
OLD80_CONTAMINATED,Q070,prose,B,dense,0.6,1,1.0,1.0,1,1,1,1,1,0.8722891566265061
OLD80_CONTAMINATED,Q070,prose,B,dense,0.7,1,1.0,1.0,1,1,1,1,1,0.8722891566265061
OLD80_CONTAMINATED,Q070,prose,B,dense,0.8,1,1.0,1.0,1,1,1,1,1,0.8722891566265061
OLD80_CONTAMINATED,Q070,prose,B,sparse,0.4,1,1.0,1.0,1,1,1,1,1,0.8722891566265061
OLD80_CONTAMINATED,Q070,prose,B,sparse,0.5,1,1.0,1.0,1,1,1,1,1,0.8722891566265061
OLD80_CONTAMINATED,Q070,prose,B,sparse,0.6,1,1.0,1.0,1,1,1,1,1,0.8722891566265061
OLD80_CONTAMINATED,Q070,prose,B,sparse,0.7,1,1.0,1.0,1,1,1,1,1,0.8722891566265061
OLD80_CONTAMINATED,Q070,prose,B,sparse,0.8,1,1.0,1.0,1,1,1,1,1,0.8722891566265061
OLD80_CONTAMINATED,Q071,prose,A,hybrid,0.4,1,1.0,1.0,1,1,1,1,1,1.0
OLD80_CONTAMINATED,Q071,prose,A,hybrid,0.5,1,1.0,1.0,1,1,1,1,1,1.0
OLD80_CONTAMINATED,Q071,prose,A,hybrid,0.6,1,1.0,1.0,1,1,1,1,1,1.0
OLD80_CONTAMINATED,Q071,prose,A,hybrid,0.7,1,1.0,1.0,1,1,1,1,1,1.0
OLD80_CONTAMINATED,Q071,prose,A,hybrid,0.8,1,1.0,1.0,1,1,1,1,1,1.0
OLD80_CONTAMINATED,Q071,prose,A,dense,0.4,1,1.0,1.0,1,1,1,1,1,1.0
OLD80_CONTAMINATED,Q071,prose,A,dense,0.5,1,1.0,1.0,1,1,1,1,1,1.0
OLD80_CONTAMINATED,Q071,prose,A,dense,0.6,1,1.0,1.0,1,1,1,1,1,1.0
OLD80_CONTAMINATED,Q071,prose,A,dense,0.7,1,1.0,1.0,1,1,1,1,1,1.0
OLD80_CONTAMINATED,Q071,prose,A,dense,0.8,1,1.0,1.0,1,1,1,1,1,1.0
OLD80_CONTAMINATED,Q071,prose,A,sparse,0.4,1,1.0,1.0,1,1,1,1,1,1.0
OLD80_CONTAMINATED,Q071,prose,A,sparse,0.5,1,1.0,1.0,1,1,1,1,1,1.0
OLD80_CONTAMINATED,Q071,prose,A,sparse,0.6,1,1.0,1.0,1,1,1,1,1,1.0
OLD80_CONTAMINATED,Q071,prose,A,sparse,0.7,1,1.0,1.0,1,1,1,1,1,1.0
OLD80_CONTAMINATED,Q071,prose,A,sparse,0.8,1,1.0,1.0,1,1,1,1,1,1.0
OLD80_CONTAMINATED,Q071,prose,B,hybrid,0.4,1,1.0,1.0,1,1,1,1,1,0.975
OLD80_CONTAMINATED,Q071,prose,B,hybrid,0.5,1,1.0,1.0,1,1,1,1,1,0.975
OLD80_CONTAMINATED,Q071,prose,B,hybrid,0.6,1,1.0,1.0,1,1,1,1,1,0.975
OLD80_CONTAMINATED,Q071,prose,B,hybrid,0.7,1,1.0,1.0,1,1,1,1,1,0.975
OLD80_CONTAMINATED,Q071,prose,B,hybrid,0.8,1,1.0,1.0,1,1,1,1,1,0.975
OLD80_CONTAMINATED,Q071,prose,B,dense,0.4,1,1.0,1.0,1,1,1,1,1,0.975
OLD80_CONTAMINATED,Q071,prose,B,dense,0.5,1,1.0,1.0,1,1,1,1,1,0.975
OLD80_CONTAMINATED,Q071,prose,B,dense,0.6,1,1.0,1.0,1,1,1,1,1,0.975
OLD80_CONTAMINATED,Q071,prose,B,dense,0.7,1,1.0,1.0,1,1,1,1,1,0.975
OLD80_CONTAMINATED,Q071,prose,B,dense,0.8,1,1.0,1.0,1,1,1,1,1,0.975
OLD80_CONTAMINATED,Q071,prose,B,sparse,0.4,1,1.0,1.0,1,1,1,1,1,0.975
OLD80_CONTAMINATED,Q071,prose,B,sparse,0.5,1,1.0,1.0,1,1,1,1,1,0.975
OLD80_CONTAMINATED,Q071,prose,B,sparse,0.6,1,1.0,1.0,1,1,1,1,1,0.975
OLD80_CONTAMINATED,Q071,prose,B,sparse,0.7,1,1.0,1.0,1,1,1,1,1,0.975
OLD80_CONTAMINATED,Q071,prose,B,sparse,0.8,1,1.0,1.0,1,1,1,1,1,0.975
OLD80_CONTAMINATED,Q072,prose,A,hybrid,0.4,1,1.0,1.0,1,1,1,1,1,1.0
OLD80_CONTAMINATED,Q072,prose,A,hybrid,0.5,1,1.0,1.0,1,1,1,1,1,1.0
OLD80_CONTAMINATED,Q072,prose,A,hybrid,0.6,1,1.0,1.0,1,1,1,1,1,1.0
OLD80_CONTAMINATED,Q072,prose,A,hybrid,0.7,1,1.0,1.0,1,1,1,1,1,1.0
OLD80_CONTAMINATED,Q072,prose,A,hybrid,0.8,1,1.0,1.0,1,1,1,1,1,1.0
OLD80_CONTAMINATED,Q072,prose,A,dense,0.4,1,1.0,1.0,1,1,1,1,1,1.0
OLD80_CONTAMINATED,Q072,prose,A,dense,0.5,1,1.0,1.0,1,1,1,1,1,1.0
OLD80_CONTAMINATED,Q072,prose,A,dense,0.6,1,1.0,1.0,1,1,1,1,1,1.0
OLD80_CONTAMINATED,Q072,prose,A,dense,0.7,1,1.0,1.0,1,1,1,1,1,1.0
OLD80_CONTAMINATED,Q072,prose,A,dense,0.8,1,1.0,1.0,1,1,1,1,1,1.0
OLD80_CONTAMINATED,Q072,prose,A,sparse,0.4,1,1.0,1.0,1,1,1,1,1,1.0
OLD80_CONTAMINATED,Q072,prose,A,sparse,0.5,1,1.0,1.0,1,1,1,1,1,1.0
OLD80_CONTAMINATED,Q072,prose,A,sparse,0.6,1,1.0,1.0,1,1,1,1,1,1.0
OLD80_CONTAMINATED,Q072,prose,A,sparse,0.7,1,1.0,1.0,1,1,1,1,1,1.0
OLD80_CONTAMINATED,Q072,prose,A,sparse,0.8,1,1.0,1.0,1,1,1,1,1,1.0
OLD80_CONTAMINATED,Q072,prose,B,hybrid,0.4,1,0.25,0.2640681225725909,2,1,1,1,4,0.6825842696629213
OLD80_CONTAMINATED,Q072,prose,B,hybrid,0.5,1,0.25,0.43067655807339306,1,1,1,1,4,0.6825842696629213
OLD80_CONTAMINATED,Q072,prose,B,hybrid,0.6,1,0.25,0.43067655807339306,1,1,1,1,4,0.6825842696629213
OLD80_CONTAMINATED,Q072,prose,B,hybrid,0.7,0,0.0,0.0,0,0,1,1,0,0.6825842696629213
OLD80_CONTAMINATED,Q072,prose,B,hybrid,0.8,0,0.0,0.0,0,0,0,1,0,0.6825842696629213
OLD80_CONTAMINATED,Q072,prose,B,dense,0.4,1,0.25,0.2640681225725909,2,1,1,1,4,0.6825842696629213
OLD80_CONTAMINATED,Q072,prose,B,dense,0.5,1,0.25,0.43067655807339306,1,1,1,1,4,0.6825842696629213
OLD80_CONTAMINATED,Q072,prose,B,dense,0.6,1,0.25,0.43067655807339306,1,1,1,1,4,0.6825842696629213
OLD80_CONTAMINATED,Q072,prose,B,dense,0.7,0,0.0,0.0,0,0,1,1,0,0.6825842696629213
OLD80_CONTAMINATED,Q072,prose,B,dense,0.8,0,0.0,0.0,0,0,0,1,0,0.6825842696629213
OLD80_CONTAMINATED,Q072,prose,B,sparse,0.4,1,0.25,0.2640681225725909,2,1,1,1,4,0.6825842696629213
OLD80_CONTAMINATED,Q072,prose,B,sparse,0.5,1,0.25,0.43067655807339306,1,1,1,1,4,0.6825842696629213
OLD80_CONTAMINATED,Q072,prose,B,sparse,0.6,1,0.25,0.43067655807339306,1,1,1,1,4,0.6825842696629213
OLD80_CONTAMINATED,Q072,prose,B,sparse,0.7,0,0.0,0.0,0,0,1,1,0,0.6825842696629213
OLD80_CONTAMINATED,Q072,prose,B,sparse,0.8,0,0.0,0.0,0,0,0,1,0,0.6825842696629213
OLD80_CONTAMINATED,Q073,prose,A,hybrid,0.4,0,0.0,0.0,1,1,0,0,0,0.052083333333333336
OLD80_CONTAMINATED,Q073,prose,A,hybrid,0.5,0,0.0,0.0,1,1,0,0,0,0.052083333333333336
OLD80_CONTAMINATED,Q073,prose,A,hybrid,0.6,0,0.0,0.0,1,1,0,0,0,0.052083333333333336
OLD80_CONTAMINATED,Q073,prose,A,hybrid,0.7,0,0.0,0.0,1,1,0,0,0,0.052083333333333336
OLD80_CONTAMINATED,Q073,prose,A,hybrid,0.8,0,0.0,0.0,1,1,0,0,0,0.052083333333333336
OLD80_CONTAMINATED,Q073,prose,A,dense,0.4,0,0.0,0.0,1,1,0,0,0,0.052083333333333336
OLD80_CONTAMINATED,Q073,prose,A,dense,0.5,0,0.0,0.0,1,1,0,0,0,0.052083333333333336
OLD80_CONTAMINATED,Q073,prose,A,dense,0.6,0,0.0,0.0,1,1,0,0,0,0.052083333333333336
OLD80_CONTAMINATED,Q073,prose,A,dense,0.7,0,0.0,0.0,1,1,0,0,0,0.052083333333333336
OLD80_CONTAMINATED,Q073,prose,A,dense,0.8,0,0.0,0.0,1,1,0,0,0,0.052083333333333336
OLD80_CONTAMINATED,Q073,prose,A,sparse,0.4,0,0.0,0.0,1,1,0,0,0,0.052083333333333336
OLD80_CONTAMINATED,Q073,prose,A,sparse,0.5,0,0.0,0.0,1,1,0,0,0,0.052083333333333336
OLD80_CONTAMINATED,Q073,prose,A,sparse,0.6,0,0.0,0.0,1,1,0,0,0,0.052083333333333336
OLD80_CONTAMINATED,Q073,prose,A,sparse,0.7,0,0.0,0.0,1,1,0,0,0,0.052083333333333336
OLD80_CONTAMINATED,Q073,prose,A,sparse,0.8,0,0.0,0.0,1,1,0,0,0,0.052083333333333336
OLD80_CONTAMINATED,Q073,prose,B,hybrid,0.4,0,0.0,0.0,1,1,0,1,0,0.052083333333333336
OLD80_CONTAMINATED,Q073,prose,B,hybrid,0.5,0,0.0,0.0,1,1,0,1,0,0.052083333333333336
OLD80_CONTAMINATED,Q073,prose,B,hybrid,0.6,0,0.0,0.0,1,1,0,1,0,0.052083333333333336
OLD80_CONTAMINATED,Q073,prose,B,hybrid,0.7,0,0.0,0.0,1,1,0,1,0,0.052083333333333336
OLD80_CONTAMINATED,Q073,prose,B,hybrid,0.8,0,0.0,0.0,0,0,0,1,0,0.052083333333333336
OLD80_CONTAMINATED,Q073,prose,B,dense,0.4,0,0.0,0.0,1,1,0,0,0,0.052083333333333336
OLD80_CONTAMINATED,Q073,prose,B,dense,0.5,0,0.0,0.0,1,1,0,0,0,0.052083333333333336
OLD80_CONTAMINATED,Q073,prose,B,dense,0.6,0,0.0,0.0,1,1,0,0,0,0.052083333333333336
OLD80_CONTAMINATED,Q073,prose,B,dense,0.7,0,0.0,0.0,1,1,0,0,0,0.052083333333333336
OLD80_CONTAMINATED,Q073,prose,B,dense,0.8,0,0.0,0.0,0,0,0,0,0,0.052083333333333336
OLD80_CONTAMINATED,Q073,prose,B,sparse,0.4,0,0.0,0.0,1,1,0,1,0,0.041666666666666664
OLD80_CONTAMINATED,Q073,prose,B,sparse,0.5,0,0.0,0.0,1,1,0,1,0,0.041666666666666664
OLD80_CONTAMINATED,Q073,prose,B,sparse,0.6,0,0.0,0.0,1,1,0,1,0,0.041666666666666664
OLD80_CONTAMINATED,Q073,prose,B,sparse,0.7,0,0.0,0.0,1,1,0,1,0,0.041666666666666664
OLD80_CONTAMINATED,Q073,prose,B,sparse,0.8,0,0.0,0.0,0,0,0,1,0,0.041666666666666664
OLD80_CONTAMINATED,Q074,prose,A,hybrid,0.4,1,1.0,1.0,1,1,1,1,1,1.0
OLD80_CONTAMINATED,Q074,prose,A,hybrid,0.5,1,1.0,1.0,1,1,1,1,1,1.0
OLD80_CONTAMINATED,Q074,prose,A,hybrid,0.6,1,1.0,1.0,1,1,1,1,1,1.0
OLD80_CONTAMINATED,Q074,prose,A,hybrid,0.7,1,1.0,1.0,1,1,1,1,1,1.0
OLD80_CONTAMINATED,Q074,prose,A,hybrid,0.8,1,1.0,1.0,1,1,1,1,1,1.0
OLD80_CONTAMINATED,Q074,prose,A,dense,0.4,1,1.0,1.0,1,1,1,1,1,1.0
OLD80_CONTAMINATED,Q074,prose,A,dense,0.5,1,1.0,1.0,1,1,1,1,1,1.0
OLD80_CONTAMINATED,Q074,prose,A,dense,0.6,1,1.0,1.0,1,1,1,1,1,1.0
OLD80_CONTAMINATED,Q074,prose,A,dense,0.7,1,1.0,1.0,1,1,1,1,1,1.0
OLD80_CONTAMINATED,Q074,prose,A,dense,0.8,1,1.0,1.0,1,1,1,1,1,1.0
OLD80_CONTAMINATED,Q074,prose,A,sparse,0.4,1,1.0,1.0,1,1,1,1,1,1.0
OLD80_CONTAMINATED,Q074,prose,A,sparse,0.5,1,1.0,1.0,1,1,1,1,1,1.0
OLD80_CONTAMINATED,Q074,prose,A,sparse,0.6,1,1.0,1.0,1,1,1,1,1,1.0
OLD80_CONTAMINATED,Q074,prose,A,sparse,0.7,1,1.0,1.0,1,1,1,1,1,1.0
OLD80_CONTAMINATED,Q074,prose,A,sparse,0.8,1,1.0,1.0,1,1,1,1,1,1.0
OLD80_CONTAMINATED,Q074,prose,B,hybrid,0.4,1,1.0,0.8772153153380493,2,1,1,1,1,0.784688995215311
OLD80_CONTAMINATED,Q074,prose,B,hybrid,0.5,1,1.0,1.0,1,1,1,1,1,0.784688995215311
OLD80_CONTAMINATED,Q074,prose,B,hybrid,0.6,1,1.0,1.0,1,1,1,1,1,0.784688995215311
OLD80_CONTAMINATED,Q074,prose,B,hybrid,0.7,1,1.0,1.0,1,1,1,1,1,0.784688995215311
OLD80_CONTAMINATED,Q074,prose,B,hybrid,0.8,0,0.0,0.0,0,0,1,1,0,0.784688995215311
OLD80_CONTAMINATED,Q074,prose,B,dense,0.4,1,1.0,0.6131471927654584,2,1,1,1,1,0.784688995215311
OLD80_CONTAMINATED,Q074,prose,B,dense,0.5,1,1.0,1.0,1,1,1,1,1,0.784688995215311
OLD80_CONTAMINATED,Q074,prose,B,dense,0.6,1,1.0,1.0,1,1,1,1,1,0.784688995215311
OLD80_CONTAMINATED,Q074,prose,B,dense,0.7,1,1.0,1.0,1,1,1,1,1,0.784688995215311
OLD80_CONTAMINATED,Q074,prose,B,dense,0.8,0,0.0,0.0,0,0,0,1,0,0.784688995215311
OLD80_CONTAMINATED,Q074,prose,B,sparse,0.4,1,1.0,0.9197207891481876,2,1,1,1,1,0.784688995215311
OLD80_CONTAMINATED,Q074,prose,B,sparse,0.5,1,1.0,1.0,1,1,1,1,1,0.784688995215311
OLD80_CONTAMINATED,Q074,prose,B,sparse,0.6,1,1.0,1.0,1,1,1,1,1,0.784688995215311
OLD80_CONTAMINATED,Q074,prose,B,sparse,0.7,1,1.0,1.0,1,1,1,1,1,0.784688995215311
OLD80_CONTAMINATED,Q074,prose,B,sparse,0.8,0,0.0,0.0,0,0,1,1,0,0.784688995215311
OLD80_CONTAMINATED,Q075,prose,A,hybrid,0.4,1,1.0,1.0,1,1,1,1,1,1.0
OLD80_CONTAMINATED,Q075,prose,A,hybrid,0.5,1,1.0,1.0,1,1,1,1,1,1.0
OLD80_CONTAMINATED,Q075,prose,A,hybrid,0.6,1,1.0,1.0,1,1,1,1,1,1.0
OLD80_CONTAMINATED,Q075,prose,A,hybrid,0.7,1,1.0,1.0,1,1,1,1,1,1.0
OLD80_CONTAMINATED,Q075,prose,A,hybrid,0.8,1,1.0,1.0,1,1,1,1,1,1.0
OLD80_CONTAMINATED,Q075,prose,A,dense,0.4,1,1.0,1.0,1,1,1,1,1,1.0
OLD80_CONTAMINATED,Q075,prose,A,dense,0.5,1,1.0,1.0,1,1,1,1,1,1.0
OLD80_CONTAMINATED,Q075,prose,A,dense,0.6,1,1.0,1.0,1,1,1,1,1,1.0
OLD80_CONTAMINATED,Q075,prose,A,dense,0.7,1,1.0,1.0,1,1,1,1,1,1.0
OLD80_CONTAMINATED,Q075,prose,A,dense,0.8,1,1.0,1.0,1,1,1,1,1,1.0
OLD80_CONTAMINATED,Q075,prose,A,sparse,0.4,1,1.0,1.0,1,1,1,1,1,1.0
OLD80_CONTAMINATED,Q075,prose,A,sparse,0.5,1,1.0,1.0,1,1,1,1,1,1.0
OLD80_CONTAMINATED,Q075,prose,A,sparse,0.6,1,1.0,1.0,1,1,1,1,1,1.0
OLD80_CONTAMINATED,Q075,prose,A,sparse,0.7,1,1.0,1.0,1,1,1,1,1,1.0
OLD80_CONTAMINATED,Q075,prose,A,sparse,0.8,1,1.0,1.0,1,1,1,1,1,1.0
OLD80_CONTAMINATED,Q075,prose,B,hybrid,0.4,1,1.0,0.8503449055347546,2,1,1,1,1,0.6635514018691588
OLD80_CONTAMINATED,Q075,prose,B,hybrid,0.5,1,1.0,1.0,1,1,1,1,1,0.6635514018691588
OLD80_CONTAMINATED,Q075,prose,B,hybrid,0.6,1,1.0,1.0,1,1,1,1,1,0.6635514018691588
OLD80_CONTAMINATED,Q075,prose,B,hybrid,0.7,0,0.0,0.0,0,0,1,1,0,0.6635514018691588
OLD80_CONTAMINATED,Q075,prose,B,hybrid,0.8,0,0.0,0.0,0,0,1,1,0,0.6635514018691588
OLD80_CONTAMINATED,Q075,prose,B,dense,0.4,1,1.0,0.8772153153380493,2,1,1,1,1,0.6635514018691588
OLD80_CONTAMINATED,Q075,prose,B,dense,0.5,1,1.0,1.0,1,1,1,1,1,0.6635514018691588
OLD80_CONTAMINATED,Q075,prose,B,dense,0.6,1,1.0,1.0,1,1,1,1,1,0.6635514018691588
OLD80_CONTAMINATED,Q075,prose,B,dense,0.7,0,0.0,0.0,0,0,1,1,0,0.6635514018691588
OLD80_CONTAMINATED,Q075,prose,B,dense,0.8,0,0.0,0.0,0,0,1,1,0,0.6635514018691588
OLD80_CONTAMINATED,Q075,prose,B,sparse,0.4,1,1.0,0.8503449055347546,2,1,1,1,1,0.6635514018691588
OLD80_CONTAMINATED,Q075,prose,B,sparse,0.5,1,1.0,1.0,1,1,1,1,1,0.6635514018691588
OLD80_CONTAMINATED,Q075,prose,B,sparse,0.6,1,1.0,1.0,1,1,1,1,1,0.6635514018691588
OLD80_CONTAMINATED,Q075,prose,B,sparse,0.7,0,0.0,0.0,0,0,1,1,0,0.6635514018691588
OLD80_CONTAMINATED,Q075,prose,B,sparse,0.8,0,0.0,0.0,0,0,1,1,0,0.6635514018691588
OLD80_CONTAMINATED,Q076,prose,A,hybrid,0.4,1,1.0,1.0,1,1,1,1,1,1.0
OLD80_CONTAMINATED,Q076,prose,A,hybrid,0.5,1,1.0,1.0,1,1,1,1,1,1.0
OLD80_CONTAMINATED,Q076,prose,A,hybrid,0.6,1,1.0,1.0,1,1,1,1,1,1.0
OLD80_CONTAMINATED,Q076,prose,A,hybrid,0.7,1,1.0,1.0,1,1,1,1,1,1.0
OLD80_CONTAMINATED,Q076,prose,A,hybrid,0.8,1,1.0,1.0,1,1,1,1,1,1.0
OLD80_CONTAMINATED,Q076,prose,A,dense,0.4,1,1.0,1.0,1,1,1,1,1,1.0
OLD80_CONTAMINATED,Q076,prose,A,dense,0.5,1,1.0,1.0,1,1,1,1,1,1.0
OLD80_CONTAMINATED,Q076,prose,A,dense,0.6,1,1.0,1.0,1,1,1,1,1,1.0
OLD80_CONTAMINATED,Q076,prose,A,dense,0.7,1,1.0,1.0,1,1,1,1,1,1.0
OLD80_CONTAMINATED,Q076,prose,A,dense,0.8,1,1.0,1.0,1,1,1,1,1,1.0
OLD80_CONTAMINATED,Q076,prose,A,sparse,0.4,1,1.0,1.0,1,1,1,1,1,1.0
OLD80_CONTAMINATED,Q076,prose,A,sparse,0.5,1,1.0,1.0,1,1,1,1,1,1.0
OLD80_CONTAMINATED,Q076,prose,A,sparse,0.6,1,1.0,1.0,1,1,1,1,1,1.0
OLD80_CONTAMINATED,Q076,prose,A,sparse,0.7,1,1.0,1.0,1,1,1,1,1,1.0
OLD80_CONTAMINATED,Q076,prose,A,sparse,0.8,1,1.0,1.0,1,1,1,1,1,1.0
OLD80_CONTAMINATED,Q076,prose,B,hybrid,0.4,1,1.0,1.0,1,1,1,1,1,0.9294117647058824
OLD80_CONTAMINATED,Q076,prose,B,hybrid,0.5,1,1.0,1.0,1,1,1,1,1,0.9294117647058824
OLD80_CONTAMINATED,Q076,prose,B,hybrid,0.6,1,1.0,1.0,1,1,1,1,1,0.9294117647058824
OLD80_CONTAMINATED,Q076,prose,B,hybrid,0.7,1,1.0,1.0,1,1,1,1,1,0.9294117647058824
OLD80_CONTAMINATED,Q076,prose,B,hybrid,0.8,1,1.0,1.0,1,1,1,1,1,0.9294117647058824
OLD80_CONTAMINATED,Q076,prose,B,dense,0.4,1,1.0,1.0,1,1,1,1,1,0.9294117647058824
OLD80_CONTAMINATED,Q076,prose,B,dense,0.5,1,1.0,1.0,1,1,1,1,1,0.9294117647058824
OLD80_CONTAMINATED,Q076,prose,B,dense,0.6,1,1.0,1.0,1,1,1,1,1,0.9294117647058824
OLD80_CONTAMINATED,Q076,prose,B,dense,0.7,1,1.0,1.0,1,1,1,1,1,0.9294117647058824
OLD80_CONTAMINATED,Q076,prose,B,dense,0.8,1,1.0,1.0,1,1,1,1,1,0.9294117647058824
OLD80_CONTAMINATED,Q076,prose,B,sparse,0.4,1,1.0,1.0,1,1,1,1,1,0.9294117647058824
OLD80_CONTAMINATED,Q076,prose,B,sparse,0.5,1,1.0,1.0,1,1,1,1,1,0.9294117647058824
OLD80_CONTAMINATED,Q076,prose,B,sparse,0.6,1,1.0,1.0,1,1,1,1,1,0.9294117647058824
OLD80_CONTAMINATED,Q076,prose,B,sparse,0.7,1,1.0,1.0,1,1,1,1,1,0.9294117647058824
OLD80_CONTAMINATED,Q076,prose,B,sparse,0.8,1,1.0,1.0,1,1,1,1,1,0.9294117647058824
OLD80_CONTAMINATED,Q077,prose,A,hybrid,0.4,1,1.0,1.0,1,1,1,1,1,1.0
OLD80_CONTAMINATED,Q077,prose,A,hybrid,0.5,1,1.0,1.0,1,1,1,1,1,1.0
OLD80_CONTAMINATED,Q077,prose,A,hybrid,0.6,1,1.0,1.0,1,1,1,1,1,1.0
OLD80_CONTAMINATED,Q077,prose,A,hybrid,0.7,1,1.0,1.0,1,1,1,1,1,1.0
OLD80_CONTAMINATED,Q077,prose,A,hybrid,0.8,1,1.0,1.0,1,1,1,1,1,1.0
OLD80_CONTAMINATED,Q077,prose,A,dense,0.4,1,1.0,1.0,1,1,1,1,1,1.0
OLD80_CONTAMINATED,Q077,prose,A,dense,0.5,1,1.0,1.0,1,1,1,1,1,1.0
OLD80_CONTAMINATED,Q077,prose,A,dense,0.6,1,1.0,1.0,1,1,1,1,1,1.0
OLD80_CONTAMINATED,Q077,prose,A,dense,0.7,1,1.0,1.0,1,1,1,1,1,1.0
OLD80_CONTAMINATED,Q077,prose,A,dense,0.8,1,1.0,1.0,1,1,1,1,1,1.0
OLD80_CONTAMINATED,Q077,prose,A,sparse,0.4,1,1.0,1.0,1,1,1,1,1,1.0
OLD80_CONTAMINATED,Q077,prose,A,sparse,0.5,1,1.0,1.0,1,1,1,1,1,1.0
OLD80_CONTAMINATED,Q077,prose,A,sparse,0.6,1,1.0,1.0,1,1,1,1,1,1.0
OLD80_CONTAMINATED,Q077,prose,A,sparse,0.7,1,1.0,1.0,1,1,1,1,1,1.0
OLD80_CONTAMINATED,Q077,prose,A,sparse,0.8,1,1.0,1.0,1,1,1,1,1,1.0
OLD80_CONTAMINATED,Q077,prose,B,hybrid,0.4,1,1.0,1.0,2,1,1,1,1,0.6469135802469136
OLD80_CONTAMINATED,Q077,prose,B,hybrid,0.5,1,1.0,1.0,1,1,1,1,1,0.6469135802469136
OLD80_CONTAMINATED,Q077,prose,B,hybrid,0.6,1,1.0,1.0,1,1,1,1,1,0.6469135802469136
OLD80_CONTAMINATED,Q077,prose,B,hybrid,0.7,0,0.0,0.0,0,0,1,1,0,0.6469135802469136
OLD80_CONTAMINATED,Q077,prose,B,hybrid,0.8,0,0.0,0.0,0,0,1,1,0,0.6469135802469136
OLD80_CONTAMINATED,Q077,prose,B,dense,0.4,1,1.0,1.0,2,1,1,1,1,0.6469135802469136
OLD80_CONTAMINATED,Q077,prose,B,dense,0.5,1,1.0,1.0,1,1,1,1,1,0.6469135802469136
OLD80_CONTAMINATED,Q077,prose,B,dense,0.6,1,1.0,1.0,1,1,1,1,1,0.6469135802469136
OLD80_CONTAMINATED,Q077,prose,B,dense,0.7,0,0.0,0.0,0,0,1,1,0,0.6469135802469136
OLD80_CONTAMINATED,Q077,prose,B,dense,0.8,0,0.0,0.0,0,0,1,1,0,0.6469135802469136
OLD80_CONTAMINATED,Q077,prose,B,sparse,0.4,0,0.0,0.0,2,1,0,0,0,0.04691358024691358
OLD80_CONTAMINATED,Q077,prose,B,sparse,0.5,0,0.0,0.0,1,1,0,0,0,0.04691358024691358
OLD80_CONTAMINATED,Q077,prose,B,sparse,0.6,0,0.0,0.0,1,1,0,0,0,0.04691358024691358
OLD80_CONTAMINATED,Q077,prose,B,sparse,0.7,0,0.0,0.0,0,0,0,0,0,0.04691358024691358
OLD80_CONTAMINATED,Q077,prose,B,sparse,0.8,0,0.0,0.0,0,0,0,0,0,0.04691358024691358
OLD80_CONTAMINATED,Q078,prose,A,hybrid,0.4,1,1.0,1.0,1,1,1,1,1,1.0
OLD80_CONTAMINATED,Q078,prose,A,hybrid,0.5,1,1.0,1.0,1,1,1,1,1,1.0
OLD80_CONTAMINATED,Q078,prose,A,hybrid,0.6,1,1.0,1.0,1,1,1,1,1,1.0
OLD80_CONTAMINATED,Q078,prose,A,hybrid,0.7,1,1.0,1.0,1,1,1,1,1,1.0
OLD80_CONTAMINATED,Q078,prose,A,hybrid,0.8,1,1.0,1.0,1,1,1,1,1,1.0
OLD80_CONTAMINATED,Q078,prose,A,dense,0.4,1,1.0,1.0,1,1,1,1,1,1.0
OLD80_CONTAMINATED,Q078,prose,A,dense,0.5,1,1.0,1.0,1,1,1,1,1,1.0
OLD80_CONTAMINATED,Q078,prose,A,dense,0.6,1,1.0,1.0,1,1,1,1,1,1.0
OLD80_CONTAMINATED,Q078,prose,A,dense,0.7,1,1.0,1.0,1,1,1,1,1,1.0
OLD80_CONTAMINATED,Q078,prose,A,dense,0.8,1,1.0,1.0,1,1,1,1,1,1.0
OLD80_CONTAMINATED,Q078,prose,A,sparse,0.4,1,1.0,1.0,1,1,1,1,1,1.0
OLD80_CONTAMINATED,Q078,prose,A,sparse,0.5,1,1.0,1.0,1,1,1,1,1,1.0
OLD80_CONTAMINATED,Q078,prose,A,sparse,0.6,1,1.0,1.0,1,1,1,1,1,1.0
OLD80_CONTAMINATED,Q078,prose,A,sparse,0.7,1,1.0,1.0,1,1,1,1,1,1.0
OLD80_CONTAMINATED,Q078,prose,A,sparse,0.8,1,1.0,1.0,1,1,1,1,1,1.0
OLD80_CONTAMINATED,Q078,prose,B,hybrid,0.4,1,1.0,1.0,1,1,1,1,1,0.7910447761194029
OLD80_CONTAMINATED,Q078,prose,B,hybrid,0.5,1,1.0,1.0,1,1,1,1,1,0.7910447761194029
OLD80_CONTAMINATED,Q078,prose,B,hybrid,0.6,1,1.0,1.0,1,1,1,1,1,0.7910447761194029
OLD80_CONTAMINATED,Q078,prose,B,hybrid,0.7,1,1.0,1.0,1,1,1,1,1,0.7910447761194029
OLD80_CONTAMINATED,Q078,prose,B,hybrid,0.8,0,0.0,0.0,0,0,1,1,0,0.7910447761194029
OLD80_CONTAMINATED,Q078,prose,B,dense,0.4,1,1.0,1.0,1,1,1,1,1,0.7910447761194029
OLD80_CONTAMINATED,Q078,prose,B,dense,0.5,1,1.0,1.0,1,1,1,1,1,0.7910447761194029
OLD80_CONTAMINATED,Q078,prose,B,dense,0.6,1,1.0,1.0,1,1,1,1,1,0.7910447761194029
OLD80_CONTAMINATED,Q078,prose,B,dense,0.7,1,1.0,1.0,1,1,1,1,1,0.7910447761194029
OLD80_CONTAMINATED,Q078,prose,B,dense,0.8,0,0.0,0.0,0,0,1,1,0,0.7910447761194029
OLD80_CONTAMINATED,Q078,prose,B,sparse,0.4,1,1.0,1.0,1,1,1,1,1,0.7910447761194029
OLD80_CONTAMINATED,Q078,prose,B,sparse,0.5,1,1.0,1.0,1,1,1,1,1,0.7910447761194029
OLD80_CONTAMINATED,Q078,prose,B,sparse,0.6,1,1.0,1.0,1,1,1,1,1,0.7910447761194029
OLD80_CONTAMINATED,Q078,prose,B,sparse,0.7,1,1.0,1.0,1,1,1,1,1,0.7910447761194029
OLD80_CONTAMINATED,Q078,prose,B,sparse,0.8,0,0.0,0.0,0,0,1,1,0,0.7910447761194029
OLD80_CONTAMINATED,Q079,prose,A,hybrid,0.4,1,1.0,1.0,1,1,1,1,1,1.0
OLD80_CONTAMINATED,Q079,prose,A,hybrid,0.5,1,1.0,1.0,1,1,1,1,1,1.0
OLD80_CONTAMINATED,Q079,prose,A,hybrid,0.6,1,1.0,1.0,1,1,1,1,1,1.0
OLD80_CONTAMINATED,Q079,prose,A,hybrid,0.7,1,1.0,1.0,1,1,1,1,1,1.0
OLD80_CONTAMINATED,Q079,prose,A,hybrid,0.8,1,1.0,1.0,1,1,1,1,1,1.0
OLD80_CONTAMINATED,Q079,prose,A,dense,0.4,1,1.0,1.0,1,1,1,1,1,1.0
OLD80_CONTAMINATED,Q079,prose,A,dense,0.5,1,1.0,1.0,1,1,1,1,1,1.0
OLD80_CONTAMINATED,Q079,prose,A,dense,0.6,1,1.0,1.0,1,1,1,1,1,1.0
OLD80_CONTAMINATED,Q079,prose,A,dense,0.7,1,1.0,1.0,1,1,1,1,1,1.0
OLD80_CONTAMINATED,Q079,prose,A,dense,0.8,1,1.0,1.0,1,1,1,1,1,1.0
OLD80_CONTAMINATED,Q079,prose,A,sparse,0.4,1,1.0,1.0,1,1,1,1,1,1.0
OLD80_CONTAMINATED,Q079,prose,A,sparse,0.5,1,1.0,1.0,1,1,1,1,1,1.0
OLD80_CONTAMINATED,Q079,prose,A,sparse,0.6,1,1.0,1.0,1,1,1,1,1,1.0
OLD80_CONTAMINATED,Q079,prose,A,sparse,0.7,1,1.0,1.0,1,1,1,1,1,1.0
OLD80_CONTAMINATED,Q079,prose,A,sparse,0.8,1,1.0,1.0,1,1,1,1,1,1.0
OLD80_CONTAMINATED,Q079,prose,B,hybrid,0.4,1,0.1111111111111111,0.3010299956639812,1,1,1,1,9,0.8267045454545454
OLD80_CONTAMINATED,Q079,prose,B,hybrid,0.5,1,0.1111111111111111,0.3010299956639812,1,1,1,1,9,0.8267045454545454
OLD80_CONTAMINATED,Q079,prose,B,hybrid,0.6,1,0.1111111111111111,0.3010299956639812,1,1,1,1,9,0.8267045454545454
OLD80_CONTAMINATED,Q079,prose,B,hybrid,0.7,1,0.1111111111111111,0.3010299956639812,1,1,1,1,9,0.8267045454545454
OLD80_CONTAMINATED,Q079,prose,B,hybrid,0.8,1,0.1111111111111111,0.3010299956639812,1,1,1,1,9,0.8267045454545454
OLD80_CONTAMINATED,Q079,prose,B,dense,0.4,1,0.125,0.31546487678572877,1,1,1,1,8,0.8267045454545454
OLD80_CONTAMINATED,Q079,prose,B,dense,0.5,1,0.125,0.31546487678572877,1,1,1,1,8,0.8267045454545454
OLD80_CONTAMINATED,Q079,prose,B,dense,0.6,1,0.125,0.31546487678572877,1,1,1,1,8,0.8267045454545454
OLD80_CONTAMINATED,Q079,prose,B,dense,0.7,1,0.125,0.31546487678572877,1,1,1,1,8,0.8267045454545454
OLD80_CONTAMINATED,Q079,prose,B,dense,0.8,1,0.125,0.31546487678572877,1,1,1,1,8,0.8267045454545454
OLD80_CONTAMINATED,Q079,prose,B,sparse,0.4,0,0.0,0.0,1,1,0,1,0,0.2585227272727273
OLD80_CONTAMINATED,Q079,prose,B,sparse,0.5,0,0.0,0.0,1,1,0,1,0,0.2585227272727273
OLD80_CONTAMINATED,Q079,prose,B,sparse,0.6,0,0.0,0.0,1,1,0,1,0,0.2585227272727273
OLD80_CONTAMINATED,Q079,prose,B,sparse,0.7,0,0.0,0.0,1,1,0,1,0,0.2585227272727273
OLD80_CONTAMINATED,Q079,prose,B,sparse,0.8,0,0.0,0.0,1,1,0,1,0,0.2585227272727273
OLD80_CONTAMINATED,Q080,prose,A,hybrid,0.4,1,1.0,1.0,1,1,1,1,1,1.0
OLD80_CONTAMINATED,Q080,prose,A,hybrid,0.5,1,1.0,1.0,1,1,1,1,1,1.0
OLD80_CONTAMINATED,Q080,prose,A,hybrid,0.6,1,1.0,1.0,1,1,1,1,1,1.0
OLD80_CONTAMINATED,Q080,prose,A,hybrid,0.7,1,1.0,1.0,1,1,1,1,1,1.0
OLD80_CONTAMINATED,Q080,prose,A,hybrid,0.8,1,1.0,1.0,1,1,1,1,1,1.0
OLD80_CONTAMINATED,Q080,prose,A,dense,0.4,1,1.0,1.0,1,1,1,1,1,1.0
OLD80_CONTAMINATED,Q080,prose,A,dense,0.5,1,1.0,1.0,1,1,1,1,1,1.0
OLD80_CONTAMINATED,Q080,prose,A,dense,0.6,1,1.0,1.0,1,1,1,1,1,1.0
OLD80_CONTAMINATED,Q080,prose,A,dense,0.7,1,1.0,1.0,1,1,1,1,1,1.0
OLD80_CONTAMINATED,Q080,prose,A,dense,0.8,1,1.0,1.0,1,1,1,1,1,1.0
OLD80_CONTAMINATED,Q080,prose,A,sparse,0.4,1,1.0,1.0,1,1,1,1,1,1.0
OLD80_CONTAMINATED,Q080,prose,A,sparse,0.5,1,1.0,1.0,1,1,1,1,1,1.0
OLD80_CONTAMINATED,Q080,prose,A,sparse,0.6,1,1.0,1.0,1,1,1,1,1,1.0
OLD80_CONTAMINATED,Q080,prose,A,sparse,0.7,1,1.0,1.0,1,1,1,1,1,1.0
OLD80_CONTAMINATED,Q080,prose,A,sparse,0.8,1,1.0,1.0,1,1,1,1,1,1.0
OLD80_CONTAMINATED,Q080,prose,B,hybrid,0.4,1,1.0,1.0,1,1,1,1,1,1.0
OLD80_CONTAMINATED,Q080,prose,B,hybrid,0.5,1,1.0,1.0,1,1,1,1,1,1.0
OLD80_CONTAMINATED,Q080,prose,B,hybrid,0.6,1,1.0,1.0,1,1,1,1,1,1.0
OLD80_CONTAMINATED,Q080,prose,B,hybrid,0.7,1,1.0,1.0,1,1,1,1,1,1.0
OLD80_CONTAMINATED,Q080,prose,B,hybrid,0.8,1,1.0,1.0,1,1,1,1,1,1.0
OLD80_CONTAMINATED,Q080,prose,B,dense,0.4,1,1.0,1.0,1,1,1,1,1,1.0
OLD80_CONTAMINATED,Q080,prose,B,dense,0.5,1,1.0,1.0,1,1,1,1,1,1.0
OLD80_CONTAMINATED,Q080,prose,B,dense,0.6,1,1.0,1.0,1,1,1,1,1,1.0
OLD80_CONTAMINATED,Q080,prose,B,dense,0.7,1,1.0,1.0,1,1,1,1,1,1.0
OLD80_CONTAMINATED,Q080,prose,B,dense,0.8,1,1.0,1.0,1,1,1,1,1,1.0
OLD80_CONTAMINATED,Q080,prose,B,sparse,0.4,1,1.0,1.0,1,1,1,1,1,1.0
OLD80_CONTAMINATED,Q080,prose,B,sparse,0.5,1,1.0,1.0,1,1,1,1,1,1.0
OLD80_CONTAMINATED,Q080,prose,B,sparse,0.6,1,1.0,1.0,1,1,1,1,1,1.0
OLD80_CONTAMINATED,Q080,prose,B,sparse,0.7,1,1.0,1.0,1,1,1,1,1,1.0
OLD80_CONTAMINATED,Q080,prose,B,sparse,0.8,1,1.0,1.0,1,1,1,1,1,1.0
